Sequence,Prediction,Confidence
1,Normal,0.9686571955680847
2,Normal,0.9672332406044006
3,Normal,0.9666008949279785
4,Normal,0.9663031101226807
5,Normal,0.9662680625915527
6,Normal,0.9649544954299927
7,Normal,0.9646090865135193
8,Normal,0.9644115567207336
9,Normal,0.9643948078155518
10,Normal,0.9648501873016357
11,Normal,0.9652364253997803
12,Normal,0.9654951691627502
13,Normal,0.9653470516204834
14,Normal,0.9657572507858276
15,Normal,0.96571946144104
16,Normal,0.9666833877563477
17,Normal,0.9664948582649231
18,Normal,0.9656323790550232
19,Normal,0.9650157690048218
20,Normal,0.9653136134147644
21,Normal,0.9641708135604858
22,Normal,0.962968111038208
23,Normal,0.9624238014221191
24,Normal,0.961818277835846
25,Normal,0.9622087478637695
26,Normal,0.9622707962989807
27,Normal,0.9623818397521973
28,Normal,0.9624982476234436
29,Normal,0.9632391333580017
30,Normal,0.9634745717048645
31,Normal,0.9634422659873962
32,Normal,0.9621684551239014
33,Normal,0.9628100991249084
34,Normal,0.9609886407852173
35,Normal,0.9614502191543579
36,Normal,0.9600269794464111
37,Normal,0.9574165344238281
38,Normal,0.9602274894714355
39,Normal,0.9616573452949524
40,Normal,0.9622310400009155
41,Normal,0.9619900584220886
42,Normal,0.958834171295166
43,Normal,0.9622533321380615
44,Normal,0.9635041356086731
45,Normal,0.9633665680885315
46,Normal,0.9623915553092957
47,Normal,0.9643392562866211
48,Normal,0.9643595814704895
49,Normal,0.9648520350456238
50,Normal,0.9652397632598877
51,Normal,0.9636904001235962
52,Normal,0.9635746479034424
53,Normal,0.9627305269241333
54,Normal,0.9650459885597229
55,Normal,0.9658300876617432
56,Normal,0.9646894931793213
57,Normal,0.9655436873435974
58,Normal,0.9660002589225769
59,Normal,0.9641612768173218
60,Normal,0.9653345942497253
61,Normal,0.9651181101799011
62,Normal,0.963735044002533
63,Normal,0.964080810546875
64,Normal,0.9641967415809631
65,Normal,0.9641982913017273
66,Normal,0.9643348455429077
67,Normal,0.9645246863365173
68,Normal,0.9642947316169739
69,Normal,0.963905930519104
70,Normal,0.9649282693862915
71,Normal,0.9627755880355835
72,Normal,0.9625091552734375
73,Normal,0.9609039425849915
74,Normal,0.9612101912498474
75,Normal,0.9644976258277893
76,Normal,0.9642605781555176
77,Normal,0.9643769860267639
78,Normal,0.9638907313346863
79,Normal,0.9609003067016602
80,Normal,0.9644076824188232
81,Normal,0.9641708135604858
82,Normal,0.9641837477684021
83,Normal,0.9620627760887146
84,Normal,0.9635279178619385
85,Normal,0.9637050032615662
86,Normal,0.9638254046440125
87,Normal,0.9631439447402954
88,Normal,0.9624480605125427
89,Normal,0.9619426131248474
90,Normal,0.9600093960762024
91,Normal,0.9635211825370789
92,Normal,0.9631420373916626
93,Normal,0.9627813696861267
94,Normal,0.9635219573974609
95,Normal,0.9636114835739136
96,Normal,0.9608539938926697
97,Normal,0.9629753232002258
98,Normal,0.9630081653594971
99,Normal,0.9609628319740295
100,Normal,0.9600749611854553
101,Normal,0.9602769613265991
102,Normal,0.9603598713874817
103,Normal,0.9605497717857361
104,Normal,0.9618558287620544
105,Normal,0.9613493084907532
106,Normal,0.9612817764282227
107,Normal,0.9609925746917725
108,Normal,0.9608622193336487
109,Normal,0.9607890844345093
110,Normal,0.9609884023666382
111,Normal,0.9603191614151001
112,Normal,0.9609837532043457
113,Normal,0.9612210988998413
114,Normal,0.9603137969970703
115,Normal,0.961111843585968
116,Normal,0.9605068564414978
117,Normal,0.9605397582054138
118,Normal,0.9607552886009216
119,Normal,0.9601046442985535
120,Normal,0.9602470993995667
121,Normal,0.9595270752906799
122,Normal,0.9598891735076904
123,Normal,0.9600837826728821
124,Normal,0.961384117603302
125,Normal,0.961081326007843
126,Normal,0.9607698917388916
127,Normal,0.9598797559738159
128,Normal,0.9605041146278381
129,Normal,0.9599654078483582
130,Normal,0.9604810476303101
131,Normal,0.9607987403869629
132,Normal,0.9604224562644958
133,Normal,0.9605221748352051
134,Normal,0.9604479670524597
135,Normal,0.9599531292915344
136,Normal,0.9602097272872925
137,Normal,0.9589299559593201
138,Normal,0.9591680765151978
139,Normal,0.9594956040382385
140,Normal,0.9595592617988586
141,Normal,0.9611191749572754
142,Normal,0.9605368971824646
143,Normal,0.9606438279151917
144,Normal,0.9603631496429443
145,Normal,0.9606651663780212
146,Normal,0.9604991674423218
147,Normal,0.9599866271018982
148,Normal,0.9605370163917542
149,Normal,0.9606336951255798
150,Normal,0.9597284197807312
151,Normal,0.960733950138092
152,Normal,0.9599789381027222
153,Normal,0.9604266285896301
154,Normal,0.9601323008537292
155,Normal,0.9594787955284119
156,Normal,0.9598489999771118
157,Normal,0.9586283564567566
158,Normal,0.9589655995368958
159,Normal,0.9595060348510742
160,Normal,0.9610413312911987
161,Normal,0.9597446918487549
162,Normal,0.9603992104530334
163,Normal,0.9599120616912842
164,Normal,0.9605440497398376
165,Normal,0.9596041440963745
166,Normal,0.9598148465156555
167,Normal,0.9601737856864929
168,Normal,0.9599824547767639
169,Normal,0.9603456854820251
170,Normal,0.9601313471794128
171,Normal,0.9593508839607239
172,Normal,0.9596739411354065
173,Normal,0.9585616588592529
174,Normal,0.9587535262107849
175,Normal,0.9591628313064575
176,Normal,0.9594225883483887
177,Normal,0.96103835105896
178,Normal,0.9604130983352661
179,Normal,0.9608393311500549
180,Normal,0.9601653218269348
181,Normal,0.9603652358055115
182,Normal,0.9597400426864624
183,Normal,0.9595980048179626
184,Normal,0.9609196782112122
185,Normal,0.9603351354598999
186,Normal,0.9599132537841797
187,Normal,0.9599074125289917
188,Normal,0.9603774547576904
189,Normal,0.9599368572235107
190,Normal,0.9600778222084045
191,Normal,0.9592406153678894
192,Normal,0.9596951603889465
193,Normal,0.9585645198822021
194,Normal,0.9588778614997864
195,Normal,0.9594635367393494
196,Normal,0.9612111449241638
197,Normal,0.9603205919265747
198,Normal,0.9599183201789856
199,Normal,0.9604026079177856
200,Normal,0.9598840475082397
201,Normal,0.9607883095741272
202,Normal,0.9599959850311279
203,Normal,0.9597980380058289
204,Normal,0.9612342715263367
205,Normal,0.9601234197616577
206,Normal,0.960182785987854
207,Normal,0.9605752825737
208,Normal,0.9607058763504028
209,Normal,0.9601666331291199
210,Normal,0.9593316316604614
211,Normal,0.9598575830459595
212,Normal,0.958389401435852
213,Normal,0.9587060809135437
214,Normal,0.9595178961753845
215,Normal,0.9611883759498596
216,Normal,0.9601269364356995
217,Normal,0.9605265855789185
218,Normal,0.961030125617981
219,Normal,0.9602886438369751
220,Normal,0.960345983505249
221,Normal,0.9603195190429688
222,Normal,0.9602415561676025
223,Normal,0.960922122001648
224,Normal,0.9602126479148865
225,Normal,0.9594405889511108
226,Normal,0.9593833088874817
227,Normal,0.9604254961013794
228,Normal,0.9600419998168945
229,Normal,0.9602203369140625
230,Normal,0.9593722224235535
231,Normal,0.9598541855812073
232,Normal,0.9586040377616882
233,Normal,0.9588524699211121
234,Normal,0.9595435261726379
235,Normal,0.9614323973655701
236,Normal,0.9603903293609619
237,Normal,0.9603703022003174
238,Normal,0.9603021740913391
239,Normal,0.9599630236625671
240,Normal,0.9599215984344482
241,Normal,0.9598110914230347
242,Normal,0.960929274559021
243,Normal,0.9601632356643677
244,Normal,0.9607460498809814
245,Normal,0.960196852684021
246,Normal,0.9594573974609375
247,Normal,0.9600193500518799
248,Normal,0.9584141373634338
249,Normal,0.9586431384086609
250,Normal,0.9593251943588257
251,Normal,0.9596878886222839
252,Normal,0.9613264799118042
253,Normal,0.961782693862915
254,Normal,0.9607307314872742
255,Normal,0.9616563320159912
256,Normal,0.960486114025116
257,Normal,0.960602879524231
258,Normal,0.9604922533035278
259,Normal,0.9605957269668579
260,Normal,0.9602576494216919
261,Normal,0.9599786996841431
262,Normal,0.9599274396896362
263,Normal,0.9596379399299622
264,Normal,0.9606195092201233
265,Normal,0.9599285125732422
266,Normal,0.9601231813430786
267,Normal,0.9593715667724609
268,Normal,0.9598396420478821
269,Normal,0.9585387706756592
270,Normal,0.9589956402778625
271,Normal,0.959564208984375
272,Normal,0.9611145853996277
273,Normal,0.9600241780281067
274,Normal,0.9602307081222534
275,Normal,0.9602106809616089
276,Normal,0.9595470428466797
277,Normal,0.9594447612762451
278,Normal,0.959321916103363
279,Normal,0.9598126411437988
280,Normal,0.9598585367202759
281,Normal,0.9605002999305725
282,Normal,0.9600238800048828
283,Normal,0.9593049883842468
284,Normal,0.9598483443260193
285,Normal,0.9583069682121277
286,Normal,0.9583985805511475
287,Normal,0.9592089056968689
288,Normal,0.9595381617546082
289,Normal,0.9610509276390076
290,Normal,0.9603167772293091
291,Normal,0.9606904983520508
292,Normal,0.9616755247116089
293,Normal,0.9603744745254517
294,Normal,0.9603787660598755
295,Normal,0.9606522917747498
296,Normal,0.9605225920677185
297,Normal,0.9601154923439026
298,Normal,0.959409773349762
299,Normal,0.9597336649894714
300,Normal,0.9596828818321228
301,Normal,0.9606637358665466
302,Normal,0.9597890377044678
303,Normal,0.9599205255508423
304,Normal,0.9593095779418945
305,Normal,0.959888756275177
306,Normal,0.9584198594093323
307,Normal,0.9587791562080383
308,Normal,0.9595468640327454
309,Normal,0.961150586605072
310,Normal,0.9604974389076233
311,Normal,0.9602601528167725
312,Normal,0.9603721499443054
313,Normal,0.9600038528442383
314,Normal,0.959540605545044
315,Normal,0.9594696760177612
316,Normal,0.9598057270050049
317,Normal,0.9599949717521667
318,Normal,0.9607055187225342
319,Normal,0.9601024389266968
320,Normal,0.9594432711601257
321,Normal,0.9599695205688477
322,Normal,0.9583031535148621
323,Normal,0.9584743976593018
324,Normal,0.9592215418815613
325,Normal,0.9595518112182617
326,Normal,0.9610338807106018
327,Normal,0.9604955315589905
328,Normal,0.9617406725883484
329,Normal,0.9602341055870056
330,Normal,0.9603301882743835
331,Normal,0.9604041576385498
332,Normal,0.9605281352996826
333,Normal,0.9604908227920532
334,Normal,0.9595222473144531
335,Normal,0.9593380093574524
336,Normal,0.9595727324485779
337,Normal,0.9607629776000977
338,Normal,0.9599992632865906
339,Normal,0.9600368142127991
340,Normal,0.9592737555503845
341,Normal,0.9598231911659241
342,Normal,0.9584031701087952
343,Normal,0.9586143493652344
344,Normal,0.9594565033912659
345,Normal,0.9611693024635315
346,Normal,0.9589389562606812
347,Normal,0.9600486159324646
348,Normal,0.9603451490402222
349,Normal,0.9603362083435059
350,Normal,0.9597811102867126
351,Normal,0.9592830538749695
352,Normal,0.9602012634277344
353,Normal,0.9601808786392212
354,Normal,0.9606020450592041
355,Normal,0.9602998495101929
356,Normal,0.9594354629516602
357,Normal,0.95977783203125
358,Normal,0.9583061933517456
359,Normal,0.9582826495170593
360,Normal,0.9589187502861023
361,Normal,0.9597681760787964
362,Normal,0.9616374969482422
363,Normal,0.9607115983963013
364,Normal,0.9620665907859802
365,Normal,0.9604042768478394
366,Normal,0.960392415523529
367,Normal,0.9612260460853577
368,Normal,0.9607834219932556
369,Normal,0.9604383707046509
370,Normal,0.9601041078567505
371,Normal,0.9600000381469727
372,Normal,0.9599024653434753
373,Normal,0.9610068798065186
374,Normal,0.9601626396179199
375,Normal,0.9601210355758667
376,Normal,0.9592872262001038
377,Normal,0.9599742293357849
378,Normal,0.9583609104156494
379,Normal,0.9584569931030273
380,Normal,0.9593253135681152
381,Normal,0.9616917371749878
382,Normal,0.9604275822639465
383,Normal,0.9604236483573914
384,Normal,0.9607048034667969
385,Normal,0.9608041644096375
386,Normal,0.9597582817077637
387,Normal,0.9592399597167969
388,Normal,0.9595547318458557
389,Normal,0.9599618911743164
390,Normal,0.9600168466567993
391,Normal,0.9605125784873962
392,Normal,0.9605220556259155
393,Normal,0.9613442420959473
394,Normal,0.9601306915283203
395,Normal,0.9592751860618591
396,Normal,0.9598749279975891
397,Normal,0.9584154486656189
398,Normal,0.9585413932800293
399,Normal,0.9590489268302917
400,Normal,0.9615969061851501
401,Normal,0.9605885148048401
402,Normal,0.9605636596679688
403,Normal,0.9618363976478577
404,Normal,0.9605311751365662
405,Normal,0.9605737328529358
406,Normal,0.9599884748458862
407,Normal,0.9605803489685059
408,Normal,0.9607943296432495
409,Normal,0.9600258469581604
410,Normal,0.9594310522079468
411,Normal,0.9595099687576294
412,Normal,0.9609747529029846
413,Normal,0.9601528644561768
414,Normal,0.9602648615837097
415,Normal,0.9593077301979065
416,Normal,0.9598428606987
417,Normal,0.9586032629013062
418,Normal,0.9588886499404907
419,Normal,0.9593090415000916
420,Normal,0.9619526267051697
421,Normal,0.9600176215171814
422,Normal,0.9605236053466797
423,Normal,0.960553765296936
424,Normal,0.9601401090621948
425,Normal,0.9600004553794861
426,Normal,0.9594007730484009
427,Normal,0.9605132341384888
428,Normal,0.9604061245918274
429,Normal,0.9606037735939026
430,Normal,0.9602631330490112
431,Normal,0.9593903422355652
432,Normal,0.9598264694213867
433,Normal,0.9584038257598877
434,Normal,0.9583641290664673
435,Normal,0.9590912461280823
436,Normal,0.9598268270492554
437,Normal,0.9616633057594299
438,Normal,0.9622009992599487
439,Normal,0.9608784317970276
440,Normal,0.9621010422706604
441,Normal,0.9604646563529968
442,Normal,0.9608052372932434
443,Normal,0.9607095122337341
444,Normal,0.9607645273208618
445,Normal,0.9608049988746643
446,Normal,0.9597806930541992
447,Normal,0.9596745371818542
448,Normal,0.9598373770713806
449,Normal,0.9613084197044373
450,Normal,0.9601529836654663
451,Normal,0.9602226614952087
452,Normal,0.9594019651412964
453,Normal,0.9598930478096008
454,Normal,0.9584750533103943
455,Normal,0.958756685256958
456,Normal,0.9593397974967957
457,Normal,0.9618853330612183
458,Normal,0.960695207118988
459,Normal,0.9605772495269775
460,Normal,0.9605197310447693
461,Normal,0.9598910808563232
462,Normal,0.9596066474914551
463,Normal,0.9596787691116333
464,Normal,0.9603838324546814
465,Normal,0.9603110551834106
466,Normal,0.960922122001648
467,Normal,0.9602620005607605
468,Normal,0.9594832062721252
469,Normal,0.9599674940109253
470,Normal,0.9583722949028015
471,Normal,0.9584570527076721
472,Normal,0.9590739011764526
473,Normal,0.959821879863739
474,Normal,0.9614248871803284
475,Normal,0.9606184363365173
476,Normal,0.9610635042190552
477,Normal,0.9619542956352234
478,Normal,0.9605526328086853
479,Normal,0.9607146978378296
480,Normal,0.9611117243766785
481,Normal,0.9607990980148315
482,Normal,0.9613512754440308
483,Normal,0.9602230191230774
484,Normal,0.9603348970413208
485,Normal,0.9599776268005371
486,Normal,0.9612820744514465
487,Normal,0.9602220058441162
488,Normal,0.9601374864578247
489,Normal,0.9595175385475159
490,Normal,0.9599425792694092
491,Normal,0.9587002396583557
492,Normal,0.9590493440628052
493,Normal,0.959463894367218
494,Normal,0.9616058468818665
495,Normal,0.9608373641967773
496,Normal,0.9604288339614868
497,Normal,0.9604082703590393
498,Normal,0.9610023498535156
499,Normal,0.9603679180145264
500,Normal,0.9604191184043884
501,Normal,0.961328387260437
502,Normal,0.9605026841163635
503,Normal,0.960789144039154
504,Normal,0.960343062877655
505,Normal,0.9597204923629761
506,Normal,0.9599143266677856
507,Normal,0.9584983587265015
508,Normal,0.9585698843002319
509,Normal,0.9595086574554443
510,Normal,0.9611371755599976
511,Normal,0.9602612257003784
512,Normal,0.9604822397232056
513,Normal,0.9619830846786499
514,Normal,0.9603053331375122
515,Normal,0.9607688188552856
516,Normal,0.9596518874168396
517,Normal,0.9606245756149292
518,Normal,0.9614658951759338
519,Normal,0.9598483443260193
520,Normal,0.9602420330047607
521,Normal,0.9593737721443176
522,Normal,0.9609837532043457
523,Normal,0.960523247718811
524,Normal,0.9602997303009033
525,Normal,0.9593837857246399
526,Normal,0.9598048329353333
527,Normal,0.9586330652236938
528,Normal,0.9586620330810547
529,Normal,0.9596474766731262
530,Normal,0.9613869786262512
531,Normal,0.9591459631919861
532,Normal,0.9605506658554077
533,Normal,0.9605256915092468
534,Normal,0.9601084589958191
535,Normal,0.9602744579315186
536,Normal,0.959975004196167
537,Normal,0.961231529712677
538,Normal,0.9606309533119202
539,Normal,0.9608432054519653
540,Normal,0.9604523181915283
541,Normal,0.9594458937644958
542,Normal,0.9599049091339111
543,Normal,0.9586082100868225
544,Normal,0.9585371613502502
545,Normal,0.9593999981880188
546,Normal,0.960034966468811
547,Normal,0.9618916511535645
548,Normal,0.9607949256896973
549,Normal,0.9623426198959351
550,Normal,0.9602899551391602
551,Normal,0.9607550501823425
552,Normal,0.9601984620094299
553,Normal,0.9607369303703308
554,Normal,0.9605147838592529
555,Normal,0.9599587321281433
556,Normal,0.9597197771072388
557,Normal,0.9595417976379395
558,Normal,0.9609739780426025
559,Normal,0.960480809211731
560,Normal,0.9602868556976318
561,Normal,0.9593247175216675
562,Normal,0.9598987698554993
563,Normal,0.9586344957351685
564,Normal,0.9588271379470825
565,Normal,0.9595759510993958
566,Normal,0.9614181518554688
567,Normal,0.9607203006744385
568,Normal,0.960403323173523
569,Normal,0.9607307314872742
570,Normal,0.9605467915534973
571,Normal,0.9606083035469055
572,Normal,0.9595623016357422
573,Normal,0.9597865343093872
574,Normal,0.9601246118545532
575,Normal,0.9603163003921509
576,Normal,0.9610631465911865
577,Normal,0.9605244994163513
578,Normal,0.9612859487533569
579,Normal,0.9602886438369751
580,Normal,0.9594590663909912
581,Normal,0.9597956538200378
582,Normal,0.9584904909133911
583,Normal,0.9586084485054016
584,Normal,0.9595822691917419
585,Normal,0.9614821672439575
586,Normal,0.9611595273017883
587,Normal,0.9607316255569458
588,Normal,0.9621942043304443
589,Normal,0.9603978991508484
590,Normal,0.960765540599823
591,Normal,0.9603049755096436
592,Normal,0.9605168104171753
593,Normal,0.960224449634552
594,Normal,0.9598415493965149
595,Normal,0.959831953048706
596,Normal,0.9596078991889954
597,Normal,0.9610087871551514
598,Normal,0.9603881239891052
599,Normal,0.9603611826896667
600,Normal,0.9594565033912659
601,Normal,0.9597442150115967
602,Normal,0.9586881995201111
603,Normal,0.9588156342506409
604,Normal,0.9597469568252563
605,Normal,0.961881697177887
606,Normal,0.9605287909507751
607,Normal,0.9606069922447205
608,Normal,0.9605086445808411
609,Normal,0.960148811340332
610,Normal,0.9594477415084839
611,Normal,0.9594079256057739
612,Normal,0.9596633315086365
613,Normal,0.9604706764221191
614,Normal,0.9605452418327332
615,Normal,0.9602765440940857
616,Normal,0.9595730900764465
617,Normal,0.9596996307373047
618,Normal,0.9585175514221191
619,Normal,0.9586458206176758
620,Normal,0.9593486785888672
621,Normal,0.9608175754547119
622,Normal,0.9608834981918335
623,Normal,0.962542712688446
624,Normal,0.9609682559967041
625,Normal,0.9623677134513855
626,Normal,0.9603844881057739
627,Normal,0.9609571099281311
628,Normal,0.9610267281532288
629,Normal,0.9606788158416748
630,Normal,0.9606801271438599
631,Normal,0.959985077381134
632,Normal,0.9601160883903503
633,Normal,0.9594650864601135
634,Normal,0.9610865116119385
635,Normal,0.9603477716445923
636,Normal,0.9602504968643188
637,Normal,0.9595125913619995
638,Normal,0.959821343421936
639,Normal,0.9587189555168152
640,Normal,0.9590392708778381
641,Normal,0.9597024917602539
642,Normal,0.9614583849906921
643,Normal,0.9608970284461975
644,Normal,0.9605893492698669
645,Normal,0.96028071641922
646,Normal,0.9603720903396606
647,Normal,0.9600814580917358
648,Normal,0.9596491456031799
649,Normal,0.9606002569198608
650,Normal,0.9605156779289246
651,Normal,0.9606000185012817
652,Normal,0.9602924585342407
653,Normal,0.959703266620636
654,Normal,0.9597190022468567
655,Normal,0.9585080146789551
656,Normal,0.9585121870040894
657,Normal,0.9594652056694031
658,Normal,0.9605981707572937
659,Normal,0.9608901143074036
660,Normal,0.9606950879096985
661,Normal,0.9610866904258728
662,Normal,0.962319016456604
663,Normal,0.9604503512382507
664,Normal,0.9607762694358826
665,Normal,0.9605259299278259
666,Normal,0.9607827067375183
667,Normal,0.9605962038040161
668,Normal,0.9604772925376892
669,Normal,0.9602786302566528
670,Normal,0.9597480893135071
671,Normal,0.9612666964530945
672,Normal,0.9603340029716492
673,Normal,0.9601944088935852
674,Normal,0.95954829454422
675,Normal,0.9600166082382202
676,Normal,0.9586660861968994
677,Normal,0.9588379859924316
678,Normal,0.9598730802536011
679,Normal,0.9614364504814148
680,Normal,0.9597223997116089
681,Normal,0.9609496593475342
682,Normal,0.9605398774147034
683,Normal,0.960904598236084
684,Normal,0.9601749777793884
685,Normal,0.9593774080276489
686,Normal,0.960321843624115
687,Normal,0.9605485796928406
688,Normal,0.9609269499778748
689,Normal,0.9603202939033508
690,Normal,0.959797739982605
691,Normal,0.959968090057373
692,Normal,0.9585685729980469
693,Normal,0.9585803151130676
694,Normal,0.9595019817352295
695,Normal,0.9616589546203613
696,Normal,0.9606608748435974
697,Normal,0.960616409778595
698,Normal,0.962491512298584
699,Normal,0.9602862000465393
700,Normal,0.9609006643295288
701,Normal,0.9600569605827332
702,Normal,0.9607046842575073
703,Normal,0.9615249633789062
704,Normal,0.9600332975387573
705,Normal,0.9600417613983154
706,Normal,0.9592954516410828
707,Normal,0.960975706577301
708,Normal,0.9607257843017578
709,Normal,0.9604014158248901
710,Normal,0.9596508145332336
711,Normal,0.9598595499992371
712,Normal,0.9587790369987488
713,Normal,0.959028422832489
714,Normal,0.9600297808647156
715,Normal,0.9613444209098816
716,Normal,0.959710419178009
717,Normal,0.9606667160987854
718,Normal,0.9604529142379761
719,Normal,0.9604066014289856
720,Normal,0.9600673913955688
721,Normal,0.9601297974586487
722,Normal,0.961287796497345
723,Normal,0.9608694911003113
724,Normal,0.9607693552970886
725,Normal,0.9605630040168762
726,Normal,0.9597648978233337
727,Normal,0.959790050983429
728,Normal,0.9585837721824646
729,Normal,0.958526611328125
730,Normal,0.959679901599884
731,Normal,0.9613412618637085
732,Normal,0.9611947536468506
733,Normal,0.9607682824134827
734,Normal,0.9626376032829285
735,Normal,0.9603523015975952
736,Normal,0.9610687494277954
737,Normal,0.9597480893135071
738,Normal,0.9607059955596924
739,Normal,0.9614527821540833
740,Normal,0.9600396156311035
741,Normal,0.9607160091400146
742,Normal,0.9596101641654968
743,Normal,0.9612529277801514
744,Normal,0.9608016014099121
745,Normal,0.9604691863059998
746,Normal,0.9596456289291382
747,Normal,0.9599226117134094
748,Normal,0.9586395621299744
749,Normal,0.958649754524231
750,Normal,0.9600538611412048
751,Normal,0.9614980220794678
752,Normal,0.9610020518302917
753,Normal,0.9598743915557861
754,Normal,0.961426854133606
755,Normal,0.9607581496238708
756,Normal,0.9608232975006104
757,Normal,0.9606327414512634
758,Normal,0.9600579142570496
759,Normal,0.9612947702407837
760,Normal,0.9614148736000061
761,Normal,0.9607636332511902
762,Normal,0.9617369174957275
763,Normal,0.960554301738739
764,Normal,0.9605220556259155
765,Normal,0.959823489189148
766,Normal,0.9599898457527161
767,Normal,0.9587289690971375
768,Normal,0.9588748216629028
769,Normal,0.960134744644165
770,Normal,0.9615557789802551
771,Normal,0.961450457572937
772,Normal,0.9609401822090149
773,Normal,0.9627248644828796
774,Normal,0.9604424238204956
775,Normal,0.961137056350708
776,Normal,0.9594516754150391
777,Normal,0.9604693651199341
778,Normal,0.9618597626686096
779,Normal,0.9614098072052002
780,Normal,0.9606034755706787
781,Normal,0.959895133972168
782,Normal,0.9614500999450684
783,Normal,0.9609242081642151
784,Normal,0.9606940150260925
785,Normal,0.959852397441864
786,Normal,0.9598197937011719
787,Normal,0.9590245485305786
788,Normal,0.959274172782898
789,Normal,0.9602190256118774
790,Normal,0.9626192450523376
791,Normal,0.9590134024620056
792,Normal,0.9610652327537537
793,Normal,0.9605233669281006
794,Normal,0.961376965045929
795,Normal,0.9611967206001282
796,Normal,0.9595591425895691
797,Normal,0.9619854092597961
798,Normal,0.9612123966217041
799,Normal,0.9608944058418274
800,Normal,0.960830569267273
801,Normal,0.9600448608398438
802,Normal,0.9598433971405029
803,Normal,0.9588218927383423
804,Normal,0.9588842391967773
805,Normal,0.960054874420166
806,Normal,0.9616096019744873
807,Normal,0.9613994359970093
808,Normal,0.9631716012954712
809,Normal,0.9610524773597717
810,Normal,0.9629297852516174
811,Normal,0.9605176448822021
812,Normal,0.9614156484603882
813,Normal,0.9608438611030579
814,Normal,0.9608380198478699
815,Normal,0.9620542526245117
816,Normal,0.96082603931427
817,Normal,0.9602755308151245
818,Normal,0.959955096244812
819,Normal,0.9616607427597046
820,Normal,0.9609360098838806
821,Normal,0.9606643915176392
822,Normal,0.9598658084869385
823,Normal,0.9599442481994629
824,Normal,0.9588733911514282
825,Normal,0.9590831398963928
826,Normal,0.9602137804031372
827,Normal,0.9619466066360474
828,Normal,0.9604046940803528
829,Normal,0.9611310958862305
830,Normal,0.9604486227035522
831,Normal,0.960800290107727
832,Normal,0.9605498909950256
833,Normal,0.9601015448570251
834,Normal,0.961846649646759
835,Normal,0.9609749913215637
836,Normal,0.9607799053192139
837,Normal,0.9606491923332214
838,Normal,0.960057258605957
839,Normal,0.9597809314727783
840,Normal,0.958798885345459
841,Normal,0.9588825106620789
842,Normal,0.9598149657249451
843,Normal,0.960865318775177
844,Normal,0.9612630605697632
845,Normal,0.9608920812606812
846,Normal,0.9610700607299805
847,Normal,0.9627963900566101
848,Normal,0.9604595899581909
849,Normal,0.9611719250679016
850,Normal,0.9601661562919617
851,Normal,0.9605988264083862
852,Normal,0.9608190059661865
853,Normal,0.9607248902320862
854,Normal,0.9605116248130798
855,Normal,0.9597069025039673
856,Normal,0.9608817100524902
857,Normal,0.9607369303703308
858,Normal,0.960439145565033
859,Normal,0.9598540663719177
860,Normal,0.9597817063331604
861,Normal,0.9590752124786377
862,Normal,0.9594053030014038
863,Normal,0.9602625966072083
864,Normal,0.961145281791687
865,Normal,0.9602159857749939
866,Normal,0.9608501195907593
867,Normal,0.9602078199386597
868,Normal,0.960541844367981
869,Normal,0.9599892497062683
870,Normal,0.9599820375442505
871,Normal,0.9604770541191101
872,Normal,0.9607097506523132
873,Normal,0.9606620073318481
874,Normal,0.9604538679122925
875,Normal,0.9598541855812073
876,Normal,0.9598255157470703
877,Normal,0.958626389503479
878,Normal,0.9587173461914062
879,Normal,0.9598020911216736
880,Normal,0.9612138271331787
881,Normal,0.9608908891677856
882,Normal,0.9606253504753113
883,Normal,0.9627752900123596
884,Normal,0.9601937532424927
885,Normal,0.9608352780342102
886,Normal,0.9601269364356995
887,Normal,0.9606021642684937
888,Normal,0.96060711145401
889,Normal,0.9598916172981262
890,Normal,0.96006840467453
891,Normal,0.9594894647598267
892,Normal,0.9608535766601562
893,Normal,0.9606509804725647
894,Normal,0.9603543877601624
895,Normal,0.9594108462333679
896,Normal,0.9597421288490295
897,Normal,0.9586812853813171
898,Normal,0.9587650895118713
899,Normal,0.9599425792694092
900,Normal,0.9609066247940063
901,Normal,0.9599145650863647
902,Normal,0.9605433940887451
903,Normal,0.9603230357170105
904,Normal,0.9601248502731323
905,Normal,0.9602490663528442
906,Normal,0.9594627618789673
907,Normal,0.9600271582603455
908,Normal,0.9607317447662354
909,Normal,0.9605776071548462
910,Normal,0.9604490399360657
911,Normal,0.959513783454895
912,Normal,0.9596525430679321
913,Normal,0.9586472511291504
914,Normal,0.9587149024009705
915,Normal,0.9596369862556458
916,Normal,0.9605187773704529
917,Normal,0.9610965251922607
918,Normal,0.9605395197868347
919,Normal,0.9625662565231323
920,Normal,0.9601078033447266
921,Normal,0.9607012271881104
922,Normal,0.9602993726730347
923,Normal,0.9605672955513
924,Normal,0.9610375165939331
925,Normal,0.9600090384483337
926,Normal,0.9605018496513367
927,Normal,0.9592664837837219
928,Normal,0.9608698487281799
929,Normal,0.9606630802154541
930,Normal,0.9603170156478882
931,Normal,0.9594114422798157
932,Normal,0.9597177505493164
933,Normal,0.9588417410850525
934,Normal,0.9590243697166443
935,Normal,0.9600276350975037
936,Normal,0.9607551693916321
937,Normal,0.9608551859855652
938,Normal,0.9604536294937134
939,Normal,0.9608754515647888
940,Normal,0.9603066444396973
941,Normal,0.9604511260986328
942,Normal,0.9598076939582825
943,Normal,0.9592628479003906
944,Normal,0.9609923362731934
945,Normal,0.9614171385765076
946,Normal,0.9604871869087219
947,Normal,0.9613192081451416
948,Normal,0.960486114025116
949,Normal,0.9604331851005554
950,Normal,0.959618330001831
951,Normal,0.9598216414451599
952,Normal,0.9586518406867981
953,Normal,0.9586922526359558
954,Normal,0.9596332311630249
955,Normal,0.9614973068237305
956,Normal,0.961439311504364
957,Normal,0.9608929753303528
958,Normal,0.9625996351242065
959,Normal,0.960427463054657
960,Normal,0.9609376192092896
961,Normal,0.9600590467453003
962,Normal,0.9606269001960754
963,Normal,0.9609484076499939
964,Normal,0.9609829187393188
965,Normal,0.959480881690979
966,Normal,0.9592738151550293
967,Normal,0.9613143801689148
968,Normal,0.9604403376579285
969,Normal,0.9604374766349792
970,Normal,0.9593731164932251
971,Normal,0.9600284695625305
972,Normal,0.9588217735290527
973,Normal,0.9587454199790955
974,Normal,0.9598916172981262
975,Normal,0.9628552794456482
976,Normal,0.95927494764328
977,Normal,0.9614920020103455
978,Normal,0.960865318775177
979,Normal,0.9609575867652893
980,Normal,0.9596466422080994
981,Normal,0.9599494934082031
982,Normal,0.9603566527366638
983,Normal,0.9608663320541382
984,Normal,0.9610804319381714
985,Normal,0.9606612920761108
986,Normal,0.9596025943756104
987,Normal,0.9597827792167664
988,Normal,0.9588541984558105
989,Normal,0.9588909149169922
990,Normal,0.9600880742073059
991,Normal,0.9616935849189758
992,Normal,0.9614183902740479
993,Normal,0.9636105895042419
994,Normal,0.9609053730964661
995,Normal,0.9628913998603821
996,Normal,0.9606086015701294
997,Normal,0.9612442851066589
998,Normal,0.959923267364502
999,Normal,0.9607601165771484
1000,Normal,0.9618346095085144
1001,Normal,0.9612268805503845
1002,Normal,0.9602184891700745
1003,Normal,0.9599642157554626
1004,Normal,0.9613646268844604
1005,Normal,0.9609226584434509
1006,Normal,0.9606463313102722
1007,Normal,0.9597336053848267
1008,Normal,0.9596151113510132
1009,Normal,0.959203839302063
1010,Normal,0.9594107866287231
1011,Normal,0.9602875113487244
1012,Normal,0.9616479277610779
1013,Normal,0.9595539569854736
1014,Normal,0.9609512090682983
1015,Normal,0.9604439735412598
1016,Normal,0.9612746834754944
1017,Normal,0.9605488777160645
1018,Normal,0.9595019817352295
1019,Normal,0.9616903066635132
1020,Normal,0.9610488414764404
1021,Normal,0.9609018564224243
1022,Normal,0.9607633352279663
1023,Normal,0.9599178433418274
1024,Normal,0.9596728682518005
1025,Normal,0.9589171409606934
1026,Normal,0.9590003490447998
1027,Normal,0.960523247718811
1028,Normal,0.9619697332382202
1029,Normal,0.9615324139595032
1030,Normal,0.9609574675559998
1031,Normal,0.9611321687698364
1032,Normal,0.9630634188652039
1033,Normal,0.9607211947441101
1034,Normal,0.9613442420959473
1035,Normal,0.9604084491729736
1036,Normal,0.9609520435333252
1037,Normal,0.9617524743080139
1038,Normal,0.9603748321533203
1039,Normal,0.9600517749786377
1040,Normal,0.9596979022026062
1041,Normal,0.9617939591407776
1042,Normal,0.96089768409729
1043,Normal,0.9606186151504517
1044,Normal,0.9596844911575317
1045,Normal,0.9599513411521912
1046,Normal,0.9590798020362854
1047,Normal,0.9590964913368225
1048,Normal,0.9604429602622986
1049,Normal,0.9624673128128052
1050,Normal,0.9602132439613342
1051,Normal,0.9613173604011536
1052,Normal,0.9606962203979492
1053,Normal,0.9607850909233093
1054,Normal,0.9603310823440552
1055,Normal,0.9592504501342773
1056,Normal,0.9615541696548462
1057,Normal,0.961044430732727
1058,Normal,0.9613499641418457
1059,Normal,0.960749089717865
1060,Normal,0.9599840044975281
1061,Normal,0.9599840044975281
1062,Normal,0.958981454372406
1063,Normal,0.9589197635650635
1064,Normal,0.9603784680366516
1065,Normal,0.9637916088104248
1066,Normal,0.9612494707107544
1067,Normal,0.9607222676277161
1068,Normal,0.9630112648010254
1069,Normal,0.9606344699859619
1070,Normal,0.9612483978271484
1071,Normal,0.9603187441825867
1072,Normal,0.9609379768371582
1073,Fuzzy,0.9203806519508362
1074,Normal,0.9685624241828918
1075,Normal,0.9608309864997864
1076,Normal,0.9605821967124939
1077,Normal,0.9588909149169922
1078,Normal,0.9556626677513123
1079,Normal,0.9611760377883911
1080,Normal,0.9605703353881836
1081,Fuzzy,0.9546597003936768
1082,Normal,0.9587352871894836
1083,Normal,0.9586008787155151
1084,Normal,0.9578592777252197
1085,Normal,0.9603112936019897
1086,Normal,0.9582831859588623
1087,Normal,0.9429269433021545
1088,Normal,0.9578161835670471
1089,Normal,0.9582202434539795
1090,Normal,0.9550173878669739
1091,Normal,0.962831437587738
1092,Normal,0.9600865244865417
1093,Normal,0.9580971598625183
1094,Normal,0.9702385663986206
1095,Normal,0.9618082642555237
1096,Normal,0.9480248093605042
1097,Normal,0.9604853391647339
1098,Normal,0.9596391320228577
1099,Normal,0.9587785005569458
1100,Normal,0.9590399265289307
1101,Normal,0.9589285254478455
1102,Normal,0.9600788354873657
1103,Normal,0.9474437236785889
1104,Normal,0.953676700592041
1105,Normal,0.9533771276473999
1106,Normal,0.9552929401397705
1107,Normal,0.9568778276443481
1108,Normal,0.9595582485198975
1109,Normal,0.9596866965293884
1110,Normal,0.9577207565307617
1111,Normal,0.9657543301582336
1112,Normal,0.961700975894928
1113,Normal,0.9612947702407837
1114,Normal,0.9602708220481873
1115,Normal,0.961528480052948
1116,Normal,0.9610612988471985
1117,Normal,0.9607495665550232
1118,Normal,0.9597175717353821
1119,Normal,0.9597084522247314
1120,Normal,0.9590802788734436
1121,Normal,0.9591344594955444
1122,Normal,0.9608118534088135
1123,Normal,0.9618256688117981
1124,Normal,0.9611413478851318
1125,Normal,0.9601014256477356
1126,Normal,0.9612686634063721
1127,Normal,0.9606001377105713
1128,Normal,0.9606320858001709
1129,Normal,0.9604429006576538
1130,Normal,0.9591543674468994
1131,Normal,0.9621132016181946
1132,Normal,0.9618142247200012
1133,Normal,0.9610027074813843
1134,Normal,0.9618325233459473
1135,Normal,0.960955023765564
1136,Normal,0.9607983231544495
1137,Normal,0.9598625898361206
1138,Normal,0.9597105383872986
1139,Normal,0.9591124057769775
1140,Normal,0.9592387676239014
1141,Normal,0.9607142210006714
1142,Normal,0.9625076055526733
1143,Normal,0.9617895483970642
1144,Normal,0.9609346985816956
1145,Normal,0.9630494117736816
1146,Normal,0.9606361389160156
1147,Normal,0.9610657095909119
1148,Normal,0.9596072435379028
1149,Normal,0.9606004953384399
1150,Normal,0.9613056778907776
1151,Normal,0.9605578184127808
1152,Normal,0.9598186016082764
1153,Normal,0.9600078463554382
1154,Normal,0.9605671763420105
1155,Normal,0.9617719650268555
1156,Normal,0.9607686996459961
1157,Normal,0.9597547650337219
1158,Normal,0.9597128033638
1159,Normal,0.9592865705490112
1160,Normal,0.9594171047210693
1161,Normal,0.9603731632232666
1162,Normal,0.9628559350967407
1163,Normal,0.9616449475288391
1164,Normal,0.960444986820221
1165,Normal,0.960513710975647
1166,Normal,0.960735023021698
1167,Normal,0.9599971771240234
1168,Normal,0.9589666724205017
1169,Normal,0.960233211517334
1170,Normal,0.9609224796295166
1171,Normal,0.9607154726982117
1172,Normal,0.9606316089630127
1173,Normal,0.9599227905273438
1174,Normal,0.9596410393714905
1175,Normal,0.9588539004325867
1176,Normal,0.958869993686676
1177,Normal,0.9600359797477722
1178,Normal,0.9615954756736755
1179,Normal,0.9614194631576538
1180,Normal,0.9636143445968628
1181,Normal,0.9608314037322998
1182,Normal,0.9629445672035217
1183,Normal,0.960455060005188
1184,Normal,0.9610480666160583
1185,Normal,0.9610230922698975
1186,Normal,0.96099853515625
1187,Normal,0.9606547355651855
1188,Normal,0.9605233669281006
1189,Normal,0.9594188928604126
1190,Normal,0.9593054056167603
1191,Normal,0.9607048630714417
1192,Normal,0.9613938331604004
1193,Normal,0.960527777671814
1194,Normal,0.9598381519317627
1195,Normal,0.9597764015197754
1196,Normal,0.9589601159095764
1197,Normal,0.9589844346046448
1198,Normal,0.9602648615837097
1199,Normal,0.9619290232658386
1200,Normal,0.9611112475395203
1201,Normal,0.9609483480453491
1202,Normal,0.9605883955955505
1203,Normal,0.9605726599693298
1204,Normal,0.9607325196266174
1205,Normal,0.9597427248954773
1206,Normal,0.9602070450782776
1207,Normal,0.9608169198036194
1208,Normal,0.9610311388969421
1209,Normal,0.960569441318512
1210,Normal,0.9599476456642151
1211,Normal,0.9597665071487427
1212,Normal,0.9588814973831177
1213,Normal,0.958860456943512
1214,Normal,0.9601320028305054
1215,Normal,0.9612476229667664
1216,Normal,0.9614695310592651
1217,Normal,0.960839569568634
1218,Normal,0.9610310196876526
1219,Normal,0.9630657434463501
1220,Normal,0.9606764912605286
1221,Normal,0.9612197279930115
1222,Normal,0.9613196849822998
1223,Normal,0.9610974192619324
1224,Normal,0.9613124132156372
1225,Normal,0.9601696133613586
1226,Normal,0.9598367810249329
1227,Normal,0.959541380405426
1228,Normal,0.9614277482032776
1229,Normal,0.9607610106468201
1230,Normal,0.9604865312576294
1231,Normal,0.9598655700683594
1232,Normal,0.9598860144615173
1233,Normal,0.9591727256774902
1234,Normal,0.9593044519424438
1235,Normal,0.9604494571685791
1236,Normal,0.9614897966384888
1237,Normal,0.9614958167076111
1238,Normal,0.960727334022522
1239,Normal,0.9604554176330566
1240,Normal,0.9612515568733215
1241,Normal,0.9612374901771545
1242,Normal,0.9594534635543823
1243,Normal,0.9611915349960327
1244,Normal,0.9609404802322388
1245,Normal,0.9610956311225891
1246,Normal,0.9606900215148926
1247,Normal,0.9601282477378845
1248,Normal,0.959860622882843
1249,Normal,0.9588419198989868
1250,Normal,0.958834707736969
1251,Normal,0.960446834564209
1252,Normal,0.9619611501693726
1253,Normal,0.9611955285072327
1254,Normal,0.9607762694358826
1255,Normal,0.9630176424980164
1256,Normal,0.9605419635772705
1257,Normal,0.9610854983329773
1258,Normal,0.9604063630104065
1259,Normal,0.9611954092979431
1260,Normal,0.961493194103241
1261,Normal,0.9612401127815247
1262,Normal,0.9600458741188049
1263,Normal,0.9594918489456177
1264,Normal,0.9615269303321838
1265,Normal,0.9609513878822327
1266,Normal,0.9606900215148926
1267,Normal,0.9595997333526611
1268,Normal,0.9599184989929199
1269,Normal,0.9589939713478088
1270,Normal,0.9588832855224609
1271,Normal,0.9607242345809937
1272,Normal,0.9616692066192627
1273,Normal,0.9598860144615173
1274,Normal,0.9610794186592102
1275,Normal,0.9607545137405396
1276,Normal,0.9607690572738647
1277,Normal,0.9611578583717346
1278,Normal,0.95927494764328
1279,Normal,0.9609814882278442
1280,Normal,0.9611400961875916
1281,Normal,0.9613589644432068
1282,Normal,0.9608297944068909
1283,Normal,0.9596835374832153
1284,Normal,0.9598616361618042
1285,Normal,0.9589464068412781
1286,Normal,0.9588487148284912
1287,Normal,0.9605048894882202
1288,Normal,0.961909830570221
1289,Normal,0.961642324924469
1290,Normal,0.9606282114982605
1291,Normal,0.9632692337036133
1292,Normal,0.9605307579040527
1293,Normal,0.9611507058143616
1294,Normal,0.9605615735054016
1295,Normal,0.9610427618026733
1296,Normal,0.9620441198348999
1297,Normal,0.9606339335441589
1298,Normal,0.9597411751747131
1299,Normal,0.9592287540435791
1300,Normal,0.9613034725189209
1301,Normal,0.9609761834144592
1302,Normal,0.9607285261154175
1303,Normal,0.9596458673477173
1304,Normal,0.9599450826644897
1305,Normal,0.9591606259346008
1306,Normal,0.9592323899269104
1307,Normal,0.9608923196792603
1308,Normal,0.9616453051567078
1309,Normal,0.9611577391624451
1310,Normal,0.9601112604141235
1311,Normal,0.9615516066551208
1312,Normal,0.9607191681861877
1313,Normal,0.960948646068573
1314,Normal,0.959574282169342
1315,Normal,0.9595661759376526
1316,Normal,0.9616625308990479
1317,Normal,0.9618431329727173
1318,Normal,0.9613040089607239
1319,Normal,0.9619985222816467
1320,Normal,0.9609231352806091
1321,Normal,0.9608033895492554
1322,Normal,0.9598181247711182
1323,Normal,0.9599541425704956
1324,Normal,0.958935022354126
1325,Normal,0.9589329361915588
1326,Normal,0.9609133005142212
1327,Normal,0.9625069499015808
1328,Normal,0.9619313478469849
1329,Normal,0.9609507322311401
1330,Normal,0.9632897973060608
1331,Normal,0.9607097506523132
1332,Normal,0.9612711668014526
1333,Normal,0.9608153700828552
1334,Normal,0.9608650207519531
1335,Normal,0.9617953896522522
1336,Normal,0.9604374766349792
1337,Normal,0.9599934220314026
1338,Normal,0.9596586227416992
1339,Normal,0.961864173412323
1340,Normal,0.9610316753387451
1341,Normal,0.9608205556869507
1342,Normal,0.9597564339637756
1343,Normal,0.9598042964935303
1344,Normal,0.9590781927108765
1345,Normal,0.959047257900238
1346,Normal,0.9609217047691345
1347,Normal,0.9635348916053772
1348,Normal,0.9606768488883972
1349,Normal,0.961144745349884
1350,Normal,0.9606946706771851
1351,Normal,0.960739016532898
1352,Normal,0.9605973958969116
1353,Normal,0.9594985246658325
1354,Normal,0.9614785313606262
1355,Normal,0.9611234068870544
1356,Normal,0.960839569568634
1357,Normal,0.9607780575752258
1358,Normal,0.9598321914672852
1359,Normal,0.9597031474113464
1360,Normal,0.9589468240737915
1361,Normal,0.9589540958404541
1362,Normal,0.9605772495269775
1363,Normal,0.9614658951759338
1364,Normal,0.9615492820739746
1365,Normal,0.9638639092445374
1366,Normal,0.9605868458747864
1367,Normal,0.9630715847015381
1368,Normal,0.9604502320289612
1369,Normal,0.9611044526100159
1370,Normal,0.960541844367981
1371,Normal,0.9608430862426758
1372,Normal,0.9626489877700806
1373,Normal,0.9608470797538757
1374,Normal,0.9603496193885803
1375,Normal,0.9612224102020264
1376,Normal,0.9616904258728027
1377,Normal,0.9609440565109253
1378,Normal,0.9606461524963379
1379,Normal,0.9596971273422241
1380,Normal,0.9597457647323608
1381,Normal,0.9591492414474487
1382,Normal,0.9593668580055237
1383,Normal,0.9607536196708679
1384,Normal,0.9615781903266907
1385,Normal,0.9591714143753052
1386,Normal,0.9609630703926086
1387,Normal,0.9603533744812012
1388,Normal,0.9607412219047546
1389,Normal,0.961244523525238
1390,Normal,0.959571123123169
1391,Normal,0.9624622464179993
1392,Normal,0.9610899090766907
1393,Normal,0.9608253836631775
1394,Normal,0.9607498049736023
1395,Normal,0.959932267665863
1396,Normal,0.9596997499465942
1397,Normal,0.958904504776001
1398,Normal,0.9589887261390686
1399,Normal,0.9603792428970337
1400,Normal,0.9613443613052368
1401,Normal,0.9615326523780823
1402,Normal,0.9609327912330627
1403,Normal,0.9609795808792114
1404,Normal,0.9607999324798584
1405,Normal,0.962917149066925
1406,Normal,0.9606919288635254
1407,Normal,0.9613181352615356
1408,Normal,0.9605847597122192
1409,Normal,0.9620821475982666
1410,Normal,0.9608306884765625
1411,Normal,0.960760235786438
1412,Normal,0.9596594572067261
1413,Normal,0.9612078666687012
1414,Normal,0.9609827995300293
1415,Normal,0.9606537222862244
1416,Normal,0.959814190864563
1417,Normal,0.9597100019454956
1418,Normal,0.9591129422187805
1419,Normal,0.9593179225921631
1420,Normal,0.9606813192367554
1421,Normal,0.9612864851951599
1422,Normal,0.9604543447494507
1423,Normal,0.9608442187309265
1424,Normal,0.960274875164032
1425,Normal,0.9606105089187622
1426,Normal,0.9600326418876648
1427,Normal,0.9595667123794556
1428,Normal,0.9621005058288574
1429,Normal,0.9610347151756287
1430,Normal,0.9607612490653992
1431,Normal,0.9607301950454712
1432,Normal,0.9601742029190063
1433,Normal,0.9597758650779724
1434,Normal,0.9590460658073425
1435,Normal,0.9590540528297424
1436,Normal,0.9602201581001282
1437,Normal,0.9611968398094177
1438,Normal,0.9611642360687256
1439,Normal,0.9604294896125793
1440,Normal,0.9602174758911133
1441,Normal,0.9629333019256592
1442,Normal,0.9604145288467407
1443,Normal,0.9610332250595093
1444,Normal,0.9604371786117554
1445,Normal,0.9607335925102234
1446,Fuzzy,0.8626482486724854
1447,Normal,0.9612195491790771
1448,Normal,0.9571133852005005
1449,Normal,0.9607112407684326
1450,Normal,0.9570810794830322
1451,Normal,0.9588966369628906
1452,Normal,0.957982063293457
1453,Normal,0.9584780931472778
1454,Normal,0.9575433135032654
1455,Normal,0.9610798954963684
1456,Normal,0.9564603567123413
1457,Normal,0.960623562335968
1458,Normal,0.9556836485862732
1459,Normal,0.5280643105506897
1460,DoS,0.9277129769325256
1461,Normal,0.9528212547302246
1462,Normal,0.870406985282898
1463,Normal,0.9596959352493286
1464,DoS,0.4702315926551819
1465,Normal,0.9604635834693909
1466,DoS,0.554395318031311
1467,Normal,0.9590476751327515
1468,DoS,0.9275941848754883
1469,Normal,0.9608798623085022
1470,DoS,0.9522489905357361
1471,Normal,0.9626047015190125
1472,DoS,0.8481142520904541
1473,DoS,0.9638187289237976
1474,DoS,0.9665132164955139
1475,DoS,0.9664327502250671
1476,DoS,0.9656964540481567
1477,DoS,0.8927808403968811
1478,DoS,0.9568126201629639
1479,DoS,0.7148758769035339
1480,DoS,0.9612230658531189
1481,DoS,0.9476383924484253
1482,DoS,0.9673708081245422
1483,Normal,0.9564701914787292
1484,DoS,0.9675993323326111
1485,Normal,0.9465788006782532
1486,DoS,0.9668909907341003
1487,Normal,0.8335235714912415
1488,DoS,0.9667488932609558
1489,Normal,0.9551334977149963
1490,DoS,0.9679129123687744
1491,DoS,0.8438907861709595
1492,DoS,0.9662342667579651
1493,Normal,0.9577170014381409
1494,DoS,0.9673239588737488
1495,Normal,0.9562423229217529
1496,DoS,0.9674938321113586
1497,DoS,0.9675959348678589
1498,DoS,0.9667016863822937
1499,Normal,0.9489555954933167
1500,DoS,0.9677019715309143
1501,DoS,0.6738568544387817
1502,DoS,0.967734694480896
1503,Normal,0.945371687412262
1504,DoS,0.966896116733551
1505,Normal,0.9401368498802185
1506,DoS,0.9680188298225403
1507,DoS,0.9674080610275269
1508,Normal,0.9525405168533325
1509,DoS,0.9684014320373535
1510,DoS,0.9004170894622803
1511,DoS,0.9685690402984619
1512,Normal,0.956656813621521
1513,DoS,0.9679232835769653
1514,DoS,0.5876599550247192
1515,DoS,0.9681392312049866
1516,Normal,0.9522094130516052
1517,DoS,0.9676777720451355
1518,Normal,0.9499607086181641
1519,DoS,0.9679688811302185
1520,Normal,0.9522027373313904
1521,DoS,0.9675948619842529
1522,Normal,0.9540374279022217
1523,DoS,0.9678102731704712
1524,Normal,0.955837070941925
1525,DoS,0.9680777788162231
1526,Normal,0.9457136988639832
1527,DoS,0.968299150466919
1528,Normal,0.925212562084198
1529,DoS,0.9664663672447205
1530,DoS,0.9677486419677734
1531,DoS,0.6499984860420227
1532,DoS,0.967777669429779
1533,DoS,0.5404979586601257
1534,DoS,0.9676221609115601
1535,Normal,0.9544562101364136
1536,DoS,0.967670202255249
1537,Normal,0.9501485824584961
1538,DoS,0.9678084850311279
1539,Normal,0.6607074737548828
1540,DoS,0.9683295488357544
1541,Normal,0.9524654746055603
1542,DoS,0.9679907560348511
1543,Normal,0.9505913853645325
1544,DoS,0.9682096242904663
1545,Normal,0.9548929929733276
1546,DoS,0.9681583642959595
1547,Normal,0.9556746482849121
1548,DoS,0.9683141112327576
1549,Normal,0.9582599997520447
1550,DoS,0.9682332277297974
1551,Normal,0.9498810768127441
1552,DoS,0.968379557132721
1553,DoS,0.9673603177070618
1554,Normal,0.9043475985527039
1555,DoS,0.9679259657859802
1556,Normal,0.9526687860488892
1557,DoS,0.9675209522247314
1558,DoS,0.9014102220535278
1559,DoS,0.9676153659820557
1560,DoS,0.8537201285362244
1561,DoS,0.9675796627998352
1562,Normal,0.9516780376434326
1563,DoS,0.9675025343894958
1564,Normal,0.9521769881248474
1565,DoS,0.967513382434845
1566,Normal,0.8138867020606995
1567,DoS,0.9678562879562378
1568,DoS,0.9251917600631714
1569,DoS,0.9678218960762024
1570,Normal,0.9457789063453674
1571,DoS,0.9673793911933899
1572,DoS,0.8815119862556458
1573,DoS,0.9676883816719055
1574,Normal,0.9546833634376526
1575,DoS,0.9666489958763123
1576,Normal,0.9477659463882446
1577,DoS,0.966480016708374
1578,DoS,0.965808629989624
1579,Normal,0.9443320035934448
1580,DoS,0.9661043882369995
1581,DoS,0.8342649936676025
1582,DoS,0.9661454558372498
1583,Normal,0.9317309856414795
1584,DoS,0.9658714532852173
1585,Normal,0.9114396572113037
1586,DoS,0.9665831923484802
1587,Normal,0.9171284437179565
1588,DoS,0.9664960503578186
1589,Normal,0.9557639360427856
1590,DoS,0.9670714735984802
1591,Normal,0.9229871034622192
1592,DoS,0.9675359129905701
1593,Normal,0.9590368270874023
1594,DoS,0.9669678807258606
1595,DoS,0.9661516547203064
1596,DoS,0.9655070304870605
1597,DoS,0.9473944902420044
1598,DoS,0.9666925668716431
1599,DoS,0.7928274273872375
1600,DoS,0.9666533470153809
1601,Normal,0.9567204117774963
1602,DoS,0.9658389687538147
1603,DoS,0.9656047224998474
1604,DoS,0.942225992679596
1605,DoS,0.9664455056190491
1606,Normal,0.923938512802124
1607,DoS,0.965638279914856
1608,DoS,0.8935908079147339
1609,DoS,0.9656643271446228
1610,Normal,0.9086546301841736
1611,DoS,0.9655196070671082
1612,Normal,0.8966261148452759
1613,DoS,0.9657612442970276
1614,Normal,0.894078254699707
1615,DoS,0.9655783772468567
1616,Normal,0.9512180089950562
1617,DoS,0.9655913710594177
1618,Normal,0.9449048042297363
1619,DoS,0.9653303623199463
1620,Normal,0.8111099004745483
1621,DoS,0.9655774831771851
1622,DoS,0.9651578664779663
1623,DoS,0.9321456551551819
1624,DoS,0.9654005765914917
1625,DoS,0.9086592793464661
1626,DoS,0.9652378559112549
1627,DoS,0.9553331136703491
1628,DoS,0.9656529426574707
1629,Normal,0.9129917025566101
1630,DoS,0.965387225151062
1631,Normal,0.9424586892127991
1632,DoS,0.9653083682060242
1633,DoS,0.6612878441810608
1634,DoS,0.9658933281898499
1635,Normal,0.9416732788085938
1636,DoS,0.9662060737609863
1637,DoS,0.8793739080429077
1638,DoS,0.9665215611457825
1639,Normal,0.9519883394241333
1640,DoS,0.9661334156990051
1641,Normal,0.9484291076660156
1642,DoS,0.9660287499427795
1643,DoS,0.96540766954422
1644,DoS,0.9649814367294312
1645,DoS,0.9647749066352844
1646,DoS,0.9490500688552856
1647,DoS,0.9656206369400024
1648,DoS,0.924984335899353
1649,DoS,0.9651482105255127
1650,Normal,0.8837472200393677
1651,DoS,0.9649316072463989
1652,Normal,0.769448459148407
1653,DoS,0.9650088548660278
1654,DoS,0.7879639267921448
1655,DoS,0.9653372764587402
1656,DoS,0.9554564952850342
1657,DoS,0.9653527140617371
1658,Normal,0.9049448370933533
1659,DoS,0.9651061296463013
1660,DoS,0.9430795907974243
1661,DoS,0.9652998447418213
1662,Normal,0.9368249773979187
1663,DoS,0.9650246500968933
1664,Normal,0.9221333265304565
1665,DoS,0.9650516510009766
1666,DoS,0.964792788028717
1667,Normal,0.9190213084220886
1668,DoS,0.9647297859191895
1669,DoS,0.8781380653381348
1670,DoS,0.8302591443061829
1671,DoS,0.964931845664978
1672,DoS,0.9453721046447754
1673,DoS,0.9649282097816467
1674,Normal,0.9498242139816284
1675,DoS,0.9647700190544128
1676,DoS,0.9315817952156067
1677,DoS,0.9654085636138916
1678,DoS,0.9187446236610413
1679,DoS,0.9653400182723999
1680,DoS,0.9357627630233765
1681,DoS,0.9651874303817749
1682,Normal,0.8827655911445618
1683,DoS,0.9647836089134216
1684,Normal,0.917862594127655
1685,DoS,0.9647995829582214
1686,Normal,0.6904420256614685
1687,DoS,0.9649329781532288
1688,Normal,0.9076497554779053
1689,DoS,0.9648274183273315
1690,DoS,0.964674711227417
1691,DoS,0.9645073413848877
1692,DoS,0.9643973708152771
1693,DoS,0.9643632173538208
1694,DoS,0.46575555205345154
1695,DoS,0.9645589590072632
1696,Normal,0.6575853228569031
1697,DoS,0.9646545648574829
1698,Normal,0.7715562582015991
1699,DoS,0.964669942855835
1700,Normal,0.915890097618103
1701,DoS,0.9647262096405029
1702,Normal,0.9207632541656494
1703,DoS,0.9658666849136353
1704,Normal,0.7903785109519958
1705,DoS,0.964909553527832
1706,DoS,0.9646299481391907
1707,DoS,0.6598585247993469
1708,Normal,0.9554053544998169
1709,DoS,0.9646937251091003
1710,DoS,0.8415729403495789
1711,DoS,0.9648662805557251
1712,DoS,0.9010359048843384
1713,DoS,0.9646473526954651
1714,DoS,0.9465063810348511
1715,DoS,0.964526355266571
1716,Normal,0.916463315486908
1717,DoS,0.9644298553466797
1718,Normal,0.8701891899108887
1719,DoS,0.9644124507904053
1720,Normal,0.9034326672554016
1721,DoS,0.9644932746887207
1722,Normal,0.8372676372528076
1723,DoS,0.9647862315177917
1724,DoS,0.8698025345802307
1725,DoS,0.9654716849327087
1726,Normal,0.9164096713066101
1727,DoS,0.9648208618164062
1728,DoS,0.6893426775932312
1729,DoS,0.9648607969284058
1730,Normal,0.9130947589874268
1731,DoS,0.9645792245864868
1732,Normal,0.8928675651550293
1733,DoS,0.9648112058639526
1734,Normal,0.899874746799469
1735,DoS,0.9647185802459717
1736,Normal,0.9438062906265259
1737,DoS,0.9648638367652893
1738,Normal,0.9469919204711914
1739,DoS,0.9652166366577148
1740,Normal,0.9113041162490845
1741,DoS,0.9656635522842407
1742,Normal,0.9577736854553223
1743,DoS,0.9655651450157166
1744,DoS,0.8927572965621948
1745,DoS,0.9654074907302856
1746,DoS,0.7782490253448486
1747,DoS,0.9652418494224548
1748,DoS,0.8876737356185913
1749,DoS,0.9654455780982971
1750,Normal,0.9287593364715576
1751,DoS,0.9649677872657776
1752,Normal,0.9364429116249084
1753,DoS,0.9650102257728577
1754,Normal,0.8401139378547668
1755,DoS,0.9652136564254761
1756,Normal,0.9428200125694275
1757,DoS,0.9651973247528076
1758,DoS,0.8102787733078003
1759,DoS,0.9656158685684204
1760,Normal,0.9437076449394226
1761,DoS,0.965201735496521
1762,Normal,0.9393864274024963
1763,DoS,0.9651063680648804
1764,DoS,0.9647506475448608
1765,DoS,0.9646267294883728
1766,DoS,0.6802060604095459
1767,DoS,0.9648880958557129
1768,Normal,0.7665095925331116
1769,DoS,0.9643819332122803
1770,DoS,0.9643856287002563
1771,DoS,0.9642857313156128
1772,DoS,0.96418297290802
1773,DoS,0.9447439312934875
1774,DoS,0.964605987071991
1775,DoS,0.8735771775245667
1776,DoS,0.9645587205886841
1777,Normal,0.9491193294525146
1778,DoS,0.964277446269989
1779,DoS,0.9137970209121704
1780,DoS,0.9643895030021667
1781,Normal,0.6982822418212891
1782,DoS,0.9641484022140503
1783,Normal,0.6886944770812988
1784,DoS,0.964288592338562
1785,Normal,0.8097035884857178
1786,DoS,0.9642536044120789
1787,Normal,0.9209471344947815
1788,DoS,0.9643037915229797
1789,Normal,0.90975421667099
1790,DoS,0.9643591046333313
1791,Normal,0.8778334259986877
1792,DoS,0.9644614458084106
1793,DoS,0.9642911553382874
1794,DoS,0.9641081094741821
1795,DoS,0.861419677734375
1796,DoS,0.9642835259437561
1797,DoS,0.9143591523170471
1798,DoS,0.964264988899231
1799,Normal,0.8594755530357361
1800,DoS,0.9641772508621216
1801,Normal,0.8858856558799744
1802,Normal,0.9191357493400574
1803,DoS,0.932065486907959
1804,DoS,0.9645166993141174
1805,DoS,0.5826783180236816
1806,DoS,0.9646238088607788
1807,Normal,0.9317564368247986
1808,DoS,0.9644445180892944
1809,Normal,0.9137851595878601
1810,DoS,0.9645967483520508
1811,Normal,0.833415687084198
1812,DoS,0.9646456837654114
1813,Normal,0.9466084241867065
1814,DoS,0.9645124673843384
1815,DoS,0.6775698661804199
1816,DoS,0.9647136926651001
1817,DoS,0.5214482545852661
1818,DoS,0.9644719958305359
1819,Normal,0.853952169418335
1820,DoS,0.964121401309967
1821,Normal,0.8416005373001099
1822,DoS,0.9643077850341797
1823,Normal,0.8975374102592468
1824,DoS,0.9642466306686401
1825,Normal,0.8892433643341064
1826,DoS,0.9646983742713928
1827,Normal,0.9494698643684387
1828,DoS,0.9648060202598572
1829,Normal,0.9481546878814697
1830,DoS,0.9649158716201782
1831,Normal,0.9319395422935486
1832,DoS,0.9651865363121033
1833,DoS,0.9645654559135437
1834,DoS,0.9643256664276123
1835,DoS,0.7430027723312378
1836,DoS,0.9645496010780334
1837,DoS,0.8545893430709839
1838,DoS,0.9644017219543457
1839,Normal,0.881007194519043
1840,DoS,0.9641525149345398
1841,Normal,0.7870030999183655
1842,DoS,0.9643197655677795
1843,Normal,0.8292473554611206
1844,DoS,0.964337944984436
1845,DoS,0.9173235297203064
1846,DoS,0.9644699692726135
1847,Normal,0.9179124236106873
1848,DoS,0.9643101096153259
1849,DoS,0.853715181350708
1850,DoS,0.9645611643791199
1851,Normal,0.9191827774047852
1852,DoS,0.9643229842185974
1853,Normal,0.8964859247207642
1854,DoS,0.9643420577049255
1855,DoS,0.9642938375473022
1856,Normal,0.8683973550796509
1857,DoS,0.9640712738037109
1858,DoS,0.7916935086250305
1859,DoS,0.9641643762588501
1860,Normal,0.48735636472702026
1861,DoS,0.9638670086860657
1862,Normal,0.5722123384475708
1863,DoS,0.9640616774559021
1864,Normal,0.7006123065948486
1865,DoS,0.9641081094741821
1866,Normal,0.9402890205383301
1867,DoS,0.9643478989601135
1868,Normal,0.8866935968399048
1869,DoS,0.9644662141799927
1870,DoS,0.9642899632453918
1871,DoS,0.9641222357749939
1872,DoS,0.9640843868255615
1873,DoS,0.7584564089775085
1874,DoS,0.9644043445587158
1875,DoS,0.8556097149848938
1876,DoS,0.9642676711082458
1877,Normal,0.9289739727973938
1878,DoS,0.9640318751335144
1879,DoS,0.8492051959037781
1880,DoS,0.9642633199691772
1881,DoS,0.9043856859207153
1882,DoS,0.9641223549842834
1883,DoS,0.9532854557037354
1884,DoS,0.9641404151916504
1885,Normal,0.8699876666069031
1886,DoS,0.9639454483985901
1887,Normal,0.584312379360199
1888,DoS,0.963986873626709
1889,Normal,0.8613952398300171
1890,DoS,0.9640303254127502
1891,Normal,0.583480179309845
1892,DoS,0.9641013145446777
1893,DoS,0.8617894053459167
1894,Normal,0.8196292519569397
1895,Normal,0.846065878868103
1896,DoS,0.9638605117797852
1897,Normal,0.884335994720459
1898,DoS,0.9640690684318542
1899,Normal,0.8477256298065186
1900,DoS,0.964158296585083
1901,DoS,0.656532347202301
1902,DoS,0.9642927050590515
1903,DoS,0.9642499089241028
1904,DoS,0.7053795456886292
1905,DoS,0.9642789959907532
1906,DoS,0.8211327791213989
1907,DoS,0.9642065763473511
1908,Normal,0.8261888027191162
1909,DoS,0.9640205502510071
1910,Normal,0.6383162140846252
1911,DoS,0.9641703367233276
1912,Normal,0.8498286604881287
1913,DoS,0.9641162753105164
1914,Normal,0.7587223052978516
1915,DoS,0.9642750024795532
1916,Normal,0.8450893759727478
1917,DoS,0.9642432928085327
1918,DoS,0.838297963142395
1919,DoS,0.9643582105636597
1920,Normal,0.8585717082023621
1921,DoS,0.9641218185424805
1922,DoS,0.8591101169586182
1923,DoS,0.9644120335578918
1924,Normal,0.9034925103187561
1925,DoS,0.9642131328582764
1926,DoS,0.7223414778709412
1927,DoS,0.9642084836959839
1928,Normal,0.46339818835258484
1929,DoS,0.9639616012573242
1930,Normal,0.5097213983535767
1931,DoS,0.9641014337539673
1932,Normal,0.6871267557144165
1933,DoS,0.9640141129493713
1934,Normal,0.6047757863998413
1935,DoS,0.9642529487609863
1936,Normal,0.9062634110450745
1937,DoS,0.9644212126731873
1938,Normal,0.9351820349693298
1939,DoS,0.9643580317497253
1940,Normal,0.878082275390625
1941,DoS,0.9644704461097717
1942,DoS,0.9642314314842224
1943,DoS,0.9640962481498718
1944,DoS,0.8243196606636047
1945,DoS,0.9642834067344666
1946,DoS,0.7158312797546387
1947,DoS,0.9642810821533203
1948,Normal,0.9352650046348572
1949,DoS,0.963986873626709
1950,DoS,0.7979663014411926
1951,DoS,0.9642064571380615
1952,DoS,0.894063413143158
1953,DoS,0.9640477895736694
1954,DoS,0.9249852299690247
1955,DoS,0.9640786051750183
1956,Normal,0.7527596950531006
1957,DoS,0.9639934301376343
1958,Normal,0.5196304321289062
1959,DoS,0.9639063477516174
1960,Normal,0.7160192728042603
1961,DoS,0.9639739990234375
1962,Normal,0.8078814744949341
1963,DoS,0.9639075398445129
1964,DoS,0.8490911722183228
1965,DoS,0.9640967845916748
1966,DoS,0.8511788845062256
1967,DoS,0.963950514793396
1968,DoS,0.6668354868888855
1969,DoS,0.9637364745140076
1970,DoS,0.6441584825515747
1971,DoS,0.9638829827308655
1972,Normal,0.5512732267379761
1973,DoS,0.9638230800628662
1974,DoS,0.44474953413009644
1975,DoS,0.9639807939529419
1976,Normal,0.8978403806686401
1977,DoS,0.9640641212463379
1978,Normal,0.9001866579055786
1979,DoS,0.9641198515892029
1980,Normal,0.8924790024757385
1981,DoS,0.9642298817634583
1982,DoS,0.9641058444976807
1983,DoS,0.9639929533004761
1984,DoS,0.9389190673828125
1985,DoS,0.9641557335853577
1986,DoS,0.8462321758270264
1987,DoS,0.7775752544403076
1988,DoS,0.9640182256698608
1989,DoS,0.9639694690704346
1990,DoS,0.7942072749137878
1991,DoS,0.9641183614730835
1992,Normal,0.7472126483917236
1993,DoS,0.9639276266098022
1994,DoS,0.8498079180717468
1995,DoS,0.9639579653739929
1996,DoS,0.7414177656173706
1997,DoS,0.9638201594352722
1998,DoS,0.5948154926300049
1999,DoS,0.964011549949646
2000,Normal,0.5850521922111511
2001,DoS,0.9639418125152588
2002,DoS,0.5677081942558289
2003,DoS,0.9639290571212769
2004,Normal,0.8018938302993774
2005,DoS,0.9640011787414551
2006,Normal,0.7390162944793701
2007,DoS,0.9640814065933228
2008,Normal,0.9404154419898987
2009,DoS,0.9640412926673889
2010,DoS,0.9639604091644287
2011,DoS,0.7256476879119873
2012,DoS,0.9638659358024597
2013,DoS,0.9189655780792236
2014,DoS,0.7960215210914612
2015,DoS,0.9638739228248596
2016,DoS,0.9639418721199036
2017,DoS,0.6638999581336975
2018,DoS,0.9639917612075806
2019,DoS,0.8954961895942688
2020,Normal,0.7737494707107544
2021,DoS,0.9638104438781738
2022,Normal,0.4843467175960541
2023,DoS,0.96390300989151
2024,DoS,0.672356128692627
2025,DoS,0.9641686081886292
2026,Normal,0.8650413751602173
2027,DoS,0.9639264941215515
2028,Normal,0.779194176197052
2029,DoS,0.9639535546302795
2030,DoS,0.9639831185340881
2031,Normal,0.8301373720169067
2032,DoS,0.963826060295105
2033,DoS,0.784889817237854
2034,DoS,0.9639236330986023
2035,DoS,0.7468457818031311
2036,DoS,0.9636884331703186
2037,DoS,0.6225190162658691
2038,DoS,0.9638206362724304
2039,DoS,0.733466386795044
2040,DoS,0.9637975096702576
2041,Normal,0.9142798185348511
2042,DoS,0.9638866186141968
2043,Normal,0.8916510939598083
2044,DoS,0.9639352560043335
2045,DoS,0.9639209508895874
2046,DoS,0.963845431804657
2047,DoS,0.9638515114784241
2048,DoS,0.963930606842041
2049,DoS,0.7068927884101868
2050,DoS,0.9641227126121521
2051,DoS,0.6983810067176819
2052,DoS,0.9639289379119873
2053,Normal,0.8672705888748169
2054,DoS,0.9637569785118103
2055,DoS,0.7667463421821594
2056,DoS,0.9639557600021362
2057,DoS,0.9024637341499329
2058,DoS,0.9637990593910217
2059,DoS,0.8295755386352539
2060,DoS,0.9637655019760132
2061,Normal,0.5411757826805115
2062,DoS,0.9636741280555725
2063,Normal,0.6550914645195007
2064,DoS,0.9637172222137451
2065,Normal,0.6863135099411011
2066,DoS,0.9637599587440491
2067,DoS,0.6264064908027649
2068,DoS,0.9637218713760376
2069,DoS,0.8295711874961853
2070,DoS,0.9638623595237732
2071,DoS,0.8923742771148682
2072,DoS,0.9637280702590942
2073,DoS,0.8718218803405762
2074,DoS,0.9635692834854126
2075,DoS,0.8432358503341675
2076,DoS,0.9636982679367065
2077,DoS,0.5538777112960815
2078,DoS,0.9637337327003479
2079,DoS,0.7849206328392029
2080,Normal,0.8523226976394653
2081,DoS,0.9638031125068665
2082,Normal,0.8640878200531006
2083,DoS,0.963869571685791
2084,Normal,0.5957569479942322
2085,DoS,0.9639421105384827
2086,DoS,0.6496869325637817
2087,DoS,0.9640879034996033
2088,Normal,0.4684213101863861
2089,DoS,0.963874101638794
2090,DoS,0.5832210183143616
2091,DoS,0.964113175868988
2092,Normal,0.8200466632843018
2093,DoS,0.9639239311218262
2094,Normal,0.7550992369651794
2095,DoS,0.9639567732810974
2096,DoS,0.9639859795570374
2097,DoS,0.6057092547416687
2098,DoS,0.963948130607605
2099,DoS,0.7067777514457703
2100,DoS,0.9636706113815308
2101,DoS,0.7403551340103149
2102,DoS,0.9638255834579468
2103,DoS,0.501164972782135
2104,DoS,0.9638388156890869
2105,DoS,0.9639477729797363
2106,DoS,0.7499921321868896
2107,DoS,0.9638645052909851
2108,DoS,0.635554313659668
2109,DoS,0.9638699889183044
2110,Normal,0.655091404914856
2111,DoS,0.9636828899383545
2112,Normal,0.6942330002784729
2113,DoS,0.9637784361839294
2114,DoS,0.5261757969856262
2115,DoS,0.9638462066650391
2116,Normal,0.7918859720230103
2117,DoS,0.9637202024459839
2118,DoS,0.7958377599716187
2119,DoS,0.9639098048210144
2120,DoS,0.8636693358421326
2121,DoS,0.9637712240219116
2122,DoS,0.7433905601501465
2123,DoS,0.9635870456695557
2124,DoS,0.7781572341918945
2125,DoS,0.9637073278427124
2126,DoS,0.6002988815307617
2127,DoS,0.9636512398719788
2128,DoS,0.754105806350708
2129,DoS,0.963710367679596
2130,Normal,0.7728437185287476
2131,DoS,0.9637695550918579
2132,Normal,0.7604226469993591
2133,DoS,0.9637830853462219
2134,Normal,0.7766097784042358
2135,DoS,0.9638863205909729
2136,DoS,0.9036115407943726
2137,DoS,0.9640956521034241
2138,DoS,0.5032165050506592
2139,DoS,0.9639662504196167
2140,DoS,0.8091835975646973
2141,DoS,0.9639275074005127
2142,DoS,0.7791652679443359
2143,DoS,0.964057981967926
2144,Normal,0.45202240347862244
2145,DoS,0.9637774229049683
2146,Normal,0.5303334593772888
2147,DoS,0.9637881517410278
2148,Normal,0.4991427958011627
2149,DoS,0.9638380408287048
2150,Normal,0.7169643640518188
2151,DoS,0.9640085697174072
2152,Normal,0.5131558775901794
2153,DoS,0.9639357924461365
2154,Normal,0.7975586652755737
2155,DoS,0.9638809561729431
2156,DoS,0.7601765990257263
2157,DoS,0.964089572429657
2158,Normal,0.6104172468185425
2159,DoS,0.9639211893081665
2160,DoS,0.8499707579612732
2161,DoS,0.9639748930931091
2162,DoS,0.8134683966636658
2163,DoS,0.9637296199798584
2164,DoS,0.816377580165863
2165,DoS,0.9638850688934326
2166,DoS,0.6650505065917969
2167,DoS,0.9637921452522278
2168,DoS,0.8022697567939758
2169,DoS,0.9638113379478455
2170,Normal,0.6857643723487854
2171,DoS,0.9639322757720947
2172,Normal,0.8875900506973267
2173,DoS,0.9639316201210022
2174,Normal,0.7437312006950378
2175,DoS,0.9639113545417786
2176,DoS,0.5198297500610352
2177,DoS,0.9641192555427551
2178,Normal,0.7025876641273499
2179,DoS,0.9639220833778381
2180,Normal,0.6178250312805176
2181,DoS,0.9639239311218262
2182,DoS,0.9639876484870911
2183,DoS,0.682338535785675
2184,DoS,0.9639293551445007
2185,DoS,0.7038524150848389
2186,DoS,0.9636918306350708
2187,DoS,0.7692795991897583
2188,DoS,0.9637936949729919
2189,DoS,0.5702375173568726
2190,DoS,0.9637359380722046
2191,DoS,0.7221997976303101
2192,DoS,0.9637879729270935
2193,Normal,0.8941822648048401
2194,DoS,0.9638489484786987
2195,Normal,0.8305332660675049
2196,DoS,0.9639001488685608
2197,Normal,0.9439508318901062
2198,DoS,0.9639397859573364
2199,DoS,0.9639445543289185
2200,DoS,0.9638381004333496
2201,DoS,0.648848831653595
2202,DoS,0.963883101940155
2203,DoS,0.819684624671936
2204,DoS,0.9639201760292053
2205,Normal,0.8749997019767761
2206,DoS,0.9636648297309875
2207,DoS,0.7259671092033386
2208,DoS,0.9638485312461853
2209,DoS,0.8947287201881409
2210,DoS,0.9636902213096619
2211,DoS,0.9123229384422302
2212,DoS,0.9636979699134827
2213,Normal,0.4858025908470154
2214,DoS,0.9636871814727783
2215,DoS,0.6978772878646851
2216,DoS,0.9636090397834778
2217,DoS,0.8059442639350891
2218,DoS,0.9636580944061279
2219,DoS,0.8575630784034729
2220,DoS,0.963707447052002
2221,DoS,0.8974077701568604
2222,DoS,0.9638234972953796
2223,DoS,0.9454408288002014
2224,DoS,0.963688850402832
2225,DoS,0.9172359704971313
2226,DoS,0.9635364413261414
2227,DoS,0.9230378866195679
2228,DoS,0.9636580944061279
2229,DoS,0.8583568334579468
2230,DoS,0.9636386036872864
2231,DoS,0.8896479606628418
2232,DoS,0.9637439846992493
2233,Normal,0.5263587236404419
2234,DoS,0.963773787021637
2235,Normal,0.5683767199516296
2236,DoS,0.9637807607650757
2237,Normal,0.6124140620231628
2238,DoS,0.9638833999633789
2239,DoS,0.9638508558273315
2240,DoS,0.963801920413971
2241,Normal,0.6844694018363953
2242,DoS,0.9636854529380798
2243,DoS,0.7578458786010742
2244,DoS,0.9638471007347107
2245,DoS,0.64200359582901
2246,DoS,0.9636919498443604
2247,DoS,0.6866175532341003
2248,DoS,0.8804944753646851
2249,DoS,0.963789701461792
2250,DoS,0.8646473288536072
2251,DoS,0.9638946056365967
2252,Normal,0.9043257832527161
2253,DoS,0.963649570941925
2254,DoS,0.720596432685852
2255,DoS,0.9638159871101379
2256,DoS,0.9170945882797241
2257,DoS,0.9637000560760498
2258,DoS,0.9117392897605896
2259,DoS,0.9637374877929688
2260,DoS,0.6402238607406616
2261,DoS,0.9636431336402893
2262,DoS,0.729046106338501
2263,DoS,0.9636380672454834
2264,DoS,0.7663179039955139
2265,DoS,0.9635618925094604
2266,DoS,0.9636821150779724
2267,DoS,0.9636765718460083
2268,DoS,0.9636853337287903
2269,DoS,0.901159942150116
2270,DoS,0.9637253880500793
2271,DoS,0.9470202922821045
2272,DoS,0.9636587500572205
2273,DoS,0.9160411953926086
2274,DoS,0.9636702537536621
2275,DoS,0.9637114405632019
2276,DoS,0.8870733380317688
2277,DoS,0.9636122584342957
2278,DoS,0.915196418762207
2279,DoS,0.9636592864990234
2280,DoS,0.9637573957443237
2281,DoS,0.4961243271827698
2282,DoS,0.9635869264602661
2283,DoS,0.8927296996116638
2284,DoS,0.9636256694793701
2285,DoS,0.798632800579071
2286,DoS,0.9636422395706177
2287,DoS,0.5966959595680237
2288,DoS,0.9636152386665344
2289,DoS,0.8936519622802734
2290,DoS,0.963720977306366
2291,DoS,0.9436424970626831
2292,DoS,0.9636266231536865
2293,DoS,0.9217641949653625
2294,DoS,0.9634478092193604
2295,DoS,0.9322526454925537
2296,DoS,0.9635489583015442
2297,DoS,0.8790059685707092
2298,DoS,0.963505208492279
2299,DoS,0.895026683807373
2300,DoS,0.9635979533195496
2301,DoS,0.6507200598716736
2302,DoS,0.9636388421058655
2303,DoS,0.6632546782493591
2304,DoS,0.9636427164077759
2305,Normal,0.46914833784103394
2306,DoS,0.9637485146522522
2307,DoS,0.9637975096702576
2308,DoS,0.9636955261230469
2309,DoS,0.5904817581176758
2310,DoS,0.9636207818984985
2311,DoS,0.9175646305084229
2312,DoS,0.9636025428771973
2313,DoS,0.9045254588127136
2314,DoS,0.9637554883956909
2315,DoS,0.6318449974060059
2316,DoS,0.9636033177375793
2317,DoS,0.9264659285545349
2318,DoS,0.9635926485061646
2319,DoS,0.9063631892204285
2320,DoS,0.9635351300239563
2321,DoS,0.9080720543861389
2322,DoS,0.9636162519454956
2323,DoS,0.7608228921890259
2324,DoS,0.9636778831481934
2325,DoS,0.7981052398681641
2326,DoS,0.9637072682380676
2327,DoS,0.5873929262161255
2328,DoS,0.9637414813041687
2329,DoS,0.9660292863845825
2330,DoS,0.9638135433197021
2331,DoS,0.8874730467796326
2332,DoS,0.9637842178344727
2333,DoS,0.9391232132911682
2334,DoS,0.9636300802230835
2335,DoS,0.8741129636764526
2336,DoS,0.9636534452438354
2337,DoS,0.9636949300765991
2338,DoS,0.7628324627876282
2339,DoS,0.9635922312736511
2340,DoS,0.851954996585846
2341,DoS,0.9636775851249695
2342,DoS,0.8022345304489136
2343,DoS,0.9637189507484436
2344,DoS,0.8849910497665405
2345,DoS,0.9635977745056152
2346,DoS,0.621003270149231
2347,DoS,0.963691771030426
2348,DoS,0.6451222896575928
2349,DoS,0.9637705683708191
2350,DoS,0.8479574918746948
2351,DoS,0.9638561606407166
2352,DoS,0.8881365656852722
2353,DoS,0.9636029601097107
2354,DoS,0.9387645721435547
2355,DoS,0.9636365175247192
2356,DoS,0.9195722937583923
2357,DoS,0.869947075843811
2358,DoS,0.7966873645782471
2359,DoS,0.9635444283485413
2360,DoS,0.9007184505462646
2361,DoS,0.9635835886001587
2362,Normal,0.7524522542953491
2363,DoS,0.9636204242706299
2364,Normal,0.5031659603118896
2365,DoS,0.9636566638946533
2366,Normal,0.8972627520561218
2367,DoS,0.96368408203125
2368,DoS,0.9637212157249451
2369,DoS,0.9637380242347717
2370,DoS,0.7540786862373352
2371,DoS,0.9637435674667358
2372,DoS,0.8890865445137024
2373,DoS,0.9637646079063416
2374,Normal,0.7131255269050598
2375,DoS,0.9635558128356934
2376,DoS,0.823344886302948
2377,DoS,0.8743625283241272
2378,DoS,0.9634997844696045
2379,DoS,0.9636410474777222
2380,DoS,0.7097680568695068
2381,DoS,0.9634970426559448
2382,DoS,0.8505866527557373
2383,DoS,0.9635065793991089
2384,DoS,0.8902252912521362
2385,DoS,0.9635904431343079
2386,DoS,0.9041389226913452
2387,DoS,0.96368008852005
2388,DoS,0.740483283996582
2389,DoS,0.9635868072509766
2390,DoS,0.8809887170791626
2391,DoS,0.9635936617851257
2392,DoS,0.9498780965805054
2393,DoS,0.9635645747184753
2394,DoS,0.9542346596717834
2395,DoS,0.9636315107345581
2396,DoS,0.9363828301429749
2397,DoS,0.9634712338447571
2398,DoS,0.8722838163375854
2399,DoS,0.963489294052124
2400,DoS,0.892798900604248
2401,DoS,0.963634729385376
2402,DoS,0.7919185757637024
2403,DoS,0.96366947889328
2404,Normal,0.44536128640174866
2405,DoS,0.9635545015335083
2406,DoS,0.8247851133346558
2407,DoS,0.9634665250778198
2408,DoS,0.6531192660331726
2409,DoS,0.9635046720504761
2410,DoS,0.4979844093322754
2411,DoS,0.9636732339859009
2412,DoS,0.7690712809562683
2413,DoS,0.963778018951416
2414,DoS,0.9025233387947083
2415,DoS,0.9636067152023315
2416,DoS,0.9026322960853577
2417,DoS,0.9636586308479309
2418,DoS,0.8376479744911194
2419,DoS,0.963478147983551
2420,DoS,0.7556175589561462
2421,DoS,0.9635602235794067
2422,DoS,0.850834310054779
2423,DoS,0.9636244177818298
2424,DoS,0.6429784297943115
2425,DoS,0.9636560082435608
2426,DoS,0.6885775327682495
2427,DoS,0.963660717010498
2428,DoS,0.5628716945648193
2429,DoS,0.9637117981910706
2430,DoS,0.9636958241462708
2431,DoS,0.9636309742927551
2432,DoS,0.7895960807800293
2433,DoS,0.9636868834495544
2434,DoS,0.9247608184814453
2435,DoS,0.9635746479034424
2436,DoS,0.8618744611740112
2437,DoS,0.9635997414588928
2438,DoS,0.9636664986610413
2439,DoS,0.5565295815467834
2440,DoS,0.9635603427886963
2441,DoS,0.9105125665664673
2442,DoS,0.963512122631073
2443,DoS,0.838886022567749
2444,DoS,0.9634780287742615
2445,DoS,0.7271276116371155
2446,DoS,0.9635553956031799
2447,DoS,0.9014630913734436
2448,DoS,0.9636915326118469
2449,DoS,0.8739995956420898
2450,DoS,0.9635525941848755
2451,DoS,0.8898944854736328
2452,DoS,0.9636087417602539
2453,DoS,0.875909149646759
2454,DoS,0.9635189771652222
2455,DoS,0.9212905764579773
2456,DoS,0.9635362029075623
2457,DoS,0.908962070941925
2458,DoS,0.9636543393135071
2459,DoS,0.9559952616691589
2460,DoS,0.9635208249092102
2461,DoS,0.9440056681632996
2462,DoS,0.963386058807373
2463,DoS,0.9448230862617493
2464,DoS,0.9635545015335083
2465,DoS,0.9089090824127197
2466,DoS,0.9635125398635864
2467,DoS,0.915403425693512
2468,DoS,0.9635855555534363
2469,DoS,0.963648796081543
2470,DoS,0.9637187719345093
2471,DoS,0.9636645913124084
2472,DoS,0.7119985222816467
2473,DoS,0.9635877013206482
2474,DoS,0.7727212905883789
2475,DoS,0.9635492563247681
2476,DoS,0.9137214422225952
2477,DoS,0.9637220501899719
2478,DoS,0.9208900928497314
2479,DoS,0.9635319113731384
2480,DoS,0.950349748134613
2481,DoS,0.9635785818099976
2482,DoS,0.9252647161483765
2483,DoS,0.9634279012680054
2484,DoS,0.9467277526855469
2485,DoS,0.9635034799575806
2486,DoS,0.9392382502555847
2487,DoS,0.9635444283485413
2488,DoS,0.8585096597671509
2489,DoS,0.9635509252548218
2490,DoS,0.8370746374130249
2491,DoS,0.9635518193244934
2492,DoS,0.7497007250785828
2493,DoS,0.9636368155479431
2494,DoS,0.9658984541893005
2495,DoS,0.9637102484703064
2496,DoS,0.8849982619285583
2497,DoS,0.9637093544006348
2498,DoS,0.9457518458366394
2499,DoS,0.9635669589042664
2500,DoS,0.8896903991699219
2501,DoS,0.9635941982269287
2502,DoS,0.7756699323654175
2503,DoS,0.9636374711990356
2504,DoS,0.9083871245384216
2505,DoS,0.9636656045913696
2506,DoS,0.8438136577606201
2507,DoS,0.9637312889099121
2508,DoS,0.8679167628288269
2509,DoS,0.9636750221252441
2510,DoS,0.7335069179534912
2511,DoS,0.9636697173118591
2512,DoS,0.843115508556366
2513,DoS,0.9637447595596313
2514,DoS,0.8911529183387756
2515,DoS,0.9639018177986145
2516,DoS,0.8610581159591675
2517,DoS,0.9637354612350464
2518,DoS,0.9512465596199036
2519,DoS,0.9637390375137329
2520,DoS,0.9391213059425354
2521,DoS,0.9635331034660339
2522,DoS,0.9483049511909485
2523,DoS,0.9636667370796204
2524,DoS,0.9300704598426819
2525,DoS,0.9635895490646362
2526,DoS,0.933448851108551
2527,DoS,0.9636322855949402
2528,DoS,0.8240086436271667
2529,DoS,0.9636934995651245
2530,Normal,0.4855172634124756
2531,DoS,0.9636468887329102
2532,DoS,0.6973623633384705
2533,DoS,0.9637494087219238
2534,DoS,0.9637643694877625
2535,DoS,0.9636973738670349
2536,DoS,0.8385791182518005
2537,DoS,0.9637189507484436
2538,DoS,0.9316633343696594
2539,DoS,0.9637777805328369
2540,Normal,0.4760722815990448
2541,DoS,0.9635556936264038
2542,DoS,0.8926074504852295
2543,DoS,0.963708221912384
2544,DoS,0.9510520100593567
2545,DoS,0.9661942720413208
2546,DoS,0.8961062431335449
2547,DoS,0.9635209441184998
2548,DoS,0.8947804570198059
2549,DoS,0.9635501503944397
2550,DoS,0.7719606161117554
2551,DoS,0.9635782837867737
2552,DoS,0.9211208820343018
2553,DoS,0.9636529088020325
2554,DoS,0.8977018594741821
2555,DoS,0.963546097278595
2556,DoS,0.9242223501205444
2557,DoS,0.9636792540550232
2558,DoS,0.918883204460144
2559,DoS,0.9635679721832275
2560,DoS,0.9361211657524109
2561,DoS,0.9635810256004333
2562,DoS,0.947214663028717
2563,DoS,0.9497013092041016
2564,DoS,0.963629424571991
2565,DoS,0.9471759796142578
2566,DoS,0.9637166261672974
2567,Normal,0.6165230870246887
2568,DoS,0.9635260105133057
2569,DoS,0.8113505840301514
2570,DoS,0.9636162519454956
2571,DoS,0.9517825841903687
2572,DoS,0.9635098576545715
2573,DoS,0.9205732941627502
2574,DoS,0.9635404348373413
2575,DoS,0.8546419143676758
2576,DoS,0.963494062423706
2577,DoS,0.9062207341194153
2578,DoS,0.9634599685668945
2579,DoS,0.9092864990234375
2580,DoS,0.9635087847709656
2581,DoS,0.8505013585090637
2582,DoS,0.9635685086250305
2583,DoS,0.9296884536743164
2584,DoS,0.9636846780776978
2585,DoS,0.9557480216026306
2586,DoS,0.9635571241378784
2587,DoS,0.9386522769927979
2588,DoS,0.9634076356887817
2589,DoS,0.9472357630729675
2590,DoS,0.963508129119873
2591,DoS,0.9247714281082153
2592,DoS,0.9635189771652222
2593,DoS,0.9295029640197754
2594,DoS,0.9635599255561829
2595,DoS,0.8425803780555725
2596,DoS,0.9635493755340576
2597,DoS,0.854087233543396
2598,DoS,0.9635594487190247
2599,DoS,0.8331257104873657
2600,DoS,0.9636510014533997
2601,DoS,0.9636722803115845
2602,DoS,0.8366430997848511
2603,DoS,0.9636428356170654
2604,DoS,0.8826780915260315
2605,DoS,0.963567852973938
2606,DoS,0.952118456363678
2607,DoS,0.9635108709335327
2608,DoS,0.9335691332817078
2609,DoS,0.9634665846824646
2610,DoS,0.8968409299850464
2611,DoS,0.96346515417099
2612,DoS,0.9143162369728088
2613,DoS,0.9635528326034546
2614,DoS,0.9013506174087524
2615,DoS,0.963505208492279
2616,DoS,0.9082520604133606
2617,DoS,0.9636567831039429
2618,DoS,0.8891825079917908
2619,DoS,0.9635590314865112
2620,DoS,0.9168550968170166
2621,DoS,0.963561475276947
2622,DoS,0.9636596441268921
2623,DoS,0.9293106198310852
2624,DoS,0.9635190367698669
2625,DoS,0.9631528854370117
2626,DoS,0.9635530710220337
2627,DoS,0.9597645401954651
2628,DoS,0.9634128212928772
2629,DoS,0.9616794586181641
2630,DoS,0.9635326862335205
2631,DoS,0.9565481543540955
2632,DoS,0.9635054469108582
2633,DoS,0.7375395894050598
2634,DoS,0.9635123014450073
2635,DoS,0.8269194960594177
2636,DoS,0.9635749459266663
2637,DoS,0.9636293053627014
2638,DoS,0.9104335308074951
2639,DoS,0.9635750651359558
2640,DoS,0.9214345216751099
2641,DoS,0.9635394215583801
2642,DoS,0.9316456317901611
2643,DoS,0.9635401964187622
2644,DoS,0.9017379283905029
2645,DoS,0.9634935855865479
2646,DoS,0.887506902217865
2647,DoS,0.9635469317436218
2648,DoS,0.9169490933418274
2649,DoS,0.9636278748512268
2650,DoS,0.9547942876815796
2651,DoS,0.963489294052124
2652,DoS,0.9493619799613953
2653,DoS,0.96332186460495
2654,DoS,0.9487895369529724
2655,DoS,0.9635009169578552
2656,DoS,0.9225032329559326
2657,DoS,0.9634723663330078
2658,DoS,0.9434101581573486
2659,DoS,0.9635230302810669
2660,DoS,0.8658468127250671
2661,DoS,0.9635666608810425
2662,DoS,0.9008453488349915
2663,DoS,0.9635214805603027
2664,DoS,0.8630468845367432
2665,DoS,0.9635933041572571
2666,DoS,0.963625431060791
2667,DoS,0.8817489147186279
2668,DoS,0.9635658860206604
2669,DoS,0.9245468974113464
2670,DoS,0.963556706905365
2671,DoS,0.9552227854728699
2672,DoS,0.9635056853294373
2673,DoS,0.923229992389679
2674,DoS,0.9635031223297119
2675,DoS,0.9394498467445374
2676,DoS,0.9635176062583923
2677,DoS,0.9290587306022644
2678,DoS,0.963586688041687
2679,DoS,0.9342321753501892
2680,DoS,0.9635643362998962
2681,DoS,0.928661048412323
2682,DoS,0.9637084603309631
2683,DoS,0.9099845290184021
2684,DoS,0.9636220932006836
2685,DoS,0.9327033758163452
2686,DoS,0.9636045098304749
2687,DoS,0.9637181162834167
2688,DoS,0.9344973564147949
2689,DoS,0.9635728597640991
2690,DoS,0.9651939868927002
2691,DoS,0.9635937809944153
2692,DoS,0.9606989622116089
2693,DoS,0.9634472727775574
2694,DoS,0.9630160927772522
2695,DoS,0.9635691046714783
2696,DoS,0.961050271987915
2697,DoS,0.9635593295097351
2698,DoS,0.758707582950592
2699,DoS,0.9635859131813049
2700,DoS,0.8282321095466614
2701,DoS,0.9636064171791077
2702,DoS,0.9636896252632141
2703,DoS,0.9636467695236206
2704,DoS,0.9636856317520142
2705,DoS,0.9637190699577332
2706,DoS,0.9141917824745178
2707,DoS,0.9636685848236084
2708,DoS,0.9601466059684753
2709,DoS,0.9440218210220337
2710,DoS,0.9635157585144043
2711,DoS,0.9302042722702026
2712,DoS,0.9635346531867981
2713,DoS,0.9040899872779846
2714,DoS,0.9636048674583435
2715,DoS,0.929970383644104
2716,DoS,0.963625431060791
2717,DoS,0.9628491997718811
2718,DoS,0.9621340036392212
2719,DoS,0.9634474515914917
2720,DoS,0.9629481434822083
2721,DoS,0.9635651111602783
2722,DoS,0.9638466238975525
2723,DoS,0.9636090397834778
2724,DoS,0.9636845588684082
2725,DoS,0.9637088775634766
2726,DoS,0.9637266397476196
2727,DoS,0.9546086192131042
2728,DoS,0.963576078414917
2729,DoS,0.9508699774742126
2730,DoS,0.9636432528495789
2731,DoS,0.9615219831466675
2732,DoS,0.9637787938117981
2733,DoS,0.9650434255599976
2734,DoS,0.9635326862335205
2735,DoS,0.9584304690361023
2736,DoS,0.9635821580886841
2737,DoS,0.9621775150299072
2738,DoS,0.963528037071228
2739,DoS,0.763460636138916
2740,DoS,0.963532030582428
2741,DoS,0.9120901226997375
2742,DoS,0.963600218296051
2743,DoS,0.5921463966369629
2744,DoS,0.9636064767837524
2745,DoS,0.9636329412460327
2746,DoS,0.963600218296051
2747,DoS,0.9256417751312256
2748,DoS,0.9635894298553467
2749,DoS,0.9606986045837402
2750,DoS,0.9636225700378418
2751,DoS,0.72194904088974
2752,DoS,0.963537335395813
2753,DoS,0.9279510378837585
2754,DoS,0.9636512398719788
2755,DoS,0.9622995853424072
2756,DoS,0.9635523557662964
2757,DoS,0.9502628445625305
2758,DoS,0.9635745286941528
2759,DoS,0.9399202466011047
2760,DoS,0.9635157585144043
2761,DoS,0.9444917440414429
2762,DoS,0.9634689092636108
2763,DoS,0.9423218965530396
2764,DoS,0.9634912610054016
2765,DoS,0.9362900257110596
2766,DoS,0.9635137319564819
2767,DoS,0.9585416316986084
2768,DoS,0.9635775089263916
2769,DoS,0.9573299884796143
2770,DoS,0.9635030031204224
2771,DoS,0.9667766690254211
2772,DoS,0.9635205864906311
2773,DoS,0.9651821851730347
2774,DoS,0.9634218215942383
2775,DoS,0.9650075435638428
2776,DoS,0.9634958505630493
2777,DoS,0.9456492066383362
2778,DoS,0.9634841084480286
2779,DoS,0.9651741981506348
2780,DoS,0.9634567499160767
2781,DoS,0.9188770651817322
2782,DoS,0.9634856581687927
2783,DoS,0.9182265400886536
2784,DoS,0.8515817523002625
2785,DoS,0.9634785652160645
2786,DoS,0.9655131697654724
2787,DoS,0.9636211395263672
2788,DoS,0.9636459350585938
2789,DoS,0.9636016488075256
2790,DoS,0.9635807275772095
2791,DoS,0.91858971118927
2792,DoS,0.9635860323905945
2793,DoS,0.9592406153678894
2794,DoS,0.9636486768722534
2795,DoS,0.8389514684677124
2796,DoS,0.9635093212127686
2797,DoS,0.933772623538971
2798,DoS,0.9636233448982239
2799,DoS,0.9626035690307617
2800,DoS,0.9635472893714905
2801,DoS,0.9486564993858337
2802,DoS,0.963514506816864
2803,DoS,0.9340950846672058
2804,DoS,0.9634913802146912
2805,DoS,0.9576071500778198
2806,DoS,0.9634639620780945
2807,DoS,0.9522299766540527
2808,DoS,0.9635046720504761
2809,DoS,0.9596838355064392
2810,DoS,0.963484525680542
2811,DoS,0.9622350335121155
2812,DoS,0.9635476469993591
2813,DoS,0.9660500884056091
2814,DoS,0.9634703993797302
2815,DoS,0.9647793769836426
2816,DoS,0.9633831977844238
2817,DoS,0.9660382866859436
2818,DoS,0.9634690284729004
2819,DoS,0.9577757716178894
2820,DoS,0.9634474515914917
2821,DoS,0.9653982520103455
2822,DoS,0.9634873867034912
2823,DoS,0.9190497994422913
2824,DoS,0.9635218381881714
2825,DoS,0.88201504945755
2826,DoS,0.9634904861450195
2827,DoS,0.9424194097518921
2828,DoS,0.9636270999908447
2829,DoS,0.9158583879470825
2830,DoS,0.9635169506072998
2831,DoS,0.9377731680870056
2832,DoS,0.9635031223297119
2833,DoS,0.9636362791061401
2834,DoS,0.9636337161064148
2835,DoS,0.9520666599273682
2836,DoS,0.9635326862335205
2837,DoS,0.9608047008514404
2838,DoS,0.9634109735488892
2839,DoS,0.9627403616905212
2840,DoS,0.9635418653488159
2841,DoS,0.9542456269264221
2842,DoS,0.9635143280029297
2843,DoS,0.9552350640296936
2844,DoS,0.9636041522026062
2845,DoS,0.8739020228385925
2846,DoS,0.9635897874832153
2847,DoS,0.9160594940185547
2848,DoS,0.9636503458023071
2849,DoS,0.9636897444725037
2850,DoS,0.9636703729629517
2851,DoS,0.9636821150779724
2852,DoS,0.963720440864563
2853,DoS,0.9443874955177307
2854,DoS,0.9636644124984741
2855,DoS,0.965360701084137
2856,DoS,0.9636602997779846
2857,DoS,0.8921105861663818
2858,DoS,0.9635250568389893
2859,DoS,0.9464139342308044
2860,DoS,0.9636459946632385
2861,DoS,0.9661470055580139
2862,DoS,0.9635685086250305
2863,DoS,0.9656396508216858
2864,DoS,0.9636093974113464
2865,DoS,0.9595879912376404
2866,DoS,0.9636033773422241
2867,DoS,0.9644082188606262
2868,DoS,0.9635821580886841
2869,DoS,0.9612903594970703
2870,DoS,0.9636198878288269
2871,DoS,0.9626739621162415
2872,DoS,0.9636277556419373
2873,DoS,0.9663495421409607
2874,DoS,0.9636864066123962
2875,DoS,0.9648858904838562
2876,DoS,0.9636130332946777
2877,DoS,0.9660025835037231
2878,DoS,0.9635886549949646
2879,DoS,0.9660495519638062
2880,DoS,0.9635233879089355
2881,DoS,0.965728223323822
2882,DoS,0.963567316532135
2883,DoS,0.9629943370819092
2884,DoS,0.9634830951690674
2885,DoS,0.9649104475975037
2886,DoS,0.9635335803031921
2887,DoS,0.9590161442756653
2888,DoS,0.9635896682739258
2889,DoS,0.8978786468505859
2890,DoS,0.9635696411132812
2891,DoS,0.9252921342849731
2892,DoS,0.9636077284812927
2893,DoS,0.9636237621307373
2894,DoS,0.9635841250419617
2895,DoS,0.9636088013648987
2896,DoS,0.9636711478233337
2897,DoS,0.9468759298324585
2898,DoS,0.9636410474777222
2899,DoS,0.9643803834915161
2900,DoS,0.9636366963386536
2901,DoS,0.8988429307937622
2902,DoS,0.9635253548622131
2903,DoS,0.9534122347831726
2904,DoS,0.9636486768722534
2905,DoS,0.9651354551315308
2906,DoS,0.9635692834854126
2907,DoS,0.9641174077987671
2908,DoS,0.9635594487190247
2909,DoS,0.9620636105537415
2910,DoS,0.9635398983955383
2911,DoS,0.9650052189826965
2912,DoS,0.9635430574417114
2913,DoS,0.9624502658843994
2914,DoS,0.96357262134552
2915,DoS,0.9648759961128235
2916,DoS,0.9636196494102478
2917,DoS,0.9664815068244934
2918,DoS,0.9635933041572571
2919,DoS,0.9636297225952148
2920,DoS,0.9607857465744019
2921,DoS,0.9635701775550842
2922,DoS,0.9633331894874573
2923,DoS,0.9635375738143921
2924,DoS,0.9663032293319702
2925,DoS,0.9635498523712158
2926,DoS,0.9657437801361084
2927,DoS,0.9634796977043152
2928,DoS,0.9656568765640259
2929,DoS,0.9608932733535767
2930,DoS,0.9635980725288391
2931,DoS,0.9655005931854248
2932,DoS,0.963528037071228
2933,DoS,0.9626462459564209
2934,DoS,0.9635323286056519
2935,DoS,0.9609578847885132
2936,DoS,0.9635555744171143
2937,DoS,0.95916348695755
2938,DoS,0.9635331034660339
2939,DoS,0.950040340423584
2940,DoS,0.9634978175163269
2941,DoS,0.9476219415664673
2942,DoS,0.9635254740715027
2943,DoS,0.9608917236328125
2944,DoS,0.9635835886001587
2945,DoS,0.9644704461097717
2946,DoS,0.9634922742843628
2947,DoS,0.9633519649505615
2948,DoS,0.9634103178977966
2949,DoS,0.9643396139144897
2950,DoS,0.9634957313537598
2951,DoS,0.9579907655715942
2952,DoS,0.9634653925895691
2953,DoS,0.9574976563453674
2954,DoS,0.9635000228881836
2955,DoS,0.9281594753265381
2956,DoS,0.963519811630249
2957,DoS,0.9467905759811401
2958,DoS,0.9635159969329834
2959,DoS,0.9126909375190735
2960,DoS,0.963576078414917
2961,DoS,0.9636359214782715
2962,DoS,0.9313493967056274
2963,DoS,0.9635922312736511
2964,DoS,0.9402499198913574
2965,DoS,0.9635406732559204
2966,DoS,0.9637297987937927
2967,DoS,0.963508129119873
2968,DoS,0.9491992592811584
2969,DoS,0.9634494781494141
2970,DoS,0.9502777457237244
2971,DoS,0.9635546803474426
2972,DoS,0.9443694353103638
2973,DoS,0.9635413289070129
2974,DoS,0.9566435217857361
2975,DoS,0.9635528326034546
2976,DoS,0.9536945819854736
2977,DoS,0.9636766910552979
2978,DoS,0.949703574180603
2979,DoS,0.9636236429214478
2980,DoS,0.9591016173362732
2981,DoS,0.9636046290397644
2982,DoS,0.9637092351913452
2983,DoS,0.9587910771369934
2984,DoS,0.9635918736457825
2985,DoS,0.9662830829620361
2986,DoS,0.9635799527168274
2987,DoS,0.9656544923782349
2988,DoS,0.9634565711021423
2989,DoS,0.9662888050079346
2990,DoS,0.9635682106018066
2991,DoS,0.965932309627533
2992,DoS,0.9635809063911438
2993,DoS,0.9189156293869019
2994,DoS,0.9635403156280518
2995,DoS,0.9389818906784058
2996,DoS,0.9635793566703796
2997,DoS,0.7967442870140076
2998,DoS,0.9635998606681824
2999,DoS,0.9636762142181396
3000,DoS,0.9636626243591309
3001,DoS,0.9636614322662354
3002,DoS,0.9381131529808044
3003,DoS,0.9635021090507507
3004,DoS,0.9596638679504395
3005,DoS,0.96357262134552
3006,DoS,0.9554718136787415
3007,DoS,0.9636126756668091
3008,DoS,0.9582512378692627
3009,DoS,0.9636344909667969
3010,DoS,0.9647354483604431
3011,DoS,0.9635953307151794
3012,DoS,0.965246856212616
3013,DoS,0.9634187817573547
3014,DoS,0.9644610285758972
3015,DoS,0.9635578989982605
3016,DoS,0.9642468094825745
3017,DoS,0.9636332988739014
3018,DoS,0.9429236650466919
3019,DoS,0.9636334180831909
3020,DoS,0.9637234210968018
3021,DoS,0.9499003291130066
3022,DoS,0.9635916948318481
3023,DoS,0.9598900675773621
3024,DoS,0.9635644555091858
3025,DoS,0.9543905258178711
3026,DoS,0.9635940790176392
3027,DoS,0.9610037207603455
3028,DoS,0.9636315107345581
3029,DoS,0.9646669626235962
3030,DoS,0.9634854197502136
3031,DoS,0.9632604718208313
3032,DoS,0.9634007811546326
3033,DoS,0.9630730748176575
3034,DoS,0.9635059237480164
3035,DoS,0.9611335396766663
3036,DoS,0.9634935259819031
3037,DoS,0.9631695747375488
3038,DoS,0.9635890126228333
3039,DoS,0.9371424913406372
3040,DoS,0.9635759592056274
3041,DoS,0.9483315348625183
3042,DoS,0.9635699987411499
3043,DoS,0.963696300983429
3044,DoS,0.924596905708313
3045,DoS,0.9636353850364685
3046,DoS,0.9574647545814514
3047,DoS,0.963577926158905
3048,DoS,0.963664174079895
3049,DoS,0.9461450576782227
3050,DoS,0.9634928107261658
3051,DoS,0.9620558023452759
3052,DoS,0.9635443091392517
3053,DoS,0.9627613425254822
3054,DoS,0.9634580016136169
3055,DoS,0.9649189710617065
3056,DoS,0.9635964035987854
3057,DoS,0.9645386338233948
3058,DoS,0.9636560082435608
3059,DoS,0.9181736707687378
3060,DoS,0.9636492133140564
3061,DoS,0.9410828351974487
3062,DoS,0.9636751413345337
3063,DoS,0.9637558460235596
3064,DoS,0.9637627005577087
3065,DoS,0.9637710452079773
3066,DoS,0.9638214111328125
3067,DoS,0.956656813621521
3068,DoS,0.9637611508369446
3069,DoS,0.9637616276741028
3070,DoS,0.9637594819068909
3071,DoS,0.9568129777908325
3072,DoS,0.9636520147323608
3073,DoS,0.9660269618034363
3074,DoS,0.9636242389678955
3075,DoS,0.9617550373077393
3076,DoS,0.9635983109474182
3077,DoS,0.9569627046585083
3078,DoS,0.963599443435669
3079,DoS,0.9624482989311218
3080,DoS,0.9636067152023315
3081,DoS,0.9663047790527344
3082,DoS,0.9636815786361694
3083,DoS,0.9614630937576294
3084,DoS,0.9636265635490417
3085,DoS,0.9669371247291565
3086,DoS,0.9637314677238464
3087,DoS,0.967111349105835
3088,DoS,0.9636732339859009
3089,DoS,0.9666801691055298
3090,DoS,0.9636343717575073
3091,DoS,0.9664075374603271
3092,DoS,0.963614821434021
3093,DoS,0.9667434692382812
3094,DoS,0.9635639190673828
3095,DoS,0.9662588238716125
3096,DoS,0.9634622931480408
3097,DoS,0.9666865468025208
3098,DoS,0.9635648727416992
3099,DoS,0.9666006565093994
3100,DoS,0.9635445475578308
3101,DoS,0.9209272265434265
3102,DoS,0.963542640209198
3103,DoS,0.949479341506958
3104,DoS,0.9571593999862671
3105,DoS,0.9635910987854004
3106,DoS,0.9384090304374695
3107,DoS,0.9634883999824524
3108,DoS,0.948893666267395
3109,DoS,0.9636258482933044
3110,DoS,0.9637230634689331
3111,DoS,0.9598082304000854
3112,DoS,0.9636006355285645
3113,DoS,0.9625087380409241
3114,DoS,0.9635123014450073
3115,DoS,0.964884877204895
3116,DoS,0.9636403918266296
3117,DoS,0.9588561654090881
3118,DoS,0.9635738730430603
3119,DoS,0.961143970489502
3120,DoS,0.9636062979698181
3121,DoS,0.952262818813324
3122,DoS,0.9635891318321228
3123,DoS,0.9072476625442505
3124,DoS,0.9636162519454956
3125,DoS,0.9408593773841858
3126,DoS,0.9246507287025452
3127,DoS,0.9635117650032043
3128,DoS,0.963674008846283
3129,DoS,0.9636871218681335
3130,DoS,0.9637020230293274
3131,DoS,0.9430170059204102
3132,DoS,0.9635301232337952
3133,DoS,0.9631213545799255
3134,DoS,0.9546934962272644
3135,DoS,0.9634307622909546
3136,DoS,0.9630658626556396
3137,DoS,0.9635716080665588
3138,DoS,0.9637515544891357
3139,DoS,0.9635608792304993
3140,DoS,0.9093109369277954
3141,DoS,0.963546097278595
3142,DoS,0.926932156085968
3143,DoS,0.9466216564178467
3144,DoS,0.963528573513031
3145,DoS,0.9134284257888794
3146,DoS,0.9636449217796326
3147,DoS,0.9274303913116455
3148,DoS,0.9635701775550842
3149,DoS,0.9508784413337708
3150,DoS,0.9636002779006958
3151,DoS,0.959376335144043
3152,DoS,0.9635112285614014
3153,DoS,0.9624359607696533
3154,DoS,0.9635603427886963
3155,DoS,0.9620969295501709
3156,DoS,0.9634137153625488
3157,DoS,0.9619052410125732
3158,DoS,0.9635523557662964
3159,DoS,0.9622640609741211
3160,DoS,0.9635542631149292
3161,DoS,0.9198535084724426
3162,DoS,0.9635966420173645
3163,DoS,0.9418659806251526
3164,DoS,0.9635882377624512
3165,DoS,0.9292963147163391
3166,DoS,0.9290046095848083
3167,DoS,0.9636591076850891
3168,DoS,0.9637423157691956
3169,DoS,0.9310232400894165
3170,DoS,0.9636508822441101
3171,DoS,0.9626096487045288
3172,DoS,0.9636654853820801
3173,DoS,0.8308779001235962
3174,DoS,0.9635336995124817
3175,DoS,0.9541381597518921
3176,DoS,0.963648796081543
3177,DoS,0.9638269543647766
3178,DoS,0.9636024236679077
3179,DoS,0.9647818207740784
3180,DoS,0.963664710521698
3181,DoS,0.9561321139335632
3182,DoS,0.9636337161064148
3183,DoS,0.9632678031921387
3184,DoS,0.9637690186500549
3185,DoS,0.9630162119865417
3186,DoS,0.9591051340103149
3187,DoS,0.9637243747711182
3188,DoS,0.9638274908065796
3189,DoS,0.963797926902771
3190,DoS,0.9603664875030518
3191,DoS,0.9637547135353088
3192,DoS,0.9639692902565002
3193,DoS,0.9636718034744263
3194,DoS,0.9667453765869141
3195,DoS,0.9636856317520142
3196,DoS,0.9637819528579712
3197,DoS,0.9668788313865662
3198,DoS,0.9636865258216858
3199,DoS,0.9665369391441345
3200,DoS,0.9637330174446106
3201,DoS,0.966222882270813
3202,DoS,0.9636672735214233
3203,DoS,0.9656999707221985
3204,DoS,0.9636916518211365
3205,DoS,0.9666261672973633
3206,DoS,0.9636916518211365
3207,DoS,0.9665416479110718
3208,DoS,0.9637176394462585
3209,DoS,0.9674089550971985
3210,DoS,0.9637612700462341
3211,DoS,0.9669829607009888
3212,DoS,0.9636940956115723
3213,DoS,0.9663175940513611
3214,DoS,0.96355801820755
3215,DoS,0.9666473269462585
3216,DoS,0.9636660814285278
3217,DoS,0.9661088585853577
3218,DoS,0.9635931253433228
3219,DoS,0.9668868780136108
3220,DoS,0.9636117219924927
3221,DoS,0.9611566662788391
3222,DoS,0.9636635184288025
3223,DoS,0.9629872441291809
3224,DoS,0.963620662689209
3225,DoS,0.9589640498161316
3226,DoS,0.9636456966400146
3227,DoS,0.9636719226837158
3228,DoS,0.9636866450309753
3229,DoS,0.9565867781639099
3230,DoS,0.9636170268058777
3231,DoS,0.9627882242202759
3232,DoS,0.9636076092720032
3233,DoS,0.9658119678497314
3234,DoS,0.9635910987854004
3235,DoS,0.9615877866744995
3236,DoS,0.9635668992996216
3237,DoS,0.9641726016998291
3238,DoS,0.9635551571846008
3239,DoS,0.9641749858856201
3240,DoS,0.9635983109474182
3241,DoS,0.9648545980453491
3242,DoS,0.963611900806427
3243,DoS,0.965621292591095
3244,DoS,0.9636995196342468
3245,DoS,0.9654001593589783
3246,DoS,0.9636843204498291
3247,DoS,0.9661315083503723
3248,DoS,0.9636585116386414
3249,DoS,0.9637528657913208
3250,DoS,0.9653358459472656
3251,DoS,0.9636157155036926
3252,DoS,0.9658846855163574
3253,DoS,0.9634992480278015
3254,DoS,0.9664152264595032
3255,DoS,0.9636325240135193
3256,DoS,0.9657166600227356
3257,DoS,0.9635700583457947
3258,DoS,0.9667601585388184
3259,DoS,0.9635810256004333
3260,DoS,0.9519041776657104
3261,DoS,0.9635829329490662
3262,DoS,0.9567315578460693
3263,DoS,0.963606059551239
3264,DoS,0.9636814594268799
3265,DoS,0.9636637568473816
3266,DoS,0.9636912941932678
3267,DoS,0.9637305736541748
3268,DoS,0.9592442512512207
3269,DoS,0.9636764526367188
3270,DoS,0.9656456112861633
3271,DoS,0.9637345671653748
3272,DoS,0.9542838335037231
3273,DoS,0.9635874629020691
3274,DoS,0.9623891115188599
3275,DoS,0.9636521935462952
3276,DoS,0.9656438231468201
3277,DoS,0.9635799527168274
3278,DoS,0.9653763771057129
3279,DoS,0.9636000990867615
3280,DoS,0.9662033915519714
3281,DoS,0.9636295437812805
3282,DoS,0.965461790561676
3283,DoS,0.9636486768722534
3284,DoS,0.9637259244918823
3285,DoS,0.9633841514587402
3286,DoS,0.9636638164520264
3287,DoS,0.9654713869094849
3288,DoS,0.9637319445610046
3289,DoS,0.9637704491615295
3290,DoS,0.963769793510437
3291,DoS,0.9607841968536377
3292,DoS,0.9636216759681702
3293,DoS,0.9656369686126709
3294,DoS,0.963641345500946
3295,DoS,0.9660755395889282
3296,DoS,0.9636765718460083
3297,DoS,0.9662005305290222
3298,DoS,0.9635999798774719
3299,DoS,0.9660415053367615
3300,DoS,0.9635385274887085
3301,DoS,0.966381847858429
3302,DoS,0.9635940194129944
3303,DoS,0.965776264667511
3304,DoS,0.9635589122772217
3305,DoS,0.9661623239517212
3306,DoS,0.9636078476905823
3307,DoS,0.965565025806427
3308,DoS,0.963667631149292
3309,DoS,0.9653521180152893
3310,DoS,0.9636330604553223
3311,DoS,0.9623405337333679
3312,DoS,0.9636383652687073
3313,DoS,0.9636921882629395
3314,DoS,0.9636715054512024
3315,DoS,0.9581393599510193
3316,DoS,0.9636285305023193
3317,DoS,0.9633557200431824
3318,DoS,0.9635710716247559
3319,DoS,0.9664286971092224
3320,DoS,0.9635336995124817
3321,DoS,0.9642741084098816
3322,DoS,0.9635679721832275
3323,DoS,0.965144693851471
3324,DoS,0.9635623693466187
3325,DoS,0.9625043869018555
3326,DoS,0.96360182762146
3327,DoS,0.9665995240211487
3328,DoS,0.9636251926422119
3329,DoS,0.9656851887702942
3330,DoS,0.9637147784233093
3331,DoS,0.9659596681594849
3332,DoS,0.9637038111686707
3333,DoS,0.9662778973579407
3334,DoS,0.9636797904968262
3335,DoS,0.9637680053710938
3336,DoS,0.965321958065033
3337,DoS,0.9636443853378296
3338,DoS,0.9659554362297058
3339,DoS,0.9635213017463684
3340,DoS,0.9664103388786316
3341,DoS,0.9636663794517517
3342,DoS,0.9660933613777161
3343,DoS,0.9635888934135437
3344,DoS,0.9663745760917664
3345,DoS,0.9635652303695679
3346,DoS,0.955832302570343
3347,DoS,0.9635871052742004
3348,DoS,0.9584385752677917
3349,DoS,0.9636250138282776
3350,DoS,0.9409831762313843
3351,DoS,0.9636382460594177
3352,DoS,0.9637091159820557
3353,DoS,0.9304388761520386
3354,DoS,0.9635950922966003
3355,DoS,0.9612871408462524
3356,DoS,0.9635990858078003
3357,DoS,0.9652974009513855
3358,DoS,0.9636073708534241
3359,DoS,0.9565167427062988
3360,DoS,0.9636016488075256
3361,DoS,0.9639896154403687
3362,DoS,0.9636315107345581
3363,DoS,0.9652020931243896
3364,DoS,0.9635134339332581
3365,DoS,0.9655089378356934
3366,DoS,0.9633855223655701
3367,DoS,0.9635592699050903
3368,DoS,0.9518640041351318
3369,DoS,0.9634774327278137
3370,DoS,0.9632518887519836
3371,DoS,0.9635056853294373
3372,DoS,0.9603721499443054
3373,DoS,0.9635753035545349
3374,DoS,0.956170916557312
3375,DoS,0.9635729789733887
3376,DoS,0.9660254716873169
3377,DoS,0.9636064171791077
3378,DoS,0.9647231101989746
3379,DoS,0.9635640978813171
3380,DoS,0.9655152559280396
3381,DoS,0.9635396599769592
3382,DoS,0.9636151194572449
3383,DoS,0.9657903909683228
3384,DoS,0.9649103283882141
3385,DoS,0.9634785652160645
3386,DoS,0.9651050567626953
3387,DoS,0.9634151458740234
3388,DoS,0.9656780958175659
3389,DoS,0.9635739326477051
3390,DoS,0.9661383032798767
3391,DoS,0.9636183381080627
3392,DoS,0.9610340595245361
3393,DoS,0.9636849761009216
3394,DoS,0.9631924629211426
3395,DoS,0.9636464715003967
3396,DoS,0.958720326423645
3397,DoS,0.9636697173118591
3398,DoS,0.9636958241462708
3399,DoS,0.9637219905853271
3400,DoS,0.9616199731826782
3401,DoS,0.9636847972869873
3402,DoS,0.9612798094749451
3403,DoS,0.9636895060539246
3404,DoS,0.9664158821105957
3405,DoS,0.9660170674324036
3406,DoS,0.9637418985366821
3407,DoS,0.9638112187385559
3408,DoS,0.9622686505317688
3409,DoS,0.9636620879173279
3410,DoS,0.9659206867218018
3411,DoS,0.9636666178703308
3412,DoS,0.9643623232841492
3413,DoS,0.9636959433555603
3414,DoS,0.9630366563796997
3415,DoS,0.9637317061424255
3416,DoS,0.9636735916137695
3417,DoS,0.9638187289237976
3418,DoS,0.9638568162918091
3419,DoS,0.9623537063598633
3420,DoS,0.9637855291366577
3421,DoS,0.9638223052024841
3422,DoS,0.9651306867599487
3423,DoS,0.9637129902839661
3424,DoS,0.9666731953620911
3425,DoS,0.9637058973312378
3426,DoS,0.9663621187210083
3427,DoS,0.963674008846283
3428,DoS,0.9625153541564941
3429,DoS,0.9636695981025696
3430,DoS,0.9648715853691101
3431,DoS,0.9636766910552979
3432,DoS,0.963654637336731
3433,DoS,0.9636165499687195
3434,DoS,0.9664049744606018
3435,DoS,0.963721513748169
3436,DoS,0.9658651351928711
3437,DoS,0.9636901021003723
3438,DoS,0.9662562608718872
3439,DoS,0.9637326002120972
3440,DoS,0.9661891460418701
3441,DoS,0.9637252688407898
3442,DoS,0.9667220711708069
3443,DoS,0.9637041687965393
3444,DoS,0.965893566608429
3445,DoS,0.966233491897583
3446,DoS,0.9636893272399902
3447,DoS,0.9616262316703796
3448,DoS,0.9635382294654846
3449,DoS,0.9641189575195312
3450,DoS,0.9635848999023438
3451,DoS,0.9665447473526001
3452,DoS,0.9635334610939026
3453,DoS,0.9655449390411377
3454,DoS,0.9635912179946899
3455,DoS,0.9581137895584106
3456,DoS,0.9636291861534119
3457,DoS,0.9580860733985901
3458,DoS,0.9635780453681946
3459,DoS,0.9605478048324585
3460,DoS,0.9636329412460327
3461,DoS,0.9639004468917847
3462,DoS,0.9637256264686584
3463,DoS,0.959619402885437
3464,DoS,0.9636498093605042
3465,DoS,0.9647207856178284
3466,DoS,0.9636104702949524
3467,DoS,0.964987576007843
3468,DoS,0.9634751081466675
3469,DoS,0.9650185704231262
3470,DoS,0.96360182762146
3471,DoS,0.9647366404533386
3472,DoS,0.9635751843452454
3473,DoS,0.964638888835907
3474,DoS,0.9636775851249695
3475,DoS,0.9637744426727295
3476,DoS,0.9388339519500732
3477,DoS,0.9636735916137695
3478,DoS,0.9635711908340454
3479,DoS,0.9638137817382812
3480,DoS,0.963840126991272
3481,DoS,0.9603718519210815
3482,DoS,0.9637987017631531
3483,DoS,0.9638175368309021
3484,DoS,0.9615909457206726
3485,DoS,0.9637089967727661
3486,DoS,0.9637941718101501
3487,DoS,0.9639023542404175
3488,DoS,0.9637607336044312
3489,DoS,0.9664448499679565
3490,DoS,0.9637448787689209
3491,DoS,0.9659937024116516
3492,DoS,0.9636897444725037
3493,DoS,0.9664294719696045
3494,DoS,0.9636894464492798
3495,DoS,0.9663199186325073
3496,DoS,0.9636246562004089
3497,DoS,0.9657490253448486
3498,DoS,0.9636668562889099
3499,DoS,0.9654784798622131
3500,DoS,0.9636815786361694
3501,DoS,0.9672290086746216
3502,DoS,0.9637579321861267
3503,DoS,0.9668371677398682
3504,DoS,0.9636650681495667
3505,DoS,0.9659627676010132
3506,DoS,0.9635112285614014
3507,DoS,0.9663732647895813
3508,DoS,0.9636486768722534
3509,DoS,0.966214656829834
3510,DoS,0.9636202454566956
3511,DoS,0.9596301317214966
3512,DoS,0.9635405540466309
3513,DoS,0.9628546237945557
3514,DoS,0.9634888768196106
3515,DoS,0.9656588435173035
3516,DoS,0.9635531306266785
3517,DoS,0.9651705622673035
3518,DoS,0.9636136889457703
3519,DoS,0.9633483290672302
3520,DoS,0.9635742902755737
3521,DoS,0.9650791883468628
3522,DoS,0.9635346531867981
3523,DoS,0.9656786322593689
3524,DoS,0.9635465145111084
3525,DoS,0.96548992395401
3526,DoS,0.9635406732559204
3527,DoS,0.9656665325164795
3528,DoS,0.9530537128448486
3529,DoS,0.9634483456611633
3530,DoS,0.9613842368125916
3531,DoS,0.9635860323905945
3532,DoS,0.9642292261123657
3533,DoS,0.9635019302368164
3534,DoS,0.9574346542358398
3535,DoS,0.9635157585144043
3536,DoS,0.9648037552833557
3537,DoS,0.9635559320449829
3538,DoS,0.9633631706237793
3539,DoS,0.9636441469192505
3540,DoS,0.9605929851531982
3541,DoS,0.9635547995567322
3542,DoS,0.9584945440292358
3543,DoS,0.9636609554290771
3544,DoS,0.9619175791740417
3545,DoS,0.9637114405632019
3546,DoS,0.9650358557701111
3547,DoS,0.9636611938476562
3548,DoS,0.9654091596603394
3549,DoS,0.9635054469108582
3550,DoS,0.9652697443962097
3551,DoS,0.9635913372039795
3552,DoS,0.9641063213348389
3553,DoS,0.9635748267173767
3554,DoS,0.9651938676834106
3555,DoS,0.9636765718460083
3556,DoS,0.9583314657211304
3557,DoS,0.9637322425842285
3558,DoS,0.962595522403717
3559,DoS,0.9637541770935059
3560,DoS,0.9640841484069824
3561,DoS,0.9638251662254333
3562,DoS,0.9638200998306274
3563,DoS,0.9615993499755859
3564,DoS,0.9637260437011719
3565,DoS,0.9637711048126221
3566,DoS,0.9586572051048279
3567,DoS,0.963687539100647
3568,DoS,0.9637622833251953
3569,DoS,0.965610146522522
3570,DoS,0.9637150168418884
3571,DoS,0.9604493975639343
3572,DoS,0.9635917544364929
3573,DoS,0.9644999504089355
3574,DoS,0.9636824727058411
3575,DoS,0.9657596945762634
3576,DoS,0.963674008846283
3577,DoS,0.9653038382530212
3578,DoS,0.963720440864563
3579,DoS,0.9663684964179993
3580,DoS,0.9637981653213501
3581,DoS,0.9661155343055725
3582,DoS,0.9637553095817566
3583,DoS,0.965120255947113
3584,DoS,0.963783860206604
3585,DoS,0.965278148651123
3586,DoS,0.9637281894683838
3587,DoS,0.96695876121521
3588,DoS,0.9637340307235718
3589,DoS,0.9666013121604919
3590,DoS,0.96368807554245
3591,DoS,0.9659358263015747
3592,DoS,0.9635807275772095
3593,DoS,0.9665734767913818
3594,DoS,0.9636853337287903
3595,DoS,0.9661901593208313
3596,DoS,0.9636114835739136
3597,DoS,0.966632068157196
3598,DoS,0.9636809825897217
3599,DoS,0.9640482664108276
3600,DoS,0.9636800289154053
3601,DoS,0.9655921459197998
3602,DoS,0.963691771030426
3603,DoS,0.96416836977005
3604,DoS,0.9637487530708313
3605,DoS,0.9637882709503174
3606,DoS,0.9614139795303345
3607,DoS,0.9636960625648499
3608,DoS,0.9640253186225891
3609,DoS,0.9636761546134949
3610,DoS,0.9658315181732178
3611,DoS,0.9636529088020325
3612,DoS,0.9637495279312134
3613,DoS,0.9599433541297913
3614,DoS,0.9636123776435852
3615,DoS,0.9623411893844604
3616,DoS,0.9637002944946289
3617,DoS,0.9655242562294006
3618,DoS,0.9637251496315002
3619,DoS,0.966715395450592
3620,DoS,0.9637545347213745
3621,DoS,0.9664455056190491
3622,DoS,0.9638519883155823
3623,DoS,0.9671204090118408
3624,DoS,0.963869571685791
3625,DoS,0.9664979577064514
3626,DoS,0.9638340473175049
3627,DoS,0.9660788178443909
3628,DoS,0.9638567566871643
3629,DoS,0.9668177962303162
3630,DoS,0.9637922644615173
3631,DoS,0.9637736678123474
3632,DoS,0.9637809991836548
3633,DoS,0.9663301706314087
3634,DoS,0.9636896252632141
3635,DoS,0.9667425751686096
3636,DoS,0.963683545589447
3637,DoS,0.9660043716430664
3638,DoS,0.9636010527610779
3639,DoS,0.9660913348197937
3640,DoS,0.963707685470581
3641,DoS,0.9664618968963623
3642,DoS,0.9637712240219116
3643,DoS,0.9646706581115723
3644,DoS,0.9638075828552246
3645,DoS,0.9660794734954834
3646,DoS,0.9637532830238342
3647,DoS,0.9657989144325256
3648,DoS,0.9638543128967285
3649,DoS,0.9642215371131897
3650,DoS,0.9638578295707703
3651,DoS,0.9638183116912842
3652,DoS,0.9640413522720337
3653,DoS,0.9637212753295898
3654,DoS,0.965390145778656
3655,DoS,0.9636775851249695
3656,DoS,0.966131329536438
3657,DoS,0.9636947512626648
3658,DoS,0.9659857749938965
3659,DoS,0.9636589884757996
3660,DoS,0.965873122215271
3661,DoS,0.9637503027915955
3662,DoS,0.9637883901596069
3663,DoS,0.9638372659683228
3664,DoS,0.9558002948760986
3665,DoS,0.9637252688407898
3666,DoS,0.9655457139015198
3667,DoS,0.963855504989624
3668,DoS,0.9664258360862732
3669,DoS,0.9638327956199646
3670,DoS,0.9654492735862732
3671,DoS,0.9637734293937683
3672,DoS,0.9658940434455872
3673,DoS,0.9638118743896484
3674,DoS,0.9664125442504883
3675,DoS,0.9636960625648499
3676,DoS,0.9658050537109375
3677,DoS,0.9636209011077881
3678,DoS,0.9664112329483032
3679,DoS,0.9637213945388794
3680,DoS,0.966222882270813
3681,DoS,0.9636611938476562
3682,DoS,0.9668186902999878
3683,DoS,0.9636929631233215
3684,DoS,0.9667506217956543
3685,DoS,0.9637811779975891
3686,DoS,0.9642763137817383
3687,DoS,0.9638345837593079
3688,DoS,0.9665544033050537
3689,DoS,0.9638340473175049
3690,DoS,0.966149091720581
3691,DoS,0.963745653629303
3692,DoS,0.9660211801528931
3693,DoS,0.9637144207954407
3694,DoS,0.9638193845748901
3695,DoS,0.9637815356254578
3696,DoS,0.9636858701705933
3697,DoS,0.9656292796134949
3698,DoS,0.9635663032531738
3699,DoS,0.9655810594558716
3700,DoS,0.9637148976325989
3701,DoS,0.9652379751205444
3702,DoS,0.9637266397476196
3703,DoS,0.966041624546051
3704,DoS,0.9638304710388184
3705,DoS,0.9593121409416199
3706,DoS,0.9638322591781616
3707,DoS,0.9616265892982483
3708,DoS,0.9638987183570862
3709,DoS,0.959823727607727
3710,DoS,0.9639415740966797
3711,DoS,0.9639598727226257
3712,DoS,0.9655373692512512
3713,DoS,0.963897168636322
3714,DoS,0.9638832807540894
3715,DoS,0.9658551216125488
3716,DoS,0.9638329148292542
3717,DoS,0.9638422131538391
3718,DoS,0.9637385606765747
3719,DoS,0.9652153849601746
3720,DoS,0.9637942910194397
3721,DoS,0.9659409523010254
3722,DoS,0.9637144207954407
3723,DoS,0.9651067852973938
3724,DoS,0.9637328386306763
3725,DoS,0.9647938013076782
3726,DoS,0.9637329578399658
3727,DoS,0.9665859341621399
3728,DoS,0.9638094305992126
3729,DoS,0.9672720432281494
3730,DoS,0.9638108611106873
3731,DoS,0.9663372039794922
3732,DoS,0.9638596177101135
3733,DoS,0.9660562872886658
3734,DoS,0.9638580679893494
3735,DoS,0.9664520025253296
3736,DoS,0.9638718962669373
3737,DoS,0.9659507274627686
3738,DoS,0.963836669921875
3739,DoS,0.9662412405014038
3740,DoS,0.9638457894325256
3741,DoS,0.9652416110038757
3742,DoS,0.9636402726173401
3743,DoS,0.9648902416229248
3744,DoS,0.9636884331703186
3745,DoS,0.9665624499320984
3746,DoS,0.9636162519454956
3747,DoS,0.9662442803382874
3748,DoS,0.9636637568473816
3749,DoS,0.9661694765090942
3750,DoS,0.9636392593383789
3751,DoS,0.9665173292160034
3752,DoS,0.9636794328689575
3753,DoS,0.9617248177528381
3754,DoS,0.9636638164520264
3755,DoS,0.9662686586380005
3756,DoS,0.9637282490730286
3757,DoS,0.963779628276825
3758,DoS,0.9642845392227173
3759,DoS,0.9636009931564331
3760,DoS,0.9661591053009033
3761,DoS,0.9635971784591675
3762,DoS,0.9664108753204346
3763,DoS,0.9636386036872864
3764,DoS,0.962350606918335
3765,DoS,0.9636811017990112
3766,DoS,0.9628283381462097
3767,DoS,0.9636606574058533
3768,DoS,0.9664108157157898
3769,DoS,0.9636804461479187
3770,DoS,0.9673394560813904
3771,DoS,0.9636957049369812
3772,DoS,0.963799238204956
3773,DoS,0.963834822177887
3774,DoS,0.9637998938560486
3775,DoS,0.9665951132774353
3776,DoS,0.9637553095817566
3777,DoS,0.9638047814369202
3778,DoS,0.9662662744522095
3779,DoS,0.9637956023216248
3780,DoS,0.9648012518882751
3781,DoS,0.9636586308479309
3782,DoS,0.9661514759063721
3783,DoS,0.9637155532836914
3784,DoS,0.9666662812232971
3785,DoS,0.9637324810028076
3786,DoS,0.9664719104766846
3787,DoS,0.9637337327003479
3788,DoS,0.9671159386634827
3789,DoS,0.9637303948402405
3790,DoS,0.9674867987632751
3791,DoS,0.9637505412101746
3792,DoS,0.9673205614089966
3793,DoS,0.9637496471405029
3794,DoS,0.9665530920028687
3795,DoS,0.9637520909309387
3796,DoS,0.9657242298126221
3797,DoS,0.9637874960899353
3798,DoS,0.9665125608444214
3799,DoS,0.9637834429740906
3800,DoS,0.9656628370285034
3801,DoS,0.9636498689651489
3802,DoS,0.9657721519470215
3803,DoS,0.963649570941925
3804,DoS,0.9660962820053101
3805,DoS,0.9637004733085632
3806,DoS,0.9659491777420044
3807,DoS,0.9637144207954407
3808,DoS,0.9661006927490234
3809,DoS,0.9636162519454956
3810,DoS,0.9659693241119385
3811,DoS,0.9636264443397522
3812,DoS,0.9655389189720154
3813,DoS,0.9636725783348083
3814,DoS,0.9659779071807861
3815,DoS,0.9636637568473816
3816,DoS,0.9637219905853271
3817,DoS,0.9611104726791382
3818,DoS,0.9636350870132446
3819,DoS,0.9655374884605408
3820,DoS,0.9636638164520264
3821,DoS,0.9656482934951782
3822,DoS,0.9637055993080139
3823,DoS,0.9654545783996582
3824,DoS,0.963625967502594
3825,DoS,0.9653878211975098
3826,DoS,0.9636910557746887
3827,DoS,0.9653622508049011
3828,DoS,0.9636225700378418
3829,DoS,0.9657765030860901
3830,DoS,0.963739812374115
3831,DoS,0.9656473994255066
3832,DoS,0.9637982845306396
3833,DoS,0.9663212895393372
3834,DoS,0.9638814330101013
3835,DoS,0.9660481810569763
3836,DoS,0.9638076424598694
3837,DoS,0.9647387266159058
3838,DoS,0.9637910723686218
3839,DoS,0.964670717716217
3840,DoS,0.9637374877929688
3841,DoS,0.965764045715332
3842,DoS,0.9637514352798462
3843,DoS,0.9637856483459473
3844,DoS,0.9661722779273987
3845,DoS,0.9637293815612793
3846,DoS,0.9648816585540771
3847,DoS,0.963600754737854
3848,DoS,0.9647790193557739
3849,DoS,0.963745653629303
3850,DoS,0.9658510684967041
3851,DoS,0.9636802077293396
3852,DoS,0.9654424786567688
3853,DoS,0.9637073278427124
3854,DoS,0.9661702513694763
3855,DoS,0.9637593626976013
3856,DoS,0.9658747911453247
3857,DoS,0.9638150930404663
3858,DoS,0.9660627841949463
3859,DoS,0.9637519717216492
3860,DoS,0.965788722038269
3861,DoS,0.9637704491615295
3862,DoS,0.9649991393089294
3863,DoS,0.9637809991836548
3864,DoS,0.966219425201416
3865,DoS,0.9636892080307007
3866,DoS,0.9655953645706177
3867,DoS,0.9636526703834534
3868,DoS,0.9658212065696716
3869,DoS,0.9637523293495178
3870,DoS,0.9658154249191284
3871,DoS,0.9636969566345215
3872,DoS,0.9659431576728821
3873,DoS,0.9636994004249573
3874,DoS,0.9658842086791992
3875,DoS,0.9636959433555603
3876,DoS,0.9657881855964661
3877,DoS,0.9636980295181274
3878,DoS,0.9654691219329834
3879,DoS,0.9637448787689209
3880,DoS,0.9637880921363831
3881,DoS,0.9626315236091614
3882,DoS,0.9636906385421753
3883,DoS,0.9637460112571716
3884,DoS,0.9637563824653625
3885,DoS,0.9638012647628784
3886,DoS,0.9625644683837891
3887,DoS,0.9636371731758118
3888,DoS,0.9619380831718445
3889,DoS,0.9636967182159424
3890,DoS,0.9650129675865173
3891,DoS,0.9637233018875122
3892,DoS,0.965691328048706
3893,DoS,0.9637101292610168
3894,DoS,0.9653783440589905
3895,DoS,0.9636744856834412
3896,DoS,0.9658147096633911
3897,DoS,0.9638137817382812
3898,DoS,0.9657501578330994
3899,DoS,0.9637801051139832
3900,DoS,0.9653095006942749
3901,DoS,0.9638360142707825
3902,DoS,0.9673206806182861
3903,DoS,0.9639483094215393
3904,DoS,0.9664095640182495
3905,DoS,0.9638696908950806
3906,DoS,0.9665696620941162
3907,DoS,0.9638442397117615
3908,DoS,0.9638583064079285
3909,DoS,0.9655241370201111
3910,DoS,0.9637834429740906
3911,DoS,0.9665064215660095
3912,DoS,0.9637856483459473
3913,DoS,0.9661614894866943
3914,DoS,0.9636645317077637
3915,DoS,0.9655988216400146
3916,DoS,0.9635800719261169
3917,DoS,0.9637611508369446
3918,DoS,0.9638183116912842
3919,DoS,0.9646344780921936
3920,DoS,0.9637088775634766
3921,DoS,0.9634673595428467
3922,DoS,0.9637438654899597
3923,DoS,0.9658628702163696
3924,DoS,0.9638372659683228
3925,DoS,0.9657822847366333
3926,DoS,0.9637587070465088
3927,DoS,0.965630829334259
3928,DoS,0.9637442231178284
3929,DoS,0.9651190042495728
3930,DoS,0.9637909531593323
3931,DoS,0.9659957885742188
3932,DoS,0.9637337327003479
3933,DoS,0.9653586745262146
3934,DoS,0.963616132736206
3935,DoS,0.9659494161605835
3936,DoS,0.9637313485145569
3937,DoS,0.9656936526298523
3938,DoS,0.9636489152908325
3939,DoS,0.9654672741889954
3940,DoS,0.9642411470413208
3941,DoS,0.9635978937149048
3942,DoS,0.9637248516082764
3943,DoS,0.963922381401062
3944,DoS,0.9636337161064148
3945,DoS,0.9636728167533875
3946,DoS,0.9636877775192261
3947,DoS,0.9652215242385864
3948,DoS,0.9636163711547852
3949,DoS,0.9637092351913452
3950,DoS,0.9653024673461914
3951,DoS,0.9637429118156433
3952,DoS,0.9631801843643188
3953,DoS,0.9636213183403015
3954,DoS,0.9645209908485413
3955,DoS,0.9636754393577576
3956,DoS,0.9652794003486633
3957,DoS,0.9636388421058655
3958,DoS,0.9650285243988037
3959,DoS,0.9636892080307007
3960,DoS,0.9654248356819153
3961,DoS,0.9637112021446228
3962,DoS,0.9660966992378235
3963,DoS,0.9637198448181152
3964,DoS,0.9655888080596924
3965,DoS,0.9637657999992371
3966,DoS,0.9661871790885925
3967,DoS,0.9638143181800842
3968,DoS,0.963874876499176
3969,DoS,0.9664713740348816
3970,DoS,0.9637901782989502
3971,DoS,0.9653146266937256
3972,DoS,0.9637322425842285
3973,DoS,0.9661182761192322
3974,DoS,0.9638209342956543
3975,DoS,0.9657508134841919
3976,DoS,0.9637718796730042
3977,DoS,0.9638517498970032
3978,DoS,0.961962878704071
3979,DoS,0.9637354612350464
3980,DoS,0.9641739130020142
3981,DoS,0.9637329578399658
3982,DoS,0.9637548327445984
3983,DoS,0.9637820720672607
3984,DoS,0.965877115726471
3985,DoS,0.9637119174003601
3986,DoS,0.9637776613235474
3987,DoS,0.9657092094421387
3988,DoS,0.9637659192085266
3989,DoS,0.9647112488746643
3990,DoS,0.9636735916137695
3991,DoS,0.9656025171279907
3992,DoS,0.9637266397476196
3993,DoS,0.9659937024116516
3994,DoS,0.9636929631233215
3995,DoS,0.9656506180763245
3996,DoS,0.9637021422386169
3997,DoS,0.9661698937416077
3998,DoS,0.9637188911437988
3999,DoS,0.9663546681404114
4000,DoS,0.9637987017631531
4001,DoS,0.9670151472091675
4002,DoS,0.9637266397476196
4003,DoS,0.9657731652259827
4004,DoS,0.9637412428855896
4005,DoS,0.9663746953010559
4006,DoS,0.9637451171875
4007,DoS,0.9660626649856567
4008,DoS,0.9637123346328735
4009,DoS,0.9652565121650696
4010,DoS,0.9636651873588562
4011,DoS,0.9656718373298645
4012,DoS,0.9637314677238464
4013,DoS,0.9657270312309265
4014,DoS,0.9636684656143188
4015,DoS,0.9662868976593018
4016,DoS,0.963712751865387
4017,DoS,0.9667128324508667
4018,DoS,0.9636768102645874
4019,DoS,0.9660007953643799
4020,DoS,0.9636809825897217
4021,DoS,0.9660447239875793
4022,DoS,0.9637119770050049
4023,DoS,0.9637376070022583
4024,DoS,0.9638910889625549
4025,DoS,0.9636459946632385
4026,DoS,0.9637026786804199
4027,DoS,0.9627082943916321
4028,DoS,0.9654501676559448
4029,DoS,0.965840220451355
4030,DoS,0.9635846018791199
4031,DoS,0.9654733538627625
4032,DoS,0.9636256694793701
4033,DoS,0.9636600613594055
4034,DoS,0.965106725692749
4035,DoS,0.9660437703132629
4036,DoS,0.9636967182159424
4037,DoS,0.9658750295639038
4038,DoS,0.9637761116027832
4039,DoS,0.9666031002998352
4040,DoS,0.9637819528579712
4041,DoS,0.966632604598999
4042,DoS,0.9638851881027222
4043,DoS,0.9664655923843384
4044,DoS,0.9639208316802979
4045,DoS,0.9642959237098694
4046,DoS,0.9638992547988892
4047,DoS,0.9605644345283508
4048,DoS,0.9638152122497559
4049,DoS,0.9660338163375854
4050,DoS,0.963763952255249
4051,DoS,0.9659140706062317
4052,DoS,0.9636414647102356
4053,DoS,0.966001570224762
4054,DoS,0.9637117981910706
4055,DoS,0.9657387733459473
4056,DoS,0.9621093273162842
4057,DoS,0.9552727341651917
4058,DoS,0.9635955691337585
4059,DoS,0.9462280869483948
4060,DoS,0.9636015295982361
4061,DoS,0.9636637568473816
4062,DoS,0.9636569619178772
4063,DoS,0.9636951684951782
4064,DoS,0.9612568616867065
4065,DoS,0.9637071490287781
4066,DoS,0.9637827277183533
4067,DoS,0.9638011455535889
4068,DoS,0.9648250937461853
4069,DoS,0.9638038873672485
4070,DoS,0.9602785110473633
4071,DoS,0.9636587500572205
4072,DoS,0.9631435871124268
4073,DoS,0.9636959433555603
4074,DoS,0.9637624621391296
4075,DoS,0.9639883041381836
4076,DoS,0.9636349678039551
4077,DoS,0.9653227925300598
4078,DoS,0.9637510776519775
4079,DoS,0.9657301306724548
4080,DoS,0.9638473987579346
4081,DoS,0.9660389423370361
4082,DoS,0.9638137817382812
4083,DoS,0.9653511643409729
4084,DoS,0.9638789892196655
4085,DoS,0.9661533236503601
4086,DoS,0.9638987183570862
4087,DoS,0.9662625193595886
4088,DoS,0.9638847708702087
4089,DoS,0.9639515280723572
4090,DoS,0.9639078974723816
4091,DoS,0.9668558835983276
4092,DoS,0.9638469815254211
4093,DoS,0.9667568206787109
4094,DoS,0.9638404250144958
4095,DoS,0.9638994932174683
4096,DoS,0.9664778113365173
4097,DoS,0.9662689566612244
4098,DoS,0.9669322371482849
4099,DoS,0.9638475179672241
4100,DoS,0.9673118591308594
4101,DoS,0.9639235138893127
4102,DoS,0.9663427472114563
4103,DoS,0.9639013409614563
4104,DoS,0.9656503200531006
4105,DoS,0.9638969302177429
4106,DoS,0.9649296402931213
4107,DoS,0.963981032371521
4108,DoS,0.9639849066734314
4109,DoS,0.9526315927505493
4110,DoS,0.963801383972168
4111,DoS,0.9656480550765991
4112,DoS,0.9638097882270813
4113,DoS,0.9654155969619751
4114,DoS,0.9636762142181396
4115,DoS,0.9656148552894592
4116,DoS,0.963773250579834
4117,DoS,0.9655115604400635
4118,DoS,0.9637805223464966
4119,DoS,0.9660779237747192
4120,DoS,0.9637902975082397
4121,DoS,0.9654869437217712
4122,DoS,0.963839590549469
4123,DoS,0.9654972553253174
4124,DoS,0.9638983607292175
4125,DoS,0.9644705653190613
4126,DoS,0.9639056921005249
4127,DoS,0.963935911655426
4128,DoS,0.9614200592041016
4129,DoS,0.963779628276825
4130,DoS,0.9658216238021851
4131,DoS,0.9637847542762756
4132,DoS,0.9660625457763672
4133,DoS,0.9637652635574341
4134,DoS,0.9654839038848877
4135,DoS,0.9636556506156921
4136,DoS,0.9660905599594116
4137,DoS,0.9637540578842163
4138,DoS,0.9661732316017151
4139,DoS,0.9637704491615295
4140,DoS,0.9639912843704224
4141,DoS,0.9638033509254456
4142,DoS,0.9630740284919739
4143,DoS,0.9637895226478577
4144,DoS,0.9629225730895996
4145,DoS,0.9639394879341125
4146,DoS,0.9639683961868286
4147,DoS,0.965465247631073
4148,DoS,0.9638919234275818
4149,DoS,0.9639530777931213
4150,DoS,0.9639546275138855
4151,DoS,0.9659531116485596
4152,DoS,0.9639285802841187
4153,DoS,0.9655265808105469
4154,DoS,0.9637921452522278
4155,DoS,0.9657648205757141
4156,DoS,0.9653668999671936
4157,DoS,0.9636719226837158
4158,DoS,0.9656256437301636
4159,DoS,0.9638063311576843
4160,DoS,0.9655494689941406
4161,DoS,0.9638621807098389
4162,DoS,0.9662924408912659
4163,DoS,0.9639285802841187
4164,DoS,0.9668406248092651
4165,DoS,0.9639228582382202
4166,DoS,0.9659251570701599
4167,DoS,0.9639729261398315
4168,DoS,0.9665061235427856
4169,DoS,0.963941216468811
4170,DoS,0.9663075804710388
4171,DoS,0.9638645648956299
4172,DoS,0.9638944864273071
4173,DoS,0.9646649956703186
4174,DoS,0.9637983441352844
4175,DoS,0.9664357304573059
4176,DoS,0.9637845158576965
4177,DoS,0.9664542078971863
4178,DoS,0.9637630581855774
4179,DoS,0.9671745896339417
4180,DoS,0.9637174010276794
4181,DoS,0.9615814685821533
4182,DoS,0.9637178778648376
4183,DoS,0.9645938873291016
4184,DoS,0.9637360572814941
4185,DoS,0.9663951992988586
4186,DoS,0.963779091835022
4187,DoS,0.9666993618011475
4188,DoS,0.9638440012931824
4189,DoS,0.9661023616790771
4190,DoS,0.9638714790344238
4191,DoS,0.9654968976974487
4192,DoS,0.963803768157959
4193,DoS,0.9665302634239197
4194,DoS,0.963787853717804
4195,DoS,0.9655948281288147
4196,DoS,0.9636645317077637
4197,DoS,0.9658547639846802
4198,DoS,0.9638038873672485
4199,DoS,0.9660412669181824
4200,DoS,0.9638150930404663
4201,DoS,0.9660754799842834
4202,DoS,0.9637811183929443
4203,DoS,0.9648141860961914
4204,DoS,0.9637105464935303
4205,DoS,0.9641258120536804
4206,DoS,0.9638731479644775
4207,DoS,0.9639156460762024
4208,DoS,0.9639076590538025
4209,DoS,0.9649511575698853
4210,DoS,0.9638068675994873
4211,DoS,0.9638835191726685
4212,DoS,0.9639121890068054
4213,DoS,0.9657908082008362
4214,DoS,0.9639415740966797
4215,DoS,0.9654573798179626
4216,DoS,0.9638205170631409
4217,DoS,0.9654544591903687
4218,DoS,0.9638791084289551
4219,DoS,0.9659602046012878
4220,DoS,0.9638624787330627
4221,DoS,0.9639171957969666
4222,DoS,0.9654629230499268
4223,DoS,0.9639191031455994
4224,DoS,0.9640269875526428
4225,DoS,0.9659333825111389
4226,DoS,0.9639610648155212
4227,DoS,0.9665002226829529
4228,DoS,0.9640147089958191
4229,DoS,0.9658710956573486
4230,DoS,0.9639782309532166
4231,DoS,0.9679627418518066
4232,DoS,0.96396803855896
4233,DoS,0.9666441082954407
4234,DoS,0.9639747738838196
4235,DoS,0.9666369557380676
4236,DoS,0.9638917446136475
4237,DoS,0.9664977788925171
4238,DoS,0.9638370275497437
4239,DoS,0.9653888940811157
4240,DoS,0.9637657999992371
4241,DoS,0.9658668041229248
4242,DoS,0.9638231992721558
4243,DoS,0.9656884074211121
4244,DoS,0.9637385606765747
4245,DoS,0.9655020236968994
4246,DoS,0.9637948274612427
4247,DoS,0.9665468335151672
4248,DoS,0.9638696908950806
4249,DoS,0.965043842792511
4250,DoS,0.9637989401817322
4251,DoS,0.9661194086074829
4252,DoS,0.9637905955314636
4253,DoS,0.9660555124282837
4254,DoS,0.9637652635574341
4255,DoS,0.9657605886459351
4256,DoS,0.9637057185173035
4257,DoS,0.9656407237052917
4258,DoS,0.9637131094932556
4259,DoS,0.9658414125442505
4260,DoS,0.9636661410331726
4261,DoS,0.9654402732849121
4262,DoS,0.9635592699050903
4263,DoS,0.9653128385543823
4264,DoS,0.9636169075965881
4265,DoS,0.9637394547462463
4266,DoS,0.9646486639976501
4267,DoS,0.9636914134025574
4268,DoS,0.9640851616859436
4269,DoS,0.9637360572814941
4270,DoS,0.9657532572746277
4271,DoS,0.9638063311576843
4272,DoS,0.9660148024559021
4273,DoS,0.9638413190841675
4274,DoS,0.9658790230751038
4275,DoS,0.9637523293495178
4276,DoS,0.9655728340148926
4277,DoS,0.9637609124183655
4278,DoS,0.964160144329071
4279,DoS,0.9637464284896851
4280,DoS,0.9662047624588013
4281,DoS,0.9637507796287537
4282,DoS,0.9656274914741516
4283,DoS,0.9636319875717163
4284,DoS,0.9656574130058289
4285,DoS,0.9636929631233215
4286,DoS,0.9655261635780334
4287,DoS,0.9636749029159546
4288,DoS,0.9655253887176514
4289,DoS,0.9637282490730286
4290,DoS,0.9664406180381775
4291,DoS,0.9637858271598816
4292,DoS,0.9659232497215271
4293,DoS,0.9637768864631653
4294,DoS,0.9638530611991882
4295,DoS,0.9617908596992493
4296,DoS,0.9637379050254822
4297,DoS,0.966092586517334
4298,DoS,0.9637529850006104
4299,DoS,0.9658278822898865
4300,DoS,0.9638349413871765
4301,DoS,0.9656999707221985
4302,DoS,0.9637258648872375
4303,DoS,0.965461254119873
4304,DoS,0.9636236429214478
4305,DoS,0.9656112790107727
4306,DoS,0.9637425541877747
4307,DoS,0.9653798937797546
4308,DoS,0.9636864066123962
4309,DoS,0.965610921382904
4310,DoS,0.9637922644615173
4311,DoS,0.9660477638244629
4312,DoS,0.9658917784690857
4313,DoS,0.9644752144813538
4314,DoS,0.9661310911178589
4315,DoS,0.9638742208480835
4316,DoS,0.9639719128608704
4317,DoS,0.9628778100013733
4318,DoS,0.963831901550293
4319,DoS,0.9658029675483704
4320,DoS,0.9638002514839172
4321,DoS,0.9653534889221191
4322,DoS,0.9637695550918579
4323,DoS,0.965642511844635
4324,DoS,0.9636773467063904
4325,DoS,0.9655271768569946
4326,DoS,0.9637894034385681
4327,DoS,0.9659034609794617
4328,DoS,0.9638312458992004
4329,DoS,0.9603211879730225
4330,DoS,0.9637476801872253
4331,DoS,0.9508147835731506
4332,DoS,0.963712215423584
4333,DoS,0.9638597369194031
4334,DoS,0.941859245300293
4335,DoS,0.9638965129852295
4336,DoS,0.9639382362365723
4337,DoS,0.9614687561988831
4338,DoS,0.9639021158218384
4339,DoS,0.9639672636985779
4340,DoS,0.9639708399772644
4341,DoS,0.9652345180511475
4342,DoS,0.9639589786529541
4343,DoS,0.9627978205680847
4344,DoS,0.9638438820838928
4345,DoS,0.9655004739761353
4346,DoS,0.9638758897781372
4347,DoS,0.9661434292793274
4348,DoS,0.9638935923576355
4349,DoS,0.9659282565116882
4350,DoS,0.9639381170272827
4351,DoS,0.966821551322937
4352,DoS,0.9639673829078674
4353,DoS,0.9672284722328186
4354,DoS,0.9639673829078674
4355,DoS,0.966611921787262
4356,DoS,0.9640673995018005
4357,DoS,0.967140793800354
4358,DoS,0.9640063643455505
4359,DoS,0.9664223790168762
4360,DoS,0.9639712572097778
4361,DoS,0.9653680324554443
4362,DoS,0.9638839960098267
4363,DoS,0.9657599329948425
4364,DoS,0.9639458060264587
4365,DoS,0.9657485485076904
4366,DoS,0.9638679027557373
4367,DoS,0.9659098982810974
4368,DoS,0.963858962059021
4369,DoS,0.9665631055831909
4370,DoS,0.9679107069969177
4371,DoS,0.966840386390686
4372,DoS,0.9637975096702576
4373,DoS,0.95822674036026
4374,DoS,0.9637899398803711
4375,DoS,0.9672009348869324
4376,DoS,0.9637837409973145
4377,DoS,0.9641287922859192
4378,DoS,0.9638732075691223
4379,DoS,0.9651312232017517
4380,DoS,0.9637700319290161
4381,DoS,0.9630625247955322
4382,DoS,0.9637842178344727
4383,DoS,0.951229453086853
4384,DoS,0.9637133479118347
4385,DoS,0.9643834829330444
4386,DoS,0.9636602997779846
4387,DoS,0.9654010534286499
4388,DoS,0.9635810256004333
4389,DoS,0.9654935002326965
4390,DoS,0.9637913107872009
4391,DoS,0.9657243490219116
4392,DoS,0.9637615084648132
4393,DoS,0.9657078981399536
4394,DoS,0.9638068675994873
4395,DoS,0.9650686383247375
4396,DoS,0.9638655781745911
4397,DoS,0.9656174778938293
4398,DoS,0.9638686776161194
4399,DoS,0.9647150039672852
4400,DoS,0.9638562798500061
4401,DoS,0.9639055728912354
4402,DoS,0.9638331532478333
4403,DoS,0.9638950228691101
4404,DoS,0.9639140963554382
4405,DoS,0.9658144116401672
4406,DoS,0.9639111161231995
4407,DoS,0.9659626483917236
4408,DoS,0.9638906121253967
4409,DoS,0.965252161026001
4410,DoS,0.9637828469276428
4411,DoS,0.9655641317367554
4412,DoS,0.9638277292251587
4413,DoS,0.9662171006202698
4414,DoS,0.9638283848762512
4415,DoS,0.9659073948860168
4416,DoS,0.9638547301292419
4417,DoS,0.9659948945045471
4418,DoS,0.9638723731040955
4419,DoS,0.9669946432113647
4420,DoS,0.9639525413513184
4421,DoS,0.9660271406173706
4422,DoS,0.9638901948928833
4423,DoS,0.9662613868713379
4424,DoS,0.963916003704071
4425,DoS,0.9663139581680298
4426,DoS,0.9638868570327759
4427,DoS,0.9652782678604126
4428,DoS,0.9637828469276428
4429,DoS,0.9655495882034302
4430,DoS,0.9638593792915344
4431,DoS,0.9654311537742615
4432,DoS,0.9637839794158936
4433,DoS,0.9652584195137024
4434,DoS,0.9637518525123596
4435,DoS,0.9658088088035583
4436,DoS,0.9637823104858398
4437,DoS,0.9666671752929688
4438,DoS,0.9637511968612671
4439,DoS,0.9659827947616577
4440,DoS,0.9635409712791443
4441,DoS,0.9637178778648376
4442,DoS,0.9657710194587708
4443,DoS,0.9637932777404785
4444,DoS,0.9658437371253967
4445,DoS,0.9637131094932556
4446,DoS,0.9657483696937561
4447,DoS,0.9637535214424133
4448,DoS,0.965592622756958
4449,DoS,0.9637359380722046
4450,DoS,0.9653800129890442
4451,DoS,0.9635940790176392
4452,DoS,0.9657464623451233
4453,DoS,0.9638054370880127
4454,DoS,0.9656124114990234
4455,DoS,0.9637947082519531
4456,DoS,0.9654911160469055
4457,DoS,0.9638309478759766
4458,DoS,0.9615693688392639
4459,DoS,0.9639325737953186
4460,DoS,0.9627020359039307
4461,DoS,0.9638524055480957
4462,DoS,0.9639638066291809
4463,DoS,0.9640108942985535
4464,DoS,0.9637020230293274
4465,DoS,0.9639463424682617
4466,DoS,0.9639710187911987
4467,DoS,0.9639920592308044
4468,DoS,0.9654950499534607
4469,DoS,0.9639611840248108
4470,DoS,0.9640182256698608
4471,DoS,0.9639003872871399
4472,DoS,0.9658191800117493
4473,DoS,0.9639319181442261
4474,DoS,0.9661620259284973
4475,DoS,0.9638983607292175
4476,DoS,0.9657374620437622
4477,DoS,0.9638913869857788
4478,DoS,0.9661504626274109
4479,DoS,0.9639102220535278
4480,DoS,0.9640234112739563
4481,DoS,0.9640556573867798
4482,DoS,0.9664254784584045
4483,DoS,0.9657754898071289
4484,DoS,0.9664085507392883
4485,DoS,0.9639084339141846
4486,DoS,0.9658768773078918
4487,DoS,0.9639081358909607
4488,DoS,0.9660730957984924
4489,DoS,0.963874101638794
4490,DoS,0.9650954604148865
4491,DoS,0.9637981653213501
4492,DoS,0.9654200077056885
4493,DoS,0.963844895362854
4494,DoS,0.965579628944397
4495,DoS,0.9637711048126221
4496,DoS,0.9652113914489746
4497,DoS,0.963735818862915
4498,DoS,0.9659914374351501
4499,DoS,0.959807813167572
4500,DoS,0.9637226462364197
4501,DoS,0.9638793468475342
4502,DoS,0.9637908339500427
4503,DoS,0.9619130492210388
4504,DoS,0.9637503027915955
4505,DoS,0.958278477191925
4506,DoS,0.9637433290481567
4507,DoS,0.955704927444458
4508,DoS,0.963750422000885
4509,DoS,0.9646580815315247
4510,DoS,0.9636637568473816
4511,DoS,0.9650677442550659
4512,DoS,0.9635062217712402
4513,DoS,0.9647389650344849
4514,DoS,0.9636516571044922
4515,DoS,0.9653723835945129
4516,DoS,0.9636443853378296
4517,DoS,0.9657807946205139
4518,DoS,0.9637947082519531
4519,DoS,0.9644124507904053
4520,DoS,0.9638517498970032
4521,DoS,0.9653035998344421
4522,DoS,0.9638764262199402
4523,DoS,0.9643111228942871
4524,DoS,0.9638988971710205
4525,DoS,0.9649260640144348
4526,DoS,0.9638579487800598
4527,DoS,0.9638863205909729
4528,DoS,0.9638872742652893
4529,DoS,0.9609171748161316
4530,DoS,0.9638064503669739
4531,DoS,0.9650009870529175
4532,DoS,0.963727593421936
4533,DoS,0.9655740261077881
4534,DoS,0.9638515114784241
4535,DoS,0.9653582572937012
4536,DoS,0.9638081192970276
4537,DoS,0.9658817052841187
4538,DoS,0.9639075398445129
4539,DoS,0.9663337469100952
4540,DoS,0.9639219641685486
4541,DoS,0.965968906879425
4542,DoS,0.9638990163803101
4543,DoS,0.9640893340110779
4544,DoS,0.9640684127807617
4545,DoS,0.9640592336654663
4546,DoS,0.9659199118614197
4547,DoS,0.963997483253479
4548,DoS,0.9640066027641296
4549,DoS,0.9639909863471985
4550,DoS,0.9657133221626282
4551,DoS,0.9639542102813721
4552,DoS,0.9657109975814819
4553,DoS,0.9638518691062927
4554,DoS,0.9658349752426147
4555,DoS,0.9638930559158325
4556,DoS,0.9662607312202454
4557,DoS,0.9638774394989014
4558,DoS,0.9662912487983704
4559,DoS,0.963832676410675
4560,DoS,0.9660415053367615
4561,DoS,0.9638820886611938
4562,DoS,0.9659119248390198
4563,DoS,0.9639672636985779
4564,DoS,0.9666691422462463
4565,DoS,0.9638969302177429
4566,DoS,0.9657080173492432
4567,DoS,0.9638850688934326
4568,DoS,0.9662798643112183
4569,DoS,0.9638694524765015
4570,DoS,0.9660397171974182
4571,DoS,0.9638236165046692
4572,DoS,0.9650720357894897
4573,DoS,0.9637525081634521
4574,DoS,0.9654639363288879
4575,DoS,0.9638367891311646
4576,DoS,0.9654665589332581
4577,DoS,0.9637656807899475
4578,DoS,0.9659852385520935
4579,DoS,0.9637840986251831
4580,DoS,0.9670943021774292
4581,DoS,0.9637730121612549
4582,DoS,0.9660739898681641
4583,DoS,0.9637787938117981
4584,DoS,0.9665940999984741
4585,DoS,0.9638045430183411
4586,DoS,0.9662681818008423
4587,DoS,0.9637766480445862
4588,DoS,0.9638075828552246
4589,DoS,0.9638171792030334
4590,DoS,0.9662989974021912
4591,DoS,0.9638059139251709
4592,DoS,0.9639247059822083
4593,DoS,0.9639228582382202
4594,DoS,0.9653816819190979
4595,DoS,0.963811993598938
4596,DoS,0.9652082920074463
4597,DoS,0.9637596011161804
4598,DoS,0.9655370116233826
4599,DoS,0.9639382362365723
4600,DoS,0.9653593897819519
4601,DoS,0.9639227390289307
4602,DoS,0.9658575654029846
4603,DoS,0.9640134572982788
4604,DoS,0.9668650031089783
4605,DoS,0.9641082882881165
4606,DoS,0.9659669995307922
4607,DoS,0.9640872478485107
4608,DoS,0.9641525149345398
4609,DoS,0.9641522765159607
4610,DoS,0.9641090631484985
4611,DoS,0.9640686511993408
4612,DoS,0.964057207107544
4613,DoS,0.965632975101471
4614,DoS,0.9640131592750549
4615,DoS,0.9658601880073547
4616,DoS,0.9639003872871399
4617,DoS,0.9661077260971069
4618,DoS,0.9639027118682861
4619,DoS,0.9664897322654724
4620,DoS,0.9638586044311523
4621,DoS,0.9659578800201416
4622,DoS,0.9638363718986511
4623,DoS,0.9662426114082336
4624,DoS,0.963817298412323
4625,DoS,0.9666247963905334
4626,DoS,0.9638382196426392
4627,DoS,0.9656333923339844
4628,DoS,0.9638835191726685
4629,DoS,0.966096818447113
4630,DoS,0.9638897180557251
4631,DoS,0.965912401676178
4632,DoS,0.9638926982879639
4633,DoS,0.9650421738624573
4634,DoS,0.9637866020202637
4635,DoS,0.9652591943740845
4636,DoS,0.9638457894325256
4637,DoS,0.9652100801467896
4638,DoS,0.963851273059845
4639,DoS,0.9659355282783508
4640,DoS,0.9638827443122864
4641,DoS,0.966274619102478
4642,DoS,0.9657536745071411
4643,DoS,0.9637776613235474
4644,DoS,0.9663490056991577
4645,DoS,0.9636832475662231
4646,DoS,0.9660354852676392
4647,DoS,0.9637361168861389
4648,DoS,0.9621850252151489
4649,DoS,0.9673386812210083
4650,DoS,0.9637274742126465
4651,DoS,0.9656912088394165
4652,DoS,0.9637497663497925
4653,DoS,0.9664311408996582
4654,DoS,0.9636998176574707
4655,DoS,0.9637812972068787
4656,DoS,0.9638400077819824
4657,DoS,0.9656111598014832
4658,DoS,0.9637563824653625
4659,DoS,0.9646661877632141
4660,DoS,0.963681697845459
4661,DoS,0.9645982980728149
4662,DoS,0.9638131856918335
4663,DoS,0.9656544327735901
4664,DoS,0.9638398885726929
4665,DoS,0.9657395482063293
4666,DoS,0.9638848304748535
4667,DoS,0.9664112329483032
4668,DoS,0.9638963937759399
4669,DoS,0.9662125110626221
4670,DoS,0.9639134407043457
4671,DoS,0.9672964811325073
4672,DoS,0.9638584852218628
4673,DoS,0.9660723209381104
4674,DoS,0.9639054536819458
4675,DoS,0.9653773903846741
4676,DoS,0.9638805389404297
4677,DoS,0.9662212133407593
4678,DoS,0.9639388918876648
4679,DoS,0.9653712511062622
4680,DoS,0.9639118909835815
4681,DoS,0.9656891822814941
4682,DoS,0.9639477729797363
4683,DoS,0.9653618931770325
4684,DoS,0.9639184474945068
4685,DoS,0.9662415981292725
4686,DoS,0.9637322425842285
4687,DoS,0.961665153503418
4688,DoS,0.963706374168396
4689,DoS,0.9666401743888855
4690,DoS,0.9637799859046936
4691,DoS,0.9664896130561829
4692,DoS,0.963813066482544
4693,DoS,0.9669118523597717
4694,DoS,0.9637921452522278
4695,DoS,0.9660349488258362
4696,DoS,0.9637328386306763
4697,DoS,0.9660796523094177
4698,DoS,0.9637755751609802
4699,DoS,0.9654662609100342
4700,DoS,0.9636033773422241
4701,DoS,0.9657192230224609
4702,DoS,0.9637178778648376
4703,DoS,0.9653452634811401
4704,DoS,0.9636662602424622
4705,DoS,0.9657580256462097
4706,DoS,0.9637187719345093
4707,DoS,0.9656963348388672
4708,DoS,0.9637531638145447
4709,DoS,0.965239942073822
4710,DoS,0.9637181758880615
4711,DoS,0.9648350477218628
4712,DoS,0.9638180732727051
4713,DoS,0.9638680219650269
4714,DoS,0.964113712310791
4715,DoS,0.9638224244117737
4716,DoS,0.9639078974723816
4717,DoS,0.9639844298362732
4718,DoS,0.9658318758010864
4719,DoS,0.9639948606491089
4720,DoS,0.9655060172080994
4721,DoS,0.9638538360595703
4722,DoS,0.9655188322067261
4723,DoS,0.9639042615890503
4724,DoS,0.965853750705719
4725,DoS,0.9638569355010986
4726,DoS,0.9658979177474976
4727,DoS,0.9639095664024353
4728,DoS,0.9656160473823547
4729,DoS,0.9638980627059937
4730,DoS,0.9660607576370239
4731,DoS,0.963990330696106
4732,DoS,0.9669578671455383
4733,DoS,0.9639216065406799
4734,DoS,0.9654921293258667
4735,DoS,0.9639536142349243
4736,DoS,0.9664509892463684
4737,DoS,0.9639426469802856
4738,DoS,0.9660786986351013
4739,DoS,0.9639225006103516
4740,DoS,0.9650285243988037
4741,DoS,0.9638442993164062
4742,DoS,0.9653432369232178
4743,DoS,0.9638885259628296
4744,DoS,0.9653119444847107
4745,DoS,0.966559112071991
4746,DoS,0.9637655019760132
4747,DoS,0.9667477011680603
4748,DoS,0.963735818862915
4749,DoS,0.9661216139793396
4750,DoS,0.9636577367782593
4751,DoS,0.9659159183502197
4752,DoS,0.963694155216217
4753,DoS,0.9646379947662354
4754,DoS,0.9636792540550232
4755,DoS,0.9647026062011719
4756,DoS,0.963645339012146
4757,DoS,0.9652841687202454
4758,DoS,0.9637271761894226
4759,DoS,0.966013491153717
4760,DoS,0.9637012481689453
4761,DoS,0.9656736254692078
4762,DoS,0.9636511206626892
4763,DoS,0.9647279977798462
4764,DoS,0.9636424779891968
4765,DoS,0.9651875495910645
4766,DoS,0.9635762572288513
4767,DoS,0.9656211733818054
4768,DoS,0.963750958442688
4769,DoS,0.9653963446617126
4770,DoS,0.9637096524238586
4771,DoS,0.9656460881233215
4772,DoS,0.9637989401817322
4773,DoS,0.9651726484298706
4774,DoS,0.9638124108314514
4775,DoS,0.9646548628807068
4776,DoS,0.9637842774391174
4777,DoS,0.9639385938644409
4778,DoS,0.9639691710472107
4779,DoS,0.9639745950698853
4780,DoS,0.9640302062034607
4781,DoS,0.9638517498970032
4782,DoS,0.965548574924469
4783,DoS,0.9639577269554138
4784,DoS,0.9640302062034607
4785,DoS,0.9655734896659851
4786,DoS,0.9639636278152466
4787,DoS,0.9663427472114563
4788,DoS,0.963912308216095
4789,DoS,0.9659934639930725
4790,DoS,0.9639246463775635
4791,DoS,0.9665106534957886
4792,DoS,0.9639023542404175
4793,DoS,0.966108500957489
4794,DoS,0.9663451910018921
4795,DoS,0.9664506316184998
4796,DoS,0.9639495611190796
4797,DoS,0.9666178226470947
4798,DoS,0.9639719128608704
4799,DoS,0.9664711356163025
4800,DoS,0.963948130607605
4801,DoS,0.9667671918869019
4802,DoS,0.9639763236045837
4803,DoS,0.9675579071044922
4804,DoS,0.9639169573783875
4805,DoS,0.9664026498794556
4806,DoS,0.9639285802841187
4807,DoS,0.9654041528701782
4808,DoS,0.963868260383606
4809,DoS,0.966149091720581
4810,DoS,0.9638601541519165
4811,DoS,0.9653065800666809
4812,DoS,0.963769793510437
4813,DoS,0.9656603932380676
4814,DoS,0.9638543128967285
4815,DoS,0.9656079411506653
4816,DoS,0.9637708067893982
4817,DoS,0.9659645557403564
4818,DoS,0.9638621807098389
4819,DoS,0.9658321738243103
4820,DoS,0.9638093113899231
4821,DoS,0.9654721617698669
4822,DoS,0.9638405442237854
4823,DoS,0.9653056263923645
4824,DoS,0.9637477397918701
4825,DoS,0.9638153314590454
4826,DoS,0.963384747505188
4827,DoS,0.9637608528137207
4828,DoS,0.9662978053092957
4829,DoS,0.9638140797615051
4830,DoS,0.9666808247566223
4831,DoS,0.9637807607650757
4832,DoS,0.9658776521682739
4833,DoS,0.9637190699577332
4834,DoS,0.964726448059082
4835,DoS,0.9637261629104614
4836,DoS,0.9658911228179932
4837,DoS,0.963736891746521
4838,DoS,0.9661558866500854
4839,DoS,0.9637987017631531
4840,DoS,0.9656280875205994
4841,DoS,0.9637757539749146
4842,DoS,0.9638893008232117
4843,DoS,0.9639571905136108
4844,DoS,0.9655799269676208
4845,DoS,0.9638762474060059
4846,DoS,0.9639503359794617
4847,DoS,0.9639752507209778
4848,DoS,0.9639773368835449
4849,DoS,0.9656268358230591
4850,DoS,0.9639759063720703
4851,DoS,0.9658547639846802
4852,DoS,0.9638382196426392
4853,DoS,0.9661149382591248
4854,DoS,0.9638793468475342
4855,DoS,0.9664952754974365
4856,DoS,0.9638532996177673
4857,DoS,0.9659547805786133
4858,DoS,0.9639089107513428
4859,DoS,0.9660388231277466
4860,DoS,0.9638903737068176
4861,DoS,0.9671936631202698
4862,DoS,0.9638714790344238
4863,DoS,0.9663804769515991
4864,DoS,0.9639284014701843
4865,DoS,0.9660913348197937
4866,DoS,0.9639379382133484
4867,DoS,0.9657517075538635
4868,DoS,0.9639201760292053
4869,DoS,0.9647462964057922
4870,DoS,0.9642329812049866
4871,DoS,0.9662066698074341
4872,DoS,0.9638532996177673
4873,DoS,0.9665167927742004
4874,DoS,0.9638145565986633
4875,DoS,0.9656423926353455
4876,DoS,0.9638332724571228
4877,DoS,0.9657532572746277
4878,DoS,0.9638231992721558
4879,DoS,0.9669144153594971
4880,DoS,0.9636907577514648
4881,DoS,0.9652454853057861
4882,DoS,0.9637136459350586
4883,DoS,0.9647388458251953
4884,DoS,0.9637284874916077
4885,DoS,0.966065526008606
4886,DoS,0.963783323764801
4887,DoS,0.9653569459915161
4888,DoS,0.9637805223464966
4889,DoS,0.9658533334732056
4890,DoS,0.9637624025344849
4891,DoS,0.9656742811203003
4892,DoS,0.9637349247932434
4893,DoS,0.9638426899909973
4894,DoS,0.9647449851036072
4895,DoS,0.9637114405632019
4896,DoS,0.9652727246284485
4897,DoS,0.9636633992195129
4898,DoS,0.9655082821846008
4899,DoS,0.9638340473175049
4900,DoS,0.9653148055076599
4901,DoS,0.9638009071350098
4902,DoS,0.965327262878418
4903,DoS,0.9639284014701843
4904,DoS,0.9659435153007507
4905,DoS,0.9639135599136353
4906,DoS,0.9659738540649414
4907,DoS,0.9639090895652771
4908,DoS,0.9662960171699524
4909,DoS,0.9638953804969788
4910,DoS,0.9639528393745422
4911,DoS,0.965913712978363
4912,DoS,0.9639187455177307
4913,DoS,0.9658663272857666
4914,DoS,0.9638486504554749
4915,DoS,0.9661453366279602
4916,DoS,0.9639517664909363
4917,DoS,0.9665403962135315
4918,DoS,0.9638904929161072
4919,DoS,0.9660661220550537
4920,DoS,0.9638782143592834
4921,DoS,0.9661723375320435
4922,DoS,0.963860809803009
4923,DoS,0.9661974310874939
4924,DoS,0.9638614654541016
4925,DoS,0.9661679267883301
4926,DoS,0.9638339281082153
4927,DoS,0.9656305313110352
4928,DoS,0.9639558792114258
4929,DoS,0.9655902981758118
4930,DoS,0.9639227390289307
4931,DoS,0.9658002853393555
4932,DoS,0.9639146327972412
4933,DoS,0.9650137424468994
4934,DoS,0.9638516306877136
4935,DoS,0.9652378559112549
4936,DoS,0.9639788866043091
4937,DoS,0.9639928340911865
4938,DoS,0.9658581018447876
4939,DoS,0.9638650417327881
4940,DoS,0.9656021595001221
4941,DoS,0.9638272523880005
4942,DoS,0.9654347896575928
4943,DoS,0.9637898206710815
4944,DoS,0.9651331305503845
4945,DoS,0.9638957977294922
4946,DoS,0.9667999744415283
4947,DoS,0.963953971862793
4948,DoS,0.9659650921821594
4949,DoS,0.9638968110084534
4950,DoS,0.9661194086074829
4951,DoS,0.9639090895652771
4952,DoS,0.9660781025886536
4953,DoS,0.9638340473175049
4954,DoS,0.9638407826423645
4955,DoS,0.9638531804084778
4956,DoS,0.9645772576332092
4957,DoS,0.9637150168418884
4958,DoS,0.9657258987426758
4959,DoS,0.9637836217880249
4960,DoS,0.9659084677696228
4961,DoS,0.9638932943344116
4962,DoS,0.9664448499679565
4963,DoS,0.9661039113998413
4964,DoS,0.9638388752937317
4965,DoS,0.9649892449378967
4966,DoS,0.9639598727226257
4967,DoS,0.966529369354248
4968,DoS,0.963935911655426
4969,DoS,0.9667572975158691
4970,DoS,0.9640520215034485
4971,DoS,0.9653233885765076
4972,DoS,0.964141309261322
4973,DoS,0.9660806655883789
4974,DoS,0.9668963551521301
4975,DoS,0.9641512036323547
4976,DoS,0.9669240117073059
4977,DoS,0.9642384052276611
4978,DoS,0.9662255644798279
4979,DoS,0.9641205072402954
4980,DoS,0.9661768078804016
4981,DoS,0.9639926552772522
4982,DoS,0.9665829539299011
4983,DoS,0.9640228748321533
4984,DoS,0.9669555425643921
4985,DoS,0.9639337062835693
4986,DoS,0.9649073481559753
4987,DoS,0.9639500975608826
4988,DoS,0.9651968479156494
4989,DoS,0.9639935493469238
4990,DoS,0.9659546613693237
4991,DoS,0.9639014601707458
4992,DoS,0.9655482769012451
4993,DoS,0.9637887477874756
4994,DoS,0.9657504558563232
4995,DoS,0.9639095664024353
4996,DoS,0.9653286933898926
4997,DoS,0.9638707041740417
4998,DoS,0.9639624953269958
4999,DoS,0.9641515016555786
5000,DoS,0.9656102657318115
5001,DoS,0.965829610824585
5002,DoS,0.9637314677238464
5003,DoS,0.9658728837966919
5004,DoS,0.9637269377708435
5005,DoS,0.9660888910293579
5006,DoS,0.9659907817840576
5007,DoS,0.9638099670410156
5008,DoS,0.9653931260108948
5009,DoS,0.9636263251304626
5010,DoS,0.9655337333679199
5011,DoS,0.9637144207954407
5012,DoS,0.9655078053474426
5013,DoS,0.9636417031288147
5014,DoS,0.9652003049850464
5015,DoS,0.9636806845664978
5016,DoS,0.9650958180427551
5017,DoS,0.9637282490730286
5018,DoS,0.9642702341079712
5019,DoS,0.9637070298194885
5020,DoS,0.9617280960083008
5021,DoS,0.9637361168861389
5022,DoS,0.9629661440849304
5023,DoS,0.9637352824211121
5024,DoS,0.9638131856918335
5025,DoS,0.9638187289237976
5026,DoS,0.9579005241394043
5027,DoS,0.9637024998664856
5028,DoS,0.9649178385734558
5029,DoS,0.9637119174003601
5030,DoS,0.9631463885307312
5031,DoS,0.9637588262557983
5032,DoS,0.9653545618057251
5033,DoS,0.9638197422027588
5034,DoS,0.9656950831413269
5035,DoS,0.9638372659683228
5036,DoS,0.9619767069816589
5037,DoS,0.9638298153877258
5038,DoS,0.9664345979690552
5039,DoS,0.9639330506324768
5040,DoS,0.9670166969299316
5041,DoS,0.964023768901825
5042,DoS,0.9659929871559143
5043,DoS,0.9640257358551025
5044,DoS,0.9664690494537354
5045,DoS,0.9640227556228638
5046,DoS,0.9652503132820129
5047,DoS,0.9639320373535156
5048,DoS,0.9657712578773499
5049,DoS,0.9640334248542786
5050,DoS,0.965268075466156
5051,DoS,0.9638973474502563
5052,DoS,0.9659497737884521
5053,DoS,0.9639356732368469
5054,DoS,0.9669868350028992
5055,DoS,0.963944673538208
5056,DoS,0.9665021896362305
5057,DoS,0.9639105796813965
5058,DoS,0.9662068486213684
5059,DoS,0.96396404504776
5060,DoS,0.9663174152374268
5061,DoS,0.9656565189361572
5062,DoS,0.963754415512085
5063,DoS,0.966101348400116
5064,DoS,0.9637918472290039
5065,DoS,0.9658823609352112
5066,DoS,0.9638369083404541
5067,DoS,0.9639012217521667
5068,DoS,0.9639492034912109
5069,DoS,0.9639236330986023
5070,DoS,0.9654940366744995
5071,DoS,0.9637952446937561
5072,DoS,0.9656063914299011
5073,DoS,0.9638652801513672
5074,DoS,0.9661129713058472
5075,DoS,0.9638780951499939
5076,DoS,0.9655694961547852
5077,DoS,0.9639163017272949
5078,DoS,0.9664179086685181
5079,DoS,0.9639869928359985
5080,DoS,0.9640353918075562
5081,DoS,0.9659704566001892
5082,DoS,0.9638972878456116
5083,DoS,0.9660922288894653
5084,DoS,0.9638270735740662
5085,DoS,0.9638961553573608
5086,DoS,0.9667646288871765
5087,DoS,0.9639051556587219
5088,DoS,0.9664797186851501
5089,DoS,0.963859498500824
5090,DoS,0.9663335084915161
5091,DoS,0.9639049172401428
5092,DoS,0.9674587845802307
5093,DoS,0.9639465808868408
5094,DoS,0.9671115875244141
5095,DoS,0.9639375805854797
5096,DoS,0.966765284538269
5097,DoS,0.9638562798500061
5098,DoS,0.9666990041732788
5099,DoS,0.9638434648513794
5100,DoS,0.9669632315635681
5101,DoS,0.9638931751251221
5102,DoS,0.9640090465545654
5103,DoS,0.9640246629714966
5104,DoS,0.966749906539917
5105,DoS,0.9639623761177063
5106,DoS,0.9639761447906494
5107,DoS,0.963973343372345
5108,DoS,0.964009702205658
5109,DoS,0.9655508399009705
5110,DoS,0.9639872312545776
5111,DoS,0.9659510850906372
5112,DoS,0.9638787508010864
5113,DoS,0.9661680459976196
5114,DoS,0.9639144539833069
5115,DoS,0.9665918350219727
5116,DoS,0.9639065861701965
5117,DoS,0.9664045572280884
5118,DoS,0.963950514793396
5119,DoS,0.9658392071723938
5120,DoS,0.9639713764190674
5121,DoS,0.9659991264343262
5122,DoS,0.9638847708702087
5123,DoS,0.9661545753479004
5124,DoS,0.9638814330101013
5125,DoS,0.9657208919525146
5126,DoS,0.9639651775360107
5127,DoS,0.9661561250686646
5128,DoS,0.9639951586723328
5129,DoS,0.9664682149887085
5130,DoS,0.9639745950698853
5131,DoS,0.9652811884880066
5132,DoS,0.963901698589325
5133,DoS,0.9661453366279602
5134,DoS,0.9638863205909729
5135,DoS,0.9648770093917847
5136,DoS,0.9638302326202393
5137,DoS,0.9666149020195007
5138,DoS,0.9638473391532898
5139,DoS,0.966120719909668
5140,DoS,0.9637477397918701
5141,DoS,0.9662081003189087
5142,DoS,0.963750422000885
5143,DoS,0.9668143391609192
5144,DoS,0.9637704491615295
5145,DoS,0.9656480550765991
5146,DoS,0.9637484550476074
5147,DoS,0.9655012488365173
5148,DoS,0.9637482166290283
5149,DoS,0.9638729095458984
5150,DoS,0.9652185440063477
5151,DoS,0.9637213945388794
5152,DoS,0.9655447006225586
5153,DoS,0.9638411402702332
5154,DoS,0.9660624265670776
5155,DoS,0.963854968547821
5156,DoS,0.9662922024726868
5157,DoS,0.9637794494628906
5158,DoS,0.9658063054084778
5159,DoS,0.9637691378593445
5160,DoS,0.9657824635505676
5161,DoS,0.9637652635574341
5162,DoS,0.9666413068771362
5163,DoS,0.963708221912384
5164,DoS,0.9659826755523682
5165,DoS,0.9636959433555603
5166,DoS,0.9656202793121338
5167,DoS,0.9637898206710815
5168,DoS,0.965986430644989
5169,DoS,0.963769257068634
5170,DoS,0.9652040600776672
5171,DoS,0.9636945128440857
5172,DoS,0.9655130505561829
5173,DoS,0.9637536406517029
5174,DoS,0.9653039574623108
5175,DoS,0.9637073278427124
5176,DoS,0.9653602838516235
5177,DoS,0.9637818932533264
5178,DoS,0.9661620259284973
5179,DoS,0.9637845158576965
5180,DoS,0.9665259122848511
5181,DoS,0.9637282490730286
5182,DoS,0.9638721346855164
5183,DoS,0.9666028618812561
5184,DoS,0.9638839960098267
5185,DoS,0.9664249420166016
5186,DoS,0.9639818072319031
5187,DoS,0.9656049609184265
5188,DoS,0.9638857245445251
5189,DoS,0.9659721851348877
5190,DoS,0.963916003704071
5191,DoS,0.9653326869010925
5192,DoS,0.9637856483459473
5193,DoS,0.9654666781425476
5194,DoS,0.9638866186141968
5195,DoS,0.9654747843742371
5196,DoS,0.9639596343040466
5197,DoS,0.965804398059845
5198,DoS,0.9639413356781006
5199,DoS,0.9663690328598022
5200,DoS,0.9639953970909119
5201,DoS,0.9658329486846924
5202,DoS,0.9639792442321777
5203,DoS,0.9641664624214172
5204,DoS,0.9640247821807861
5205,DoS,0.9640779495239258
5206,DoS,0.9665815830230713
5207,DoS,0.9662567377090454
5208,DoS,0.9639929533004761
5209,DoS,0.9665416479110718
5210,DoS,0.9639698266983032
5211,DoS,0.9640215635299683
5212,DoS,0.9639945030212402
5213,DoS,0.9643087983131409
5214,DoS,0.9638848304748535
5215,DoS,0.9662155508995056
5216,DoS,0.963864266872406
5217,DoS,0.9668217897415161
5218,DoS,0.9638609290122986
5219,DoS,0.9657210111618042
5220,DoS,0.9638780951499939
5221,DoS,0.9658061861991882
5222,DoS,0.9639254808425903
5223,DoS,0.9664022326469421
5224,DoS,0.963959276676178
5225,DoS,0.9666739702224731
5226,DoS,0.9639456868171692
5227,DoS,0.9665374159812927
5228,DoS,0.9640066027641296
5229,DoS,0.9661855101585388
5230,DoS,0.9639434814453125
5231,DoS,0.9649478197097778
5232,DoS,0.9638941884040833
5233,DoS,0.9655941724777222
5234,DoS,0.9639840126037598
5235,DoS,0.9653630256652832
5236,DoS,0.9639250636100769
5237,DoS,0.9655913710594177
5238,DoS,0.9639537334442139
5239,DoS,0.9659819006919861
5240,DoS,0.9639157652854919
5241,DoS,0.9668595790863037
5242,DoS,0.9668319225311279
5243,DoS,0.9638828635215759
5244,DoS,0.9639489650726318
5245,DoS,0.9665438532829285
5246,DoS,0.9639533162117004
5247,DoS,0.9659291505813599
5248,DoS,0.9638996124267578
5249,DoS,0.9664390683174133
5250,DoS,0.9639706015586853
5251,DoS,0.9664552211761475
5252,DoS,0.9639951586723328
5253,DoS,0.9640780687332153
5254,DoS,0.9634161591529846
5255,DoS,0.9639085531234741
5256,DoS,0.9662807583808899
5257,DoS,0.9638764262199402
5258,DoS,0.9660093784332275
5259,DoS,0.9639144539833069
5260,DoS,0.9663198590278625
5261,DoS,0.9639436602592468
5262,DoS,0.9657596945762634
5263,DoS,0.9640018343925476
5264,DoS,0.9659945964813232
5265,DoS,0.9639787673950195
5266,DoS,0.9666357636451721
5267,DoS,0.964038074016571
5268,DoS,0.9665911793708801
5269,DoS,0.9640796184539795
5270,DoS,0.9655243754386902
5271,DoS,0.9640024900436401
5272,DoS,0.9663687348365784
5273,DoS,0.9640039205551147
5274,DoS,0.9652417302131653
5275,DoS,0.9638679027557373
5276,DoS,0.9655305743217468
5277,DoS,0.9639854431152344
5278,DoS,0.9655297994613647
5279,DoS,0.9640023708343506
5280,DoS,0.9658831357955933
5281,DoS,0.9639321565628052
5282,DoS,0.9667488932609558
5283,DoS,0.9639410376548767
5284,DoS,0.966190755367279
5285,DoS,0.963874340057373
5286,DoS,0.9640176892280579
5287,DoS,0.9640311002731323
5288,DoS,0.9658076167106628
5289,DoS,0.9638980627059937
5290,DoS,0.9639626145362854
5291,DoS,0.9639880657196045
5292,DoS,0.9640033841133118
5293,DoS,0.9655265808105469
5294,DoS,0.9640483856201172
5295,DoS,0.9657189846038818
5296,DoS,0.9638811945915222
5297,DoS,0.9652763605117798
5298,DoS,0.9639246463775635
5299,DoS,0.9655097126960754
5300,DoS,0.9639200568199158
5301,DoS,0.9648083448410034
5302,DoS,0.9638760089874268
5303,DoS,0.9653186798095703
5304,DoS,0.9639802575111389
5305,DoS,0.9650121927261353
5306,DoS,0.9639529585838318
5307,DoS,0.9649069905281067
5308,DoS,0.9639719128608704
5309,DoS,0.9654021263122559
5310,DoS,0.9639483094215393
5311,DoS,0.9659331440925598
5312,DoS,0.963931143283844
5313,DoS,0.9666524529457092
5314,DoS,0.9639480113983154
5315,DoS,0.9660684466362
5316,DoS,0.9639237523078918
5317,DoS,0.9639529585838318
5318,DoS,0.9658686518669128
5319,DoS,0.963916003704071
5320,DoS,0.9658154845237732
5321,DoS,0.9637964963912964
5322,DoS,0.9658177495002747
5323,DoS,0.9638088941574097
5324,DoS,0.9659392833709717
5325,DoS,0.9637488722801208
5326,DoS,0.9654918313026428
5327,DoS,0.9638286828994751
5328,DoS,0.9646798372268677
5329,DoS,0.9638847708702087
5330,DoS,0.9662097692489624
5331,DoS,0.9639527797698975
5332,DoS,0.965470016002655
5333,DoS,0.9639521837234497
5334,DoS,0.9661848545074463
5335,DoS,0.965997040271759
5336,DoS,0.9639608263969421
5337,DoS,0.9640371799468994
5338,DoS,0.9659005999565125
5339,DoS,0.9640011787414551
5340,DoS,0.965765118598938
5341,DoS,0.9639195203781128
5342,DoS,0.9661670327186584
5343,DoS,0.9639440178871155
5344,DoS,0.9666239023208618
5345,DoS,0.9639374613761902
5346,DoS,0.9662323594093323
5347,DoS,0.9639423489570618
5348,DoS,0.966582179069519
5349,DoS,0.9638863801956177
5350,DoS,0.9663052558898926
5351,DoS,0.9639000296592712
5352,DoS,0.9671653509140015
5353,DoS,0.9638438820838928
5354,DoS,0.965913712978363
5355,DoS,0.9638828635215759
5356,DoS,0.9657225608825684
5357,DoS,0.9638739228248596
5358,DoS,0.9659505486488342
5359,DoS,0.9638269543647766
5360,DoS,0.9651554226875305
5361,DoS,0.9637808799743652
5362,DoS,0.9652590751647949
5363,DoS,0.9638268351554871
5364,DoS,0.9651122689247131
5365,DoS,0.9637385606765747
5366,DoS,0.9651081562042236
5367,DoS,0.9638068079948425
5368,DoS,0.9668231010437012
5369,DoS,0.9637980461120605
5370,DoS,0.9657652378082275
5371,DoS,0.9637936353683472
5372,DoS,0.9663549065589905
5373,DoS,0.9638456702232361
5374,DoS,0.9663737416267395
5375,DoS,0.9637911915779114
5376,DoS,0.963852047920227
5377,DoS,0.9638643860816956
5378,DoS,0.9642755389213562
5379,DoS,0.9637702703475952
5380,DoS,0.966183066368103
5381,DoS,0.9637622833251953
5382,DoS,0.9667215347290039
5383,DoS,0.9637518525123596
5384,DoS,0.9656115174293518
5385,DoS,0.9637666940689087
5386,DoS,0.9656320810317993
5387,DoS,0.9637933969497681
5388,DoS,0.9661548137664795
5389,DoS,0.9638187289237976
5390,DoS,0.9661281704902649
5391,DoS,0.9638659358024597
5392,DoS,0.9665232300758362
5393,DoS,0.9639248251914978
5394,DoS,0.9660065770149231
5395,DoS,0.9639348387718201
5396,DoS,0.9650723934173584
5397,DoS,0.9638468623161316
5398,DoS,0.9659489393234253
5399,DoS,0.9639645218849182
5400,DoS,0.9639618396759033
5401,DoS,0.9639669060707092
5402,DoS,0.9639387130737305
5403,DoS,0.965489387512207
5404,DoS,0.9639089107513428
5405,DoS,0.9657287001609802
5406,DoS,0.9638296961784363
5407,DoS,0.9660959243774414
5408,DoS,0.9638503193855286
5409,DoS,0.9662566184997559
5410,DoS,0.9638919234275818
5411,DoS,0.9661192893981934
5412,DoS,0.965284526348114
5413,DoS,0.9638867378234863
5414,DoS,0.9639867544174194
5415,DoS,0.9640294313430786
5416,DoS,0.9640309810638428
5417,DoS,0.9640381932258606
5418,DoS,0.9662911295890808
5419,DoS,0.96395343542099
5420,DoS,0.9640178680419922
5421,DoS,0.9662054181098938
5422,DoS,0.9639180898666382
5423,DoS,0.966083824634552
5424,DoS,0.963893711566925
5425,DoS,0.9658955931663513
5426,DoS,0.963916003704071
5427,DoS,0.9667019248008728
5428,DoS,0.9665440917015076
5429,DoS,0.9638992547988892
5430,DoS,0.9639770984649658
5431,DoS,0.9639669060707092
5432,DoS,0.9663462042808533
5433,DoS,0.9638510942459106
5434,DoS,0.9663479924201965
5435,DoS,0.9638435244560242
5436,DoS,0.963827908039093
5437,DoS,0.9639089107513428
5438,DoS,0.9639599323272705
5439,DoS,0.9661268591880798
5440,DoS,0.9638763070106506
5441,DoS,0.966300904750824
5442,DoS,0.9638611674308777
5443,DoS,0.9650393128395081
5444,DoS,0.9639809131622314
5445,DoS,0.9666428565979004
5446,DoS,0.9639620780944824
5447,DoS,0.9670960903167725
5448,DoS,0.9639144539833069
5449,DoS,0.9662313461303711
5450,DoS,0.9664085507392883
5451,DoS,0.9639204144477844
5452,DoS,0.9640253186225891
5453,DoS,0.9664493203163147
5454,DoS,0.9639765620231628
5455,DoS,0.9659534096717834
5456,DoS,0.9639078974723816
5457,DoS,0.9659456014633179
5458,DoS,0.9638833999633789
5459,DoS,0.9650074243545532
5460,DoS,0.9638187289237976
5461,DoS,0.9652471542358398
5462,DoS,0.9638875126838684
5463,DoS,0.9651517868041992
5464,DoS,0.9638528227806091
5465,DoS,0.9647578597068787
5466,DoS,0.9638425707817078
5467,DoS,0.9659863710403442
5468,DoS,0.963865339756012
5469,DoS,0.9665655493736267
5470,DoS,0.9638696908950806
5471,DoS,0.965751588344574
5472,DoS,0.9638658165931702
5473,DoS,0.9639175534248352
5474,DoS,0.9654300212860107
5475,DoS,0.9638530611991882
5476,DoS,0.9655632376670837
5477,DoS,0.963788628578186
5478,DoS,0.963869035243988
5479,DoS,0.9655181169509888
5480,DoS,0.9638699889183044
5481,DoS,0.9655086994171143
5482,DoS,0.9637694954872131
5483,DoS,0.9657548069953918
5484,DoS,0.9638162851333618
5485,DoS,0.9660826921463013
5486,DoS,0.9638296961784363
5487,DoS,0.9659090638160706
5488,DoS,0.9638641476631165
5489,DoS,0.965803861618042
5490,DoS,0.9639037847518921
5491,DoS,0.9648354053497314
5492,DoS,0.9639214277267456
5493,DoS,0.9639514088630676
5494,DoS,0.9661582112312317
5495,DoS,0.963925838470459
5496,DoS,0.9654209017753601
5497,DoS,0.9639139771461487
5498,DoS,0.9654836058616638
5499,DoS,0.9638703465461731
5500,DoS,0.9646548628807068
5501,DoS,0.9637713432312012
5502,DoS,0.9661691188812256
5503,DoS,0.9658007025718689
5504,DoS,0.9637743234634399
5505,DoS,0.9660882353782654
5506,DoS,0.9637935161590576
5507,DoS,0.9656994342803955
5508,DoS,0.963722288608551
5509,DoS,0.9637770056724548
5510,DoS,0.9638199806213379
5511,DoS,0.9658601880073547
5512,DoS,0.9637292623519897
5513,DoS,0.9649057388305664
5514,DoS,0.9636685848236084
5515,DoS,0.9651992917060852
5516,DoS,0.9638224244117737
5517,DoS,0.9650730490684509
5518,DoS,0.9637907147407532
5519,DoS,0.9657574892044067
5520,DoS,0.963803231716156
5521,DoS,0.9652658104896545
5522,DoS,0.9638068675994873
5523,DoS,0.9638566374778748
5524,DoS,0.9649458527565002
5525,DoS,0.9638156294822693
5526,DoS,0.96591717004776
5527,DoS,0.9638988375663757
5528,DoS,0.96602463722229
5529,DoS,0.9638610482215881
5530,DoS,0.9639273881912231
5531,DoS,0.9639392495155334
5532,DoS,0.9655839204788208
5533,DoS,0.9639658331871033
5534,DoS,0.966170608997345
5535,DoS,0.9639014601707458
5536,DoS,0.9655709266662598
5537,DoS,0.9638673663139343
5538,DoS,0.9659479856491089
5539,DoS,0.963906466960907
5540,DoS,0.9664240479469299
5541,DoS,0.963901937007904
5542,DoS,0.9656363129615784
5543,DoS,0.9639444351196289
5544,DoS,0.9666975736618042
5545,DoS,0.9639859795570374
5546,DoS,0.9652499556541443
5547,DoS,0.9639638066291809
5548,DoS,0.9665434956550598
5549,DoS,0.9639551043510437
5550,DoS,0.965817391872406
5551,DoS,0.9639103412628174
5552,DoS,0.9648562669754028
5553,DoS,0.9638498425483704
5554,DoS,0.963973343372345
5555,DoS,0.9661945104598999
5556,DoS,0.9665766954421997
5557,DoS,0.9638838768005371
5558,DoS,0.966152012348175
5559,DoS,0.9639260768890381
5560,DoS,0.9674016833305359
5561,DoS,0.9638805389404297
5562,DoS,0.9662762880325317
5563,DoS,0.963789701461792
5564,DoS,0.9655278325080872
5565,DoS,0.963864803314209
5566,DoS,0.9638988375663757
5567,DoS,0.965901792049408
5568,DoS,0.9637871980667114
5569,DoS,0.9660120606422424
5570,DoS,0.9638091921806335
5571,DoS,0.9638894200325012
5572,DoS,0.9639044404029846
5573,DoS,0.9654837250709534
5574,DoS,0.9638385772705078
5575,DoS,0.9652935862541199
5576,DoS,0.9637531042098999
5577,DoS,0.965522825717926
5578,DoS,0.9638240337371826
5579,DoS,0.9661108255386353
5580,DoS,0.96384197473526
5581,DoS,0.9656357169151306
5582,DoS,0.963864803314209
5583,DoS,0.9658480882644653
5584,DoS,0.9639262557029724
5585,DoS,0.9662157893180847
5586,DoS,0.963934600353241
5587,DoS,0.966914176940918
5588,DoS,0.9638951420783997
5589,DoS,0.9659497737884521
5590,DoS,0.963913083076477
5591,DoS,0.9661407470703125
5592,DoS,0.9638898372650146
5593,DoS,0.9656183123588562
5594,DoS,0.9639145135879517
5595,DoS,0.9648216366767883
5596,DoS,0.963873565196991
5597,DoS,0.9651561379432678
5598,DoS,0.9639692902565002
5599,DoS,0.964984655380249
5600,DoS,0.9639160633087158
5601,DoS,0.9655013680458069
5602,DoS,0.96390300989151
5603,DoS,0.9666566848754883
5604,DoS,0.967581570148468
5605,DoS,0.9638267159461975
5606,DoS,0.966347873210907
5607,DoS,0.9639639258384705
5608,DoS,0.9645337462425232
5609,DoS,0.9639197587966919
5610,DoS,0.9661742448806763
5611,DoS,0.9639114141464233
5612,DoS,0.9666590094566345
5613,DoS,0.9639111161231995
5614,DoS,0.9659988284111023
5615,DoS,0.9650317430496216
5616,DoS,0.9638242721557617
5617,DoS,0.9654455780982971
5618,DoS,0.963740885257721
5619,DoS,0.9656124114990234
5620,DoS,0.9638383388519287
5621,DoS,0.965289831161499
5622,DoS,0.9638149738311768
5623,DoS,0.965789258480072
5624,DoS,0.963880181312561
5625,DoS,0.9655746221542358
5626,DoS,0.9639388918876648
5627,DoS,0.9665993452072144
5628,DoS,0.9640393853187561
5629,DoS,0.9660161733627319
5630,DoS,0.9640605449676514
5631,DoS,0.9666745066642761
5632,DoS,0.9640205502510071
5633,DoS,0.9659548401832581
5634,DoS,0.9640123248100281
5635,DoS,0.9653300642967224
5636,DoS,0.9639299511909485
5637,DoS,0.9656738638877869
5638,DoS,0.9640377163887024
5639,DoS,0.9660037159919739
5640,DoS,0.964020311832428
5641,DoS,0.9661240577697754
5642,DoS,0.9639152884483337
5643,DoS,0.9655440449714661
5644,DoS,0.9638916254043579
5645,DoS,0.9655995965003967
5646,DoS,0.963887631893158
5647,DoS,0.9657648205757141
5648,DoS,0.9639867544174194
5649,DoS,0.9671328663825989
5650,DoS,0.9639650583267212
5651,DoS,0.9657204747200012
5652,DoS,0.9639570713043213
5653,DoS,0.9661938548088074
5654,DoS,0.9639683961868286
5655,DoS,0.9662368893623352
5656,DoS,0.9639279246330261
5657,DoS,0.9654551148414612
5658,DoS,0.9638540744781494
5659,DoS,0.9654756784439087
5660,DoS,0.9638859629631042
5661,DoS,0.965302050113678
5662,DoS,0.9638793468475342
5663,DoS,0.9656380414962769
5664,DoS,0.9638983607292175
5665,DoS,0.9663174152374268
5666,DoS,0.9639214277267456
5667,DoS,0.9667332172393799
5668,DoS,0.9639272689819336
5669,DoS,0.9658321738243103
5670,DoS,0.9640178084373474
5671,DoS,0.9662805199623108
5672,DoS,0.9639659523963928
5673,DoS,0.9640666246414185
5674,DoS,0.9640288352966309
5675,DoS,0.9640470147132874
5676,DoS,0.9640666246414185
5677,DoS,0.9641115069389343
5678,DoS,0.9652678370475769
5679,DoS,0.9639614820480347
5680,DoS,0.9654443860054016
5681,DoS,0.9639472365379333
5682,DoS,0.965465784072876
5683,DoS,0.9640482664108276
5684,DoS,0.9666422009468079
5685,DoS,0.9640417098999023
5686,DoS,0.9658169746398926
5687,DoS,0.9640812873840332
5688,DoS,0.9659005999565125
5689,DoS,0.9640717506408691
5690,DoS,0.966745138168335
5691,DoS,0.9640961289405823
5692,DoS,0.965025007724762
5693,DoS,0.9640696048736572
5694,DoS,0.9662449359893799
5695,DoS,0.9640752673149109
5696,DoS,0.9651901125907898
5697,DoS,0.963964581489563
5698,DoS,0.9654204845428467
5699,DoS,0.9639924168586731
5700,DoS,0.9654508233070374
5701,DoS,0.9640413522720337
5702,DoS,0.9666547775268555
5703,DoS,0.9640545845031738
5704,DoS,0.966618001461029
5705,DoS,0.9640015959739685
5706,DoS,0.9669367074966431
5707,DoS,0.9640094637870789
5708,DoS,0.964051365852356
5709,DoS,0.966643750667572
5710,DoS,0.9664391875267029
5711,DoS,0.9640538096427917
5712,DoS,0.9664686918258667
5713,DoS,0.964085042476654
5714,DoS,0.9667096138000488
5715,DoS,0.9640094637870789
5716,DoS,0.9640663266181946
5717,DoS,0.9645779132843018
5718,DoS,0.9639570713043213
5719,DoS,0.9664782881736755
5720,DoS,0.9640113711357117
5721,DoS,0.9662480354309082
5722,DoS,0.963954508304596
5723,DoS,0.9667093753814697
5724,DoS,0.964009702205658
5725,DoS,0.9661072492599487
5726,DoS,0.9640128016471863
5727,DoS,0.966198742389679
5728,DoS,0.9640708565711975
5729,DoS,0.9669269919395447
5730,DoS,0.9641380906105042
5731,DoS,0.9667461514472961
5732,DoS,0.9641757011413574
5733,DoS,0.9665316939353943
5734,DoS,0.9640893340110779
5735,DoS,0.9653369188308716
5736,DoS,0.9639537334442139
5737,DoS,0.9658327698707581
5738,DoS,0.9640224575996399
5739,DoS,0.9653838276863098
5740,DoS,0.9640578627586365
5741,DoS,0.9652010798454285
5742,DoS,0.9639931917190552
5743,DoS,0.9658740162849426
5744,DoS,0.9639517664909363
5745,DoS,0.9668427109718323
5746,DoS,0.963962972164154
5747,DoS,0.966805100440979
5748,DoS,0.9659974575042725
5749,DoS,0.9640011787414551
5750,DoS,0.9669044613838196
5751,DoS,0.9640313982963562
5752,DoS,0.9660511016845703
5753,DoS,0.9639589786529541
5754,DoS,0.9662056565284729
5755,DoS,0.9639748930931091
5756,DoS,0.9660444259643555
5757,DoS,0.9640013575553894
5758,DoS,0.9654125571250916
5759,DoS,0.9639149904251099
5760,DoS,0.9656936526298523
5761,DoS,0.9639280438423157
5762,DoS,0.9653825759887695
5763,DoS,0.9638850688934326
5764,DoS,0.965445339679718
5765,DoS,0.9639034867286682
5766,DoS,0.9655925035476685
5767,DoS,0.9639268517494202
5768,DoS,0.9658880233764648
5769,DoS,0.963893473148346
5770,DoS,0.965617835521698
5771,DoS,0.9638478755950928
5772,DoS,0.9639559984207153
5773,DoS,0.9639278054237366
5774,DoS,0.9651584625244141
5775,DoS,0.9639183282852173
5776,DoS,0.9639384746551514
5777,DoS,0.9639973044395447
5778,DoS,0.9639880061149597
5779,DoS,0.9640032649040222
5780,DoS,0.9658440947532654
5781,DoS,0.9639752507209778
5782,DoS,0.9662648439407349
5783,DoS,0.96388840675354
5784,DoS,0.9657278656959534
5785,DoS,0.9638693332672119
5786,DoS,0.9657436609268188
5787,DoS,0.9639301896095276
5788,DoS,0.9662548303604126
5789,DoS,0.9639222025871277
5790,DoS,0.9657937288284302
5791,DoS,0.9639844298362732
5792,DoS,0.9670663475990295
5793,DoS,0.9640132188796997
5794,DoS,0.9657939672470093
5795,DoS,0.964013934135437
5796,DoS,0.9649733901023865
5797,DoS,0.9639953970909119
5798,DoS,0.9659982323646545
5799,DoS,0.9639560580253601
5800,DoS,0.9640384912490845
5801,DoS,0.9640405178070068
5802,DoS,0.9657567143440247
5803,DoS,0.9639440178871155
5804,DoS,0.9647511839866638
5805,DoS,0.9638981223106384
5806,DoS,0.9653429388999939
5807,DoS,0.9639973044395447
5808,DoS,0.9652008414268494
5809,DoS,0.9639600515365601
5810,DoS,0.9651443362236023
5811,DoS,0.9639542102813721
5812,DoS,0.9666507840156555
5813,DoS,0.9640190005302429
5814,DoS,0.965548574924469
5815,DoS,0.9639466404914856
5816,DoS,0.9664459824562073
5817,DoS,0.9640101194381714
5818,DoS,0.9666131138801575
5819,DoS,0.9639793634414673
5820,DoS,0.9639877676963806
5821,DoS,0.9654791355133057
5822,DoS,0.9638252854347229
5823,DoS,0.9652873873710632
5824,DoS,0.9639031291007996
5825,DoS,0.9650762677192688
5826,DoS,0.9639286994934082
5827,DoS,0.9665898680686951
5828,DoS,0.9639121890068054
5829,DoS,0.9658516645431519
5830,DoS,0.963883101940155
5831,DoS,0.966723620891571
5832,DoS,0.963850736618042
5833,DoS,0.9659863710403442
5834,DoS,0.9638588428497314
5835,DoS,0.9639401435852051
5836,DoS,0.9662408232688904
5837,DoS,0.9639865159988403
5838,DoS,0.9640274047851562
5839,DoS,0.9640167951583862
5840,DoS,0.9640486836433411
5841,DoS,0.9656444191932678
5842,DoS,0.9639996290206909
5843,DoS,0.9657676815986633
5844,DoS,0.9638926982879639
5845,DoS,0.965803861618042
5846,DoS,0.9639385938644409
5847,DoS,0.9662680625915527
5848,DoS,0.9639362692832947
5849,DoS,0.9658812284469604
5850,DoS,0.9639849662780762
5851,DoS,0.9661195278167725
5852,DoS,0.9640281796455383
5853,DoS,0.966029942035675
5854,DoS,0.9640615582466125
5855,DoS,0.9668474197387695
5856,DoS,0.963997483253479
5857,DoS,0.9654625654220581
5858,DoS,0.9640108942985535
5859,DoS,0.9655633568763733
5860,DoS,0.9640296101570129
5861,DoS,0.9661350846290588
5862,DoS,0.9639315009117126
5863,DoS,0.9639605283737183
5864,DoS,0.96396404504776
5865,DoS,0.9640335440635681
5866,DoS,0.9663451910018921
5867,DoS,0.963935911655426
5868,DoS,0.9662018418312073
5869,DoS,0.9639051556587219
5870,DoS,0.9658322930335999
5871,DoS,0.9639437794685364
5872,DoS,0.9670644402503967
5873,DoS,0.9639093279838562
5874,DoS,0.9652373194694519
5875,DoS,0.9640041589736938
5876,DoS,0.9666315317153931
5877,DoS,0.9640183448791504
5878,DoS,0.9657067656517029
5879,DoS,0.9639036655426025
5880,DoS,0.9660673141479492
5881,DoS,0.9639334678649902
5882,DoS,0.9659265279769897
5883,DoS,0.963908314704895
5884,DoS,0.965193510055542
5885,DoS,0.963821530342102
5886,DoS,0.9655379056930542
5887,DoS,0.9638996720314026
5888,DoS,0.9649725556373596
5889,DoS,0.9638926982879639
5890,DoS,0.9647530913352966
5891,DoS,0.9638867378234863
5892,DoS,0.9639194011688232
5893,DoS,0.9653180241584778
5894,DoS,0.9646594524383545
5895,DoS,0.9638698101043701
5896,DoS,0.9660975933074951
5897,DoS,0.9639425873756409
5898,DoS,0.966866672039032
5899,DoS,0.9639049172401428
5900,DoS,0.9662765264511108
5901,DoS,0.9638393521308899
5902,DoS,0.963902473449707
5903,DoS,0.9639080166816711
5904,DoS,0.9639659523963928
5905,DoS,0.9637957215309143
5906,DoS,0.9660811424255371
5907,DoS,0.9637783169746399
5908,DoS,0.9664743542671204
5909,DoS,0.9637830853462219
5910,DoS,0.965340793132782
5911,DoS,0.9638795256614685
5912,DoS,0.966289758682251
5913,DoS,0.9639086723327637
5914,DoS,0.9660660028457642
5915,DoS,0.9639244079589844
5916,DoS,0.9667242169380188
5917,DoS,0.9639396667480469
5918,DoS,0.9657754898071289
5919,DoS,0.9639004468917847
5920,DoS,0.9662998914718628
5921,DoS,0.9638944864273071
5922,DoS,0.9660744667053223
5923,DoS,0.9638364911079407
5924,DoS,0.9649727940559387
5925,DoS,0.9638255834579468
5926,DoS,0.965477466583252
5927,DoS,0.96396404504776
5928,DoS,0.9650972485542297
5929,DoS,0.9638818502426147
5930,DoS,0.9647273421287537
5931,DoS,0.963894248008728
5932,DoS,0.9665448665618896
5933,DoS,0.9639278054237366
5934,DoS,0.9667986035346985
5935,DoS,0.9638811945915222
5936,DoS,0.9664229154586792
5937,DoS,0.9667649865150452
5938,DoS,0.9638717770576477
5939,DoS,0.9639285802841187
5940,DoS,0.9639626145362854
5941,DoS,0.9639818668365479
5942,DoS,0.9640295505523682
5943,DoS,0.9652148485183716
5944,DoS,0.9639084339141846
5945,DoS,0.9661527872085571
5946,DoS,0.9639147520065308
5947,DoS,0.9663059115409851
5948,DoS,0.9639145135879517
5949,DoS,0.9657373428344727
5950,DoS,0.9640130400657654
5951,DoS,0.9654995799064636
5952,DoS,0.963964581489563
5953,DoS,0.9660542011260986
5954,DoS,0.9639568328857422
5955,DoS,0.9661374092102051
5956,DoS,0.9640269875526428
5957,DoS,0.9650481939315796
5958,DoS,0.9664594531059265
5959,DoS,0.9639463424682617
5960,DoS,0.9649086594581604
5961,DoS,0.9639188647270203
5962,DoS,0.9654915928840637
5963,DoS,0.9639919996261597
5964,DoS,0.9657296538352966
5965,DoS,0.9640050530433655
5966,DoS,0.9668057560920715
5967,DoS,0.9638922810554504
5968,DoS,0.9657996296882629
5969,DoS,0.9639341235160828
5970,DoS,0.9668673872947693
5971,DoS,0.9639208316802979
5972,DoS,0.966199517250061
5973,DoS,0.9638744592666626
5974,DoS,0.9639392495155334
5975,DoS,0.9651548862457275
5976,DoS,0.9639073610305786
5977,DoS,0.963972806930542
5978,DoS,0.9640010595321655
5979,DoS,0.9640114903450012
5980,DoS,0.9640480279922485
5981,DoS,0.9656916260719299
5982,DoS,0.9639818072319031
5983,DoS,0.9656736254692078
5984,DoS,0.9639186263084412
5985,DoS,0.9655267000198364
5986,DoS,0.9654508233070374
5987,DoS,0.9639579653739929
5988,DoS,0.9640716314315796
5989,DoS,0.9659825563430786
5990,DoS,0.9640507698059082
5991,DoS,0.9670674204826355
5992,DoS,0.9640998840332031
5993,DoS,0.965360701084137
5994,DoS,0.9641260504722595
5995,DoS,0.9665840864181519
5996,DoS,0.9641251564025879
5997,DoS,0.9653684496879578
5998,DoS,0.9640165567398071
5999,DoS,0.9659895896911621
6000,DoS,0.9640042781829834
6001,DoS,0.9659109115600586
6002,DoS,0.9639967083930969
6003,DoS,0.96487957239151
6004,DoS,0.9639357924461365
6005,DoS,0.9653456211090088
6006,DoS,0.9639805555343628
6007,DoS,0.9651651978492737
6008,DoS,0.9639500975608826
6009,DoS,0.9657300114631653
6010,DoS,0.963954746723175
6011,DoS,0.9662718772888184
6012,DoS,0.9639431238174438
6013,DoS,0.9666199088096619
6014,DoS,0.963948667049408
6015,DoS,0.9656702876091003
6016,DoS,0.9663920998573303
6017,DoS,0.9639518857002258
6018,DoS,0.9662919044494629
6019,DoS,0.9639992713928223
6020,DoS,0.9660557508468628
6021,DoS,0.9639440178871155
6022,DoS,0.9662593007087708
6023,DoS,0.9639127850532532
6024,DoS,0.9655345678329468
6025,DoS,0.9638385772705078
6026,DoS,0.9645101428031921
6027,DoS,0.9638575315475464
6028,DoS,0.9658624529838562
6029,DoS,0.9638840556144714
6030,DoS,0.9661499857902527
6031,DoS,0.9639090299606323
6032,DoS,0.9665801525115967
6033,DoS,0.9638941884040833
6034,DoS,0.9656967520713806
6035,DoS,0.963930070400238
6036,DoS,0.9643375277519226
6037,DoS,0.9639421105384827
6038,DoS,0.9663187265396118
6039,DoS,0.9639316201210022
6040,DoS,0.966355562210083
6041,DoS,0.9639256000518799
6042,DoS,0.9639490842819214
6043,DoS,0.9655990600585938
6044,DoS,0.9638413190841675
6045,DoS,0.9638825058937073
6046,DoS,0.9639317989349365
6047,DoS,0.9640063643455505
6048,DoS,0.9655821323394775
6049,DoS,0.9639495611190796
6050,DoS,0.9656841158866882
6051,DoS,0.963844895362854
6052,DoS,0.9659382700920105
6053,DoS,0.9638950228691101
6054,DoS,0.966284453868866
6055,DoS,0.9638738036155701
6056,DoS,0.9663259387016296
6057,DoS,0.9639142155647278
6058,DoS,0.9656716585159302
6059,DoS,0.9639585018157959
6060,DoS,0.9660555124282837
6061,DoS,0.9639987349510193
6062,DoS,0.9657509326934814
6063,DoS,0.9639390110969543
6064,DoS,0.9648768901824951
6065,DoS,0.9639374613761902
6066,DoS,0.9656648635864258
6067,DoS,0.9640054702758789
6068,DoS,0.9658954739570618
6069,DoS,0.966362714767456
6070,DoS,0.9660695791244507
6071,DoS,0.9639925360679626
6072,DoS,0.9667821526527405
6073,DoS,0.9639583826065063
6074,DoS,0.9665300250053406
6075,DoS,0.9639436602592468
6076,DoS,0.9662315845489502
6077,DoS,0.9638513922691345
6078,DoS,0.9639144539833069
6079,DoS,0.9658624529838562
6080,DoS,0.9638003706932068
6081,DoS,0.9660855531692505
6082,DoS,0.9638756513595581
6083,DoS,0.9672667980194092
6084,DoS,0.9639052152633667
6085,DoS,0.9647323489189148
6086,DoS,0.9638900756835938
6087,DoS,0.9642192125320435
6088,DoS,0.9638628363609314
6089,DoS,0.9658017158508301
6090,DoS,0.9638271331787109
6091,DoS,0.9651401042938232
6092,DoS,0.9637394547462463
6093,DoS,0.9652624130249023
6094,DoS,0.9638389945030212
6095,DoS,0.9650130867958069
6096,DoS,0.9638699293136597
6097,DoS,0.9656980037689209
6098,DoS,0.9639040231704712
6099,DoS,0.9665054082870483
6100,DoS,0.9639310240745544
6101,DoS,0.9662240147590637
6102,DoS,0.9639211893081665
6103,DoS,0.9656418561935425
6104,DoS,0.9638726711273193
6105,DoS,0.9662888646125793
6106,DoS,0.9638668894767761
6107,DoS,0.9639087915420532
6108,DoS,0.9639442563056946
6109,DoS,0.9655328392982483
6110,DoS,0.9638457894325256
6111,DoS,0.9664403796195984
6112,DoS,0.9638899564743042
6113,DoS,0.9667332172393799
6114,DoS,0.9639209508895874
6115,DoS,0.9660996794700623
6116,DoS,0.9639716148376465
6117,DoS,0.9660168290138245
6118,DoS,0.9639481902122498
6119,DoS,0.9660635590553284
6120,DoS,0.963962197303772
6121,DoS,0.966270387172699
6122,DoS,0.9640112519264221
6123,DoS,0.9659494161605835
6124,DoS,0.964053213596344
6125,DoS,0.9648775458335876
6126,DoS,0.9639840126037598
6127,DoS,0.9654248356819153
6128,DoS,0.9640799164772034
6129,DoS,0.9641424417495728
6130,DoS,0.9641521573066711
6131,DoS,0.9640762805938721
6132,DoS,0.965581476688385
6133,DoS,0.9640007019042969
6134,DoS,0.9661397337913513
6135,DoS,0.9639778137207031
6136,DoS,0.9655337929725647
6137,DoS,0.9639685153961182
6138,DoS,0.966209888458252
6139,DoS,0.9639388918876648
6140,DoS,0.9664639234542847
6141,DoS,0.9639713764190674
6142,DoS,0.9666439890861511
6143,DoS,0.9639676809310913
6144,DoS,0.966005265712738
6145,DoS,0.9639496803283691
6146,DoS,0.9665815234184265
6147,DoS,0.9639116525650024
6148,DoS,0.9666363000869751
6149,DoS,0.9639617204666138
6150,DoS,0.9657388925552368
6151,DoS,0.963916003704071
6152,DoS,0.9657357931137085
6153,DoS,0.9639163017272949
6154,DoS,0.9648061990737915
6155,DoS,0.9638803005218506
6156,DoS,0.9651806354522705
6157,DoS,0.9639880061149597
6158,DoS,0.9649326205253601
6159,DoS,0.9639523029327393
6160,DoS,0.9653627276420593
6161,DoS,0.9639685153961182
6162,DoS,0.9667637348175049
6163,DoS,0.9639483094215393
6164,DoS,0.965772807598114
6165,DoS,0.9639384746551514
6166,DoS,0.9663851857185364
6167,DoS,0.9639341235160828
6168,DoS,0.9665415287017822
6169,DoS,0.9638712406158447
6170,DoS,0.9639535546302795
6171,DoS,0.9664499759674072
6172,DoS,0.963864266872406
6173,DoS,0.9663304090499878
6174,DoS,0.9639200568199158
6175,DoS,0.965844988822937
6176,DoS,0.9639012217521667
6177,DoS,0.9657716751098633
6178,DoS,0.9638593792915344
6179,DoS,0.9651510119438171
6180,DoS,0.963854193687439
6181,DoS,0.9653359055519104
6182,DoS,0.9639228582382202
6183,DoS,0.9651884436607361
6184,DoS,0.9638993740081787
6185,DoS,0.9653559327125549
6186,DoS,0.9640001654624939
6187,DoS,0.9666256904602051
6188,DoS,0.96402907371521
6189,DoS,0.9663414359092712
6190,DoS,0.9639890789985657
6191,DoS,0.9657586812973022
6192,DoS,0.963939905166626
6193,DoS,0.9664802551269531
6194,DoS,0.9639047980308533
6195,DoS,0.9639449119567871
6196,DoS,0.963893473148346
6197,DoS,0.9658975601196289
6198,DoS,0.9638544917106628
6199,DoS,0.9663592576980591
6200,DoS,0.9638556241989136
6201,DoS,0.9661450982093811
6202,DoS,0.9638472199440002
6203,DoS,0.9664521217346191
6204,DoS,0.9638434648513794
6205,DoS,0.9653407335281372
6206,DoS,0.9639453291893005
6207,DoS,0.9664470553398132
6208,DoS,0.963974118232727
6209,DoS,0.9658015966415405
6210,DoS,0.9638972878456116
6211,DoS,0.9659765362739563
6212,DoS,0.964005172252655
6213,DoS,0.9659245014190674
6214,DoS,0.9639583230018616
6215,DoS,0.9651121497154236
6216,DoS,0.9639046788215637
6217,DoS,0.965593695640564
6218,DoS,0.9640195369720459
6219,DoS,0.9649830460548401
6220,DoS,0.9638925194740295
6221,DoS,0.9653723835945129
6222,DoS,0.9639368057250977
6223,DoS,0.9664402008056641
6224,DoS,0.9639312624931335
6225,DoS,0.9665418267250061
6226,DoS,0.9639262557029724
6227,DoS,0.9656698703765869
6228,DoS,0.9639607071876526
6229,DoS,0.9660549759864807
6230,DoS,0.9639663696289062
6231,DoS,0.9661272168159485
6232,DoS,0.9639434814453125
6233,DoS,0.9662349224090576
6234,DoS,0.9638901948928833
6235,DoS,0.9639662504196167
6236,DoS,0.9639825820922852
6237,DoS,0.9658098220825195
6238,DoS,0.9639000296592712
6239,DoS,0.9639365673065186
6240,DoS,0.9654034972190857
6241,DoS,0.9639012217521667
6242,DoS,0.9657229781150818
6243,DoS,0.9639791250228882
6244,DoS,0.9652110934257507
6245,DoS,0.9639588594436646
6246,DoS,0.9653464555740356
6247,DoS,0.9640815854072571
6248,DoS,0.9653668403625488
6249,DoS,0.9641091823577881
6250,DoS,0.9664227962493896
6251,DoS,0.9640659689903259
6252,DoS,0.9655161499977112
6253,DoS,0.9640706181526184
6254,DoS,0.966560423374176
6255,DoS,0.9640743136405945
6256,DoS,0.9658743143081665
6257,DoS,0.9639712572097778
6258,DoS,0.9662371277809143
6259,DoS,0.9639723896980286
6260,DoS,0.9660049080848694
6261,DoS,0.9639372229576111
6262,DoS,0.9639630317687988
6263,DoS,0.9640042781829834
6264,DoS,0.9639819860458374
6265,DoS,0.9657644629478455
6266,DoS,0.9638910889625549
6267,DoS,0.9657391309738159
6268,DoS,0.9638508558273315
6269,DoS,0.9649882316589355
6270,DoS,0.9638779759407043
6271,DoS,0.9640074968338013
6272,DoS,0.9657698273658752
6273,DoS,0.9654935598373413
6274,DoS,0.9640186429023743
6275,DoS,0.9640504717826843
6276,DoS,0.964104413986206
6277,DoS,0.965832531452179
6278,DoS,0.9663776159286499
6279,DoS,0.9651655554771423
6280,DoS,0.963974118232727
6281,DoS,0.9653459191322327
6282,DoS,0.9640107750892639
6283,DoS,0.9662460684776306
6284,DoS,0.9639319181442261
6285,DoS,0.965482234954834
6286,DoS,0.9638941884040833
6287,DoS,0.9658651947975159
6288,DoS,0.9639022350311279
6289,DoS,0.9662603139877319
6290,DoS,0.9639084339141846
6291,DoS,0.9656602740287781
6292,DoS,0.9638842940330505
6293,DoS,0.9658158421516418
6294,DoS,0.9638676047325134
6295,DoS,0.9662162065505981
6296,DoS,0.9637856483459473
6297,DoS,0.9658046364784241
6298,DoS,0.9638121128082275
6299,DoS,0.9652705192565918
6300,DoS,0.9637911915779114
6301,DoS,0.965803861618042
6302,DoS,0.9637899398803711
6303,DoS,0.9648820161819458
6304,DoS,0.9637477397918701
6305,DoS,0.9653005003929138
6306,DoS,0.9638189673423767
6307,DoS,0.9650837182998657
6308,DoS,0.9637789726257324
6309,DoS,0.9648462533950806
6310,DoS,0.9638679027557373
6311,DoS,0.9663594365119934
6312,DoS,0.9639400243759155
6313,DoS,0.9663523435592651
6314,DoS,0.9665486216545105
6315,DoS,0.9662254452705383
6316,DoS,0.9639041423797607
6317,DoS,0.9657226800918579
6318,DoS,0.9637624025344849
6319,DoS,0.9654142260551453
6320,DoS,0.9638179540634155
6321,DoS,0.9658194184303284
6322,DoS,0.9637913107872009
6323,DoS,0.9651674628257751
6324,DoS,0.9636849761009216
6325,DoS,0.9638440012931824
6326,DoS,0.9638860821723938
6327,DoS,0.9638932943344116
6328,DoS,0.9638972878456116
6329,DoS,0.9638317227363586
6330,DoS,0.9637936949729919
6331,DoS,0.9639201760292053
6332,DoS,0.9648699164390564
6333,DoS,0.9646791815757751
6334,DoS,0.9638766646385193
6335,DoS,0.9640350937843323
6336,DoS,0.9640744924545288
6337,DoS,0.9656660556793213
6338,DoS,0.9639585018157959
6339,DoS,0.9653127193450928
6340,DoS,0.9638676643371582
6341,DoS,0.9657540321350098
6342,DoS,0.963865339756012
6343,DoS,0.9654796123504639
6344,DoS,0.9638012647628784
6345,DoS,0.9656606316566467
6346,DoS,0.9638351202011108
6347,DoS,0.9638932943344116
6348,DoS,0.9659756422042847
6349,DoS,0.9638504981994629
6350,DoS,0.9659333825111389
6351,DoS,0.9638979434967041
6352,DoS,0.9662396907806396
6353,DoS,0.963894248008728
6354,DoS,0.9657009840011597
6355,DoS,0.9639474153518677
6356,DoS,0.964884340763092
6357,DoS,0.9638572931289673
6358,DoS,0.9639144539833069
6359,DoS,0.966323971748352
6360,DoS,0.9638857245445251
6361,DoS,0.9639403223991394
6362,DoS,0.9639239311218262
6363,DoS,0.9639520049095154
6364,DoS,0.9639880061149597
6365,DoS,0.9640811681747437
6366,DoS,0.9641357660293579
6367,DoS,0.9652962684631348
6368,DoS,0.9639988541603088
6369,DoS,0.9640766382217407
6370,DoS,0.9654546976089478
6371,DoS,0.963988184928894
6372,DoS,0.965293288230896
6373,DoS,0.9661647081375122
6374,DoS,0.9658244252204895
6375,DoS,0.9669137001037598
6376,DoS,0.9638684391975403
6377,DoS,0.9652179479598999
6378,DoS,0.9655300378799438
6379,DoS,0.9637600779533386
6380,DoS,0.9653058052062988
6381,DoS,0.9638512134552002
6382,DoS,0.9639443159103394
6383,DoS,0.9658927917480469
6384,DoS,0.9639313817024231
6385,DoS,0.9648849964141846
6386,DoS,0.9639320373535156
6387,DoS,0.9649907946586609
6388,DoS,0.9639208316802979
6389,DoS,0.9650304317474365
6390,DoS,0.9638610482215881
6391,DoS,0.9642249941825867
6392,DoS,0.9638282656669617
6393,DoS,0.9632838368415833
6394,DoS,0.9638259410858154
6395,DoS,0.9638597369194031
6396,DoS,0.9638673663139343
6397,DoS,0.9638518691062927
6398,DoS,0.9638689160346985
6399,DoS,0.9639798998832703
6400,DoS,0.9648736715316772
6401,DoS,0.9639086723327637
6402,DoS,0.9655576944351196
6403,DoS,0.963869035243988
6404,DoS,0.9652155041694641
6405,DoS,0.9639120101928711
6406,DoS,0.9653596878051758
6407,DoS,0.9639857411384583
6408,DoS,0.9659472703933716
6409,DoS,0.9639900922775269
6410,DoS,0.9665960669517517
6411,DoS,0.9640125632286072
6412,DoS,0.965865969657898
6413,DoS,0.9639841914176941
6414,DoS,0.9664236903190613
6415,DoS,0.9639662504196167
6416,DoS,0.9652268290519714
6417,DoS,0.9639595150947571
6418,DoS,0.965460479259491
6419,DoS,0.9639760255813599
6420,DoS,0.9655383825302124
6421,DoS,0.9639714956283569
6422,DoS,0.9646079540252686
6423,DoS,0.9639492034912109
6424,DoS,0.9650928378105164
6425,DoS,0.9643557667732239
6426,DoS,0.9666463136672974
6427,DoS,0.9639706015586853
6428,DoS,0.9652601480484009
6429,DoS,0.9638999104499817
6430,DoS,0.9653505682945251
6431,DoS,0.9638754725456238
6432,DoS,0.966159462928772
6433,DoS,0.9639320373535156
6434,DoS,0.9660662412643433
6435,DoS,0.9638375639915466
6436,DoS,0.9653968214988708
6437,DoS,0.963782548904419
6438,DoS,0.9660537838935852
6439,DoS,0.9638349413871765
6440,DoS,0.9638875126838684
6441,DoS,0.9638736844062805
6442,DoS,0.9625441431999207
6443,DoS,0.9637496471405029
6444,DoS,0.9654070138931274
6445,DoS,0.9638007879257202
6446,DoS,0.9655387997627258
6447,DoS,0.963822603225708
6448,DoS,0.9663476943969727
6449,DoS,0.9638442993164062
6450,DoS,0.9654006958007812
6451,DoS,0.9638479948043823
6452,DoS,0.9639277458190918
6453,DoS,0.9644004702568054
6454,DoS,0.9656398296356201
6455,DoS,0.9638662338256836
6456,DoS,0.9656107425689697
6457,DoS,0.9638641476631165
6458,DoS,0.9647799134254456
6459,DoS,0.9638423323631287
6460,DoS,0.9650328755378723
6461,DoS,0.9639186263084412
6462,DoS,0.9650380611419678
6463,DoS,0.9657227993011475
6464,DoS,0.9638868570327759
6465,DoS,0.964874804019928
6466,DoS,0.9638592600822449
6467,DoS,0.9651264548301697
6468,DoS,0.9638762474060059
6469,DoS,0.9661954045295715
6470,DoS,0.9638837575912476
6471,DoS,0.9638951420783997
6472,DoS,0.9656900763511658
6473,DoS,0.9638479948043823
6474,DoS,0.9639523029327393
6475,DoS,0.9639713764190674
6476,DoS,0.9639664888381958
6477,DoS,0.9639800190925598
6478,DoS,0.965322732925415
6479,DoS,0.9638853073120117
6480,DoS,0.9655964970588684
6481,DoS,0.963822066783905
6482,DoS,0.9652959108352661
6483,DoS,0.9638605117797852
6484,DoS,0.9652226567268372
6485,DoS,0.9639366865158081
6486,DoS,0.9659386277198792
6487,DoS,0.9639472365379333
6488,DoS,0.9660295248031616
6489,DoS,0.963972806930542
6490,DoS,0.9655655026435852
6491,DoS,0.9640178680419922
6492,DoS,0.9669790267944336
6493,DoS,0.9639945030212402
6494,DoS,0.9656491875648499
6495,DoS,0.9640710949897766
6496,DoS,0.9665029644966125
6497,DoS,0.964009165763855
6498,DoS,0.965511679649353
6499,DoS,0.9639917612075806
6500,DoS,0.9645763635635376
6501,DoS,0.9639395475387573
6502,DoS,0.9651107788085938
6503,DoS,0.9639856815338135
6504,DoS,0.9649268388748169
6505,DoS,0.9639589786529541
6506,DoS,0.9650247693061829
6507,DoS,0.9639673829078674
6508,DoS,0.9664390683174133
6509,DoS,0.9639575481414795
6510,DoS,0.9662601947784424
6511,DoS,0.9639573097229004
6512,DoS,0.965315043926239
6513,DoS,0.9638663530349731
6514,DoS,0.9660164713859558
6515,DoS,0.9639154076576233
6516,DoS,0.9639988541603088
6517,DoS,0.9639962911605835
6518,DoS,0.9654269218444824
6519,DoS,0.9638540744781494
6520,DoS,0.9639968276023865
6521,DoS,0.9640138149261475
6522,DoS,0.9655598402023315
6523,DoS,0.9638622403144836
6524,DoS,0.9653148055076599
6525,DoS,0.9638664722442627
6526,DoS,0.9646173715591431
6527,DoS,0.9638331532478333
6528,DoS,0.964808464050293
6529,DoS,0.9639536142349243
6530,DoS,0.9646672010421753
6531,DoS,0.9640041589736938
6532,DoS,0.9658253788948059
6533,DoS,0.9640370607376099
6534,DoS,0.9658715724945068
6535,DoS,0.9639926552772522
6536,DoS,0.9657682776451111
6537,DoS,0.964011013507843
6538,DoS,0.9649620652198792
6539,DoS,0.9639803171157837
6540,DoS,0.9658610820770264
6541,DoS,0.9639410376548767
6542,DoS,0.9639169573783875
6543,DoS,0.9639617204666138
6544,DoS,0.9664369821548462
6545,DoS,0.9650986790657043
6546,DoS,0.9662145376205444
6547,DoS,0.9658334255218506
6548,DoS,0.9654451608657837
6549,DoS,0.9637314677238464
6550,DoS,0.9648181200027466
6551,DoS,0.9637765288352966
6552,DoS,0.965427577495575
6553,DoS,0.9638476371765137
6554,DoS,0.9655242562294006
6555,DoS,0.963854968547821
6556,DoS,0.9655662775039673
6557,DoS,0.9638339281082153
6558,DoS,0.9639683961868286
6559,DoS,0.9548230171203613
6560,DoS,0.9638382196426392
6561,DoS,0.9651286602020264
6562,DoS,0.9638137817382812
6563,DoS,0.9648382067680359
6564,DoS,0.9637535214424133
6565,DoS,0.9650499820709229
6566,DoS,0.9638141989707947
6567,DoS,0.9649693369865417
6568,DoS,0.9637935161590576
6569,DoS,0.9649178385734558
6570,DoS,0.9638171792030334
6571,DoS,0.9645829796791077
6572,DoS,0.963845431804657
6573,DoS,0.964379072189331
6574,DoS,0.963864266872406
6575,DoS,0.9648730158805847
6576,DoS,0.9638422131538391
6577,DoS,0.9639757871627808
6578,DoS,0.9653477072715759
6579,DoS,0.9654908180236816
6580,DoS,0.9638544917106628
6581,DoS,0.963959276676178
6582,DoS,0.9640011787414551
6583,DoS,0.9658294320106506
6584,DoS,0.9651837348937988
6585,DoS,0.963834822177887
6586,DoS,0.9657081961631775
6587,DoS,0.9639021158218384
6588,DoS,0.9639525413513184
6589,DoS,0.9639418721199036
6590,DoS,0.9656051397323608
6591,DoS,0.9638813138008118
6592,DoS,0.9648696780204773
6593,DoS,0.9666844010353088
6594,DoS,0.9658495187759399
6595,DoS,0.9662586450576782
6596,DoS,0.9640529155731201
6597,DoS,0.9640796184539795
6598,DoS,0.9640632271766663
6599,DoS,0.9662722945213318
6600,DoS,0.9639800190925598
6601,DoS,0.9664103388786316
6602,DoS,0.9638640284538269
6603,DoS,0.9638947248458862
6604,DoS,0.9638498425483704
6605,DoS,0.9638063311576843
6606,DoS,0.9659331440925598
6607,DoS,0.9638402462005615
6608,DoS,0.9659830331802368
6609,DoS,0.963835597038269
6610,DoS,0.9662092924118042
6611,DoS,0.9638381004333496
6612,DoS,0.965707004070282
6613,DoS,0.9637342691421509
6614,DoS,0.9641208052635193
6615,DoS,0.9637534022331238
6616,DoS,0.9650641679763794
6617,DoS,0.9638140797615051
6618,DoS,0.9660120606422424
6619,DoS,0.9637718200683594
6620,DoS,0.9652127623558044
6621,DoS,0.963769257068634
6622,DoS,0.963826060295105
6623,DoS,0.9630551338195801
6624,DoS,0.9638931751251221
6625,DoS,0.9659220576286316
6626,DoS,0.9638281464576721
6627,DoS,0.9650248885154724
6628,DoS,0.9638016819953918
6629,DoS,0.9655258059501648
6630,DoS,0.9639012217521667
6631,DoS,0.9650189876556396
6632,DoS,0.9639331698417664
6633,DoS,0.9655173420906067
6634,DoS,0.9639752507209778
6635,DoS,0.9665309190750122
6636,DoS,0.9640040397644043
6637,DoS,0.9640198945999146
6638,DoS,0.9640718698501587
6639,DoS,0.9640916585922241
6640,DoS,0.9665483236312866
6641,DoS,0.9639536142349243
6642,DoS,0.9639853239059448
6643,DoS,0.9639988541603088
6644,DoS,0.9657573699951172
6645,DoS,0.9639812111854553
6646,DoS,0.9656854271888733
6647,DoS,0.9640258550643921
6648,DoS,0.9663211703300476
6649,DoS,0.9640209078788757
6650,DoS,0.9666805267333984
6651,DoS,0.9639865159988403
6652,DoS,0.9658686518669128
6653,DoS,0.9639922976493835
6654,DoS,0.9659183621406555
6655,DoS,0.96408611536026
6656,DoS,0.9665292501449585
6657,DoS,0.9641149640083313
6658,DoS,0.9659397602081299
6659,DoS,0.9641284942626953
6660,DoS,0.9649459719657898
6661,DoS,0.9641282558441162
6662,DoS,0.965530276298523
6663,DoS,0.9641472101211548
6664,DoS,0.9650502800941467
6665,DoS,0.9641055464744568
6666,DoS,0.9653407335281372
6667,DoS,0.9676273465156555
6668,DoS,0.9661303162574768
6669,DoS,0.9638219475746155
6670,DoS,0.966974139213562
6671,DoS,0.9663608074188232
6672,DoS,0.963801920413971
6673,DoS,0.9650317430496216
6674,DoS,0.9637966156005859
6675,DoS,0.96535724401474
6676,DoS,0.963811993598938
6677,DoS,0.9626750349998474
6678,DoS,0.9637982845306396
6679,DoS,0.9658998250961304
6680,DoS,0.9638045430183411
6681,DoS,0.9658079743385315
6682,DoS,0.9637404680252075
6683,DoS,0.961841344833374
6684,DoS,0.9637531638145447
6685,DoS,0.9649743437767029
6686,DoS,0.9637326002120972
6687,DoS,0.9653677940368652
6688,DoS,0.9636845588684082
6689,DoS,0.9657769203186035
6690,DoS,0.9637765288352966
6691,DoS,0.9654009342193604
6692,DoS,0.9673469066619873
6693,DoS,0.9637827277183533
6694,DoS,0.9659786820411682
6695,DoS,0.9637933969497681
6696,DoS,0.9663439989089966
6697,DoS,0.9637234210968018
6698,DoS,0.9656328558921814
6699,DoS,0.9636937379837036
6700,DoS,0.9655349254608154
6701,DoS,0.9637342691421509
6702,DoS,0.965829610824585
6703,DoS,0.9657880663871765
6704,DoS,0.9637599587440491
6705,DoS,0.9650164246559143
6706,DoS,0.9637998938560486
6707,DoS,0.9658331871032715
6708,DoS,0.9637333750724792
6709,DoS,0.9653505682945251
6710,DoS,0.9636940956115723
6711,DoS,0.9654532670974731
6712,DoS,0.9637492895126343
6713,DoS,0.9651800990104675
6714,DoS,0.9637213945388794
6715,DoS,0.9656927585601807
6716,DoS,0.9636969566345215
6717,DoS,0.9656442999839783
6718,DoS,0.9636791348457336
6719,DoS,0.965609073638916
6720,DoS,0.9636616110801697
6721,DoS,0.9664655923843384
6722,DoS,0.9647505283355713
6723,DoS,0.964463472366333
6724,DoS,0.9636956453323364
6725,DoS,0.9638878703117371
6726,DoS,0.9638699889183044
6727,DoS,0.963908314704895
6728,DoS,0.962717592716217
6729,DoS,0.9638158679008484
6730,DoS,0.9651323556900024
6731,DoS,0.9639053344726562
6732,DoS,0.9653530120849609
6733,DoS,0.963916003704071
6734,DoS,0.9659702181816101
6735,DoS,0.9640018343925476
6736,DoS,0.965247631072998
6737,DoS,0.9639458060264587
6738,DoS,0.9638963937759399
6739,DoS,0.9639653563499451
6740,DoS,0.9639971852302551
6741,DoS,0.9641477465629578
6742,DoS,0.9641956090927124
6743,DoS,0.9658368825912476
6744,DoS,0.9640383720397949
6745,DoS,0.9641197323799133
6746,DoS,0.9641320109367371
6747,DoS,0.9661489725112915
6748,DoS,0.9640071392059326
6749,DoS,0.9669550657272339
6750,DoS,0.9640105962753296
6751,DoS,0.9655139446258545
6752,DoS,0.9640063643455505
6753,DoS,0.9657460451126099
6754,DoS,0.9639409184455872
6755,DoS,0.9649360775947571
6756,DoS,0.9640099406242371
6757,DoS,0.9661226272583008
6758,DoS,0.9639934301376343
6759,DoS,0.9648470282554626
6760,DoS,0.9639431238174438
6761,DoS,0.9652854800224304
6762,DoS,0.9639899730682373
6763,DoS,0.9648075699806213
6764,DoS,0.9640709757804871
6765,DoS,0.966239333152771
6766,DoS,0.9640604257583618
6767,DoS,0.9640686511993408
6768,DoS,0.965323269367218
6769,DoS,0.9678398966789246
6770,DoS,0.9640423655509949
6771,DoS,0.9660453200340271
6772,DoS,0.9640316367149353
6773,DoS,0.9640368223190308
6774,DoS,0.964028537273407
6775,DoS,0.9640501141548157
6776,DoS,0.9657425880432129
6777,DoS,0.9639445543289185
6778,DoS,0.9659363031387329
6779,DoS,0.9639337062835693
6780,DoS,0.9655132293701172
6781,DoS,0.9638900756835938
6782,DoS,0.9656485319137573
6783,DoS,0.9639507532119751
6784,DoS,0.9660893678665161
6785,DoS,0.9639765620231628
6786,DoS,0.9657121896743774
6787,DoS,0.9639778137207031
6788,DoS,0.9650977849960327
6789,DoS,0.9639589786529541
6790,DoS,0.9666093587875366
6791,DoS,0.964000403881073
6792,DoS,0.9661458730697632
6793,DoS,0.9640008211135864
6794,DoS,0.9658535122871399
6795,DoS,0.9639467597007751
6796,DoS,0.9657257795333862
6797,DoS,0.9654293656349182
6798,DoS,0.9661270976066589
6799,DoS,0.9638299345970154
6800,DoS,0.9649804830551147
6801,DoS,0.9639309644699097
6802,DoS,0.9661741256713867
6803,DoS,0.9639202952384949
6804,DoS,0.9668706059455872
6805,DoS,0.9639616012573242
6806,DoS,0.9661884903907776
6807,DoS,0.963982343673706
6808,DoS,0.965792715549469
6809,DoS,0.963944137096405
6810,DoS,0.9661205410957336
6811,DoS,0.9638813138008118
6812,DoS,0.9640319347381592
6813,DoS,0.9640049338340759
6814,DoS,0.9640699625015259
6815,DoS,0.962515115737915
6816,DoS,0.9639289379119873
6817,DoS,0.9655890464782715
6818,DoS,0.9639670252799988
6819,DoS,0.9656118154525757
6820,DoS,0.9639769196510315
6821,DoS,0.9658631086349487
6822,DoS,0.9640020728111267
6823,DoS,0.9640872478485107
6824,DoS,0.9641905426979065
6825,DoS,0.965403139591217
6826,DoS,0.9640344977378845
6827,DoS,0.9658940434455872
6828,DoS,0.9658320546150208
6829,DoS,0.9642489552497864
6830,DoS,0.9656040668487549
6831,DoS,0.9642372131347656
6832,DoS,0.9645651578903198
6833,DoS,0.9641277194023132
6834,DoS,0.9642574787139893
6835,DoS,0.9653580188751221
6836,DoS,0.9641138315200806
6837,DoS,0.9658379554748535
6838,DoS,0.9640498161315918
6839,DoS,0.9640783667564392
6840,DoS,0.9668750762939453
6841,DoS,0.9670438170433044
6842,DoS,0.9661449790000916
6843,DoS,0.9640036225318909
6844,DoS,0.9641073942184448
6845,DoS,0.9641254544258118
6846,DoS,0.9660822153091431
6847,DoS,0.9640786051750183
6848,DoS,0.9653048515319824
6849,DoS,0.9639890789985657
6850,DoS,0.964052140712738
6851,DoS,0.9641107320785522
6852,DoS,0.964085042476654
6853,DoS,0.9656426310539246
6854,DoS,0.9638980627059937
6855,DoS,0.9656692147254944
6856,DoS,0.9638548493385315
6857,DoS,0.965406596660614
6858,DoS,0.9638808965682983
6859,DoS,0.965691089630127
6860,DoS,0.9638880491256714
6861,DoS,0.9661336541175842
6862,DoS,0.9639169573783875
6863,DoS,0.9656811952590942
6864,DoS,0.9639867544174194
6865,DoS,0.9658979177474976
6866,DoS,0.963949978351593
6867,DoS,0.9664517641067505
6868,DoS,0.9639037847518921
6869,DoS,0.9654871225357056
6870,DoS,0.963911235332489
6871,DoS,0.9657183289527893
6872,DoS,0.96395343542099
6873,DoS,0.9646696448326111
6874,DoS,0.9639317393302917
6875,DoS,0.9649664759635925
6876,DoS,0.9639459848403931
6877,DoS,0.9648662805557251
6878,DoS,0.9639308452606201
6879,DoS,0.964655339717865
6880,DoS,0.9639618396759033
6881,DoS,0.9663129448890686
6882,DoS,0.9639819860458374
6883,DoS,0.9662262201309204
6884,DoS,0.9639270305633545
6885,DoS,0.9664093255996704
6886,DoS,0.963935136795044
6887,DoS,0.9652616381645203
6888,DoS,0.9638800024986267
6889,DoS,0.9654108881950378
6890,DoS,0.965552031993866
6891,DoS,0.9662011861801147
6892,DoS,0.9639063477516174
6893,DoS,0.9649965763092041
6894,DoS,0.9638954997062683
6895,DoS,0.9657127857208252
6896,DoS,0.9657588005065918
6897,DoS,0.9664250612258911
6898,DoS,0.9637866020202637
6899,DoS,0.9648095369338989
6900,DoS,0.9638482928276062
6901,DoS,0.963925302028656
6902,DoS,0.9601330757141113
6903,DoS,0.9638324975967407
6904,DoS,0.9647214412689209
6905,DoS,0.9638121128082275
6906,DoS,0.9638570547103882
6907,DoS,0.9593144059181213
6908,DoS,0.9637736678123474
6909,DoS,0.9638791084289551
6910,DoS,0.9639118909835815
6911,DoS,0.9639971852302551
6912,DoS,0.9649193286895752
6913,DoS,0.9639006853103638
6914,DoS,0.9620070457458496
6915,DoS,0.9638446569442749
6916,DoS,0.9638853073120117
6917,DoS,0.9639474153518677
6918,DoS,0.964181661605835
6919,DoS,0.9639376997947693
6920,DoS,0.9636267423629761
6921,DoS,0.9639860987663269
6922,DoS,0.964978039264679
6923,DoS,0.963905930519104
6924,DoS,0.963996946811676
6925,DoS,0.9640849232673645
6926,DoS,0.9641002416610718
6927,DoS,0.9641373157501221
6928,DoS,0.9642146825790405
6929,DoS,0.9651386737823486
6930,DoS,0.9641023278236389
6931,DoS,0.9656975269317627
6932,DoS,0.9640569090843201
6933,DoS,0.9649390578269958
6934,DoS,0.9640643000602722
6935,DoS,0.9654693603515625
6936,DoS,0.9640637636184692
6937,DoS,0.9659993648529053
6938,DoS,0.964056670665741
6939,DoS,0.9653403759002686
6940,DoS,0.9640542268753052
6941,DoS,0.9645739197731018
6942,DoS,0.963991105556488
6943,DoS,0.9667102694511414
6944,DoS,0.9640099406242371
6945,DoS,0.9651226997375488
6946,DoS,0.9639875292778015
6947,DoS,0.9657127857208252
6948,DoS,0.9639802575111389
6949,DoS,0.9653491377830505
6950,DoS,0.9640154838562012
6951,DoS,0.9645419716835022
6952,DoS,0.9639604091644287
6953,DoS,0.964961051940918
6954,DoS,0.9640419483184814
6955,DoS,0.9652644991874695
6956,DoS,0.9640542268753052
6957,DoS,0.9662526249885559
6958,DoS,0.9671768546104431
6959,DoS,0.9663721323013306
6960,DoS,0.9639423489570618
6961,DoS,0.9654552340507507
6962,DoS,0.9639731645584106
6963,DoS,0.9659314155578613
6964,DoS,0.9639192223548889
6965,DoS,0.9640698432922363
6966,DoS,0.964049220085144
6967,DoS,0.9641003012657166
6968,DoS,0.9640942215919495
6969,DoS,0.9658653140068054
6970,DoS,0.963972270488739
6971,DoS,0.9640341997146606
6972,DoS,0.96406090259552
6973,DoS,0.9653360247612
6974,DoS,0.9639520645141602
6975,DoS,0.9650822877883911
6976,DoS,0.9639631509780884
6977,DoS,0.9653182625770569
6978,DoS,0.9639991521835327
6979,DoS,0.9648325443267822
6980,DoS,0.9639707207679749
6981,DoS,0.9648016691207886
6982,DoS,0.9640576839447021
6983,DoS,0.9647307395935059
6984,DoS,0.9640643000602722
6985,DoS,0.9649894833564758
6986,DoS,0.9640582203865051
6987,DoS,0.9658712148666382
6988,DoS,0.9640235304832458
6989,DoS,0.9656366109848022
6990,DoS,0.9639973044395447
6991,DoS,0.9657266736030579
6992,DoS,0.9640190005302429
6993,DoS,0.9649417400360107
6994,DoS,0.9639558792114258
6995,DoS,0.9657526016235352
6996,DoS,0.9639915227890015
6997,DoS,0.964030385017395
6998,DoS,0.9660505056381226
6999,DoS,0.9639241695404053
7000,DoS,0.9658755660057068
7001,DoS,0.9639076590538025
7002,DoS,0.9655777215957642
7003,DoS,0.9638983607292175
7004,DoS,0.9662224650382996
7005,DoS,0.963944137096405
7006,DoS,0.9658081531524658
7007,DoS,0.9639735817909241
7008,DoS,0.9657849073410034
7009,DoS,0.9639784693717957
7010,DoS,0.9654666781425476
7011,DoS,0.9640143513679504
7012,DoS,0.9647005796432495
7013,DoS,0.9639713764190674
7014,DoS,0.9652397632598877
7015,DoS,0.9640951156616211
7016,DoS,0.9648614525794983
7017,DoS,0.9640040397644043
7018,DoS,0.9652625322341919
7019,DoS,0.9640548825263977
7020,DoS,0.9663487672805786
7021,DoS,0.964033305644989
7022,DoS,0.9663291573524475
7023,DoS,0.9639818072319031
7024,DoS,0.9654081463813782
7025,DoS,0.9639717936515808
7026,DoS,0.9662714004516602
7027,DoS,0.9639596343040466
7028,DoS,0.966285228729248
7029,DoS,0.9638990163803101
7030,DoS,0.9658681154251099
7031,DoS,0.9638754725456238
7032,DoS,0.9639516472816467
7033,DoS,0.9639685153961182
7034,DoS,0.9639755487442017
7035,DoS,0.9639841914176941
7036,DoS,0.9640364050865173
7037,DoS,0.9653560519218445
7038,DoS,0.9639859795570374
7039,DoS,0.9658545255661011
7040,DoS,0.9639761447906494
7041,DoS,0.9654949307441711
7042,DoS,0.9640191197395325
7043,DoS,0.9654954671859741
7044,DoS,0.9640557765960693
7045,DoS,0.9648386240005493
7046,DoS,0.9640223383903503
7047,DoS,0.9649888873100281
7048,DoS,0.9640650749206543
7049,DoS,0.96479332447052
7050,DoS,0.9640427231788635
7051,DoS,0.9651790857315063
7052,DoS,0.9640731811523438
7053,DoS,0.9661287665367126
7054,DoS,0.9639933109283447
7055,DoS,0.9663491249084473
7056,DoS,0.9639655947685242
7057,DoS,0.9659690856933594
7058,DoS,0.9639930725097656
7059,DoS,0.96531081199646
7060,DoS,0.9639649391174316
7061,DoS,0.9653508067131042
7062,DoS,0.9639880061149597
7063,DoS,0.9663494229316711
7064,DoS,0.9639806747436523
7065,DoS,0.9640272855758667
7066,DoS,0.9640347361564636
7067,DoS,0.9640210866928101
7068,DoS,0.9657549262046814
7069,DoS,0.9639054536819458
7070,DoS,0.9660578966140747
7071,DoS,0.9638935923576355
7072,DoS,0.9654875993728638
7073,DoS,0.9639498591423035
7074,DoS,0.965789258480072
7075,DoS,0.9640070199966431
7076,DoS,0.9662153124809265
7077,DoS,0.9640852808952332
7078,DoS,0.9660392999649048
7079,DoS,0.9641005396842957
7080,DoS,0.965510368347168
7081,DoS,0.9640879034996033
7082,DoS,0.9665253758430481
7083,DoS,0.9640874862670898
7084,DoS,0.9656240940093994
7085,DoS,0.9640840291976929
7086,DoS,0.9667996168136597
7087,DoS,0.9640050530433655
7088,DoS,0.9648721218109131
7089,DoS,0.9639293551445007
7090,DoS,0.9650835990905762
7091,DoS,0.9639869928359985
7092,DoS,0.9650296568870544
7093,DoS,0.9639666080474854
7094,DoS,0.9654439091682434
7095,DoS,0.9640030264854431
7096,DoS,0.9664334058761597
7097,DoS,0.9639575481414795
7098,DoS,0.9662986993789673
7099,DoS,0.9639052152633667
7100,DoS,0.9665265679359436
7101,DoS,0.963912308216095
7102,DoS,0.9652830362319946
7103,DoS,0.9638603925704956
7104,DoS,0.966168999671936
7105,DoS,0.9638676047325134
7106,DoS,0.9639788866043091
7107,DoS,0.9639906287193298
7108,DoS,0.965842068195343
7109,DoS,0.9638755321502686
7110,DoS,0.9639524221420288
7111,DoS,0.9663718342781067
7112,DoS,0.9638926386833191
7113,DoS,0.9659208059310913
7114,DoS,0.9639208316802979
7115,DoS,0.9655374884605408
7116,DoS,0.9639597535133362
7117,DoS,0.9648875594139099
7118,DoS,0.9639639258384705
7119,DoS,0.9651892185211182
7120,DoS,0.9640759229660034
7121,DoS,0.9649225473403931
7122,DoS,0.9640452861785889
7123,DoS,0.9649934768676758
7124,DoS,0.9640827178955078
7125,DoS,0.9661499857902527
7126,DoS,0.9640422463417053
7127,DoS,0.9660901427268982
7128,DoS,0.9640247821807861
7129,DoS,0.9663445353507996
7130,DoS,0.9640462398529053
7131,DoS,0.9653174877166748
7132,DoS,0.9639473557472229
7133,DoS,0.9661534428596497
7134,DoS,0.9639036655426025
7135,DoS,0.9639192223548889
7136,DoS,0.9640170335769653
7137,DoS,0.9659882187843323
7138,DoS,0.9638581871986389
7139,DoS,0.9662273526191711
7140,DoS,0.9638679027557373
7141,DoS,0.9666251540184021
7142,DoS,0.963887631893158
7143,DoS,0.9661067128181458
7144,DoS,0.96394944190979
7145,DoS,0.9661052823066711
7146,DoS,0.963944137096405
7147,DoS,0.9650222063064575
7148,DoS,0.9639607071876526
7149,DoS,0.965638279914856
7150,DoS,0.964005172252655
7151,DoS,0.9648644924163818
7152,DoS,0.9639493227005005
7153,DoS,0.9651220440864563
7154,DoS,0.9640575647354126
7155,DoS,0.965035617351532
7156,DoS,0.9640403985977173
7157,DoS,0.9661003947257996
7158,DoS,0.9639857411384583
7159,DoS,0.966597855091095
7160,DoS,0.9639782309532166
7161,DoS,0.9665170311927795
7162,DoS,0.9639659523963928
7163,DoS,0.9656100869178772
7164,DoS,0.9639104604721069
7165,DoS,0.9666036367416382
7166,DoS,0.9639126658439636
7167,DoS,0.966327428817749
7168,DoS,0.9638583660125732
7169,DoS,0.9660629034042358
7170,DoS,0.9638272523880005
7171,DoS,0.963958740234375
7172,DoS,0.9638224840164185
7173,DoS,0.9639293551445007
7174,DoS,0.9639462232589722
7175,DoS,0.9639852046966553
7176,DoS,0.9656285047531128
7177,DoS,0.9639397859573364
7178,DoS,0.965773344039917
7179,DoS,0.9639512300491333
7180,DoS,0.9655817151069641
7181,DoS,0.9639931917190552
7182,DoS,0.9658495187759399
7183,DoS,0.9667051434516907
7184,DoS,0.964099109172821
7185,DoS,0.9665650129318237
7186,DoS,0.9640863537788391
7187,DoS,0.964727520942688
7188,DoS,0.964000940322876
7189,DoS,0.9666743874549866
7190,DoS,0.9640405178070068
7191,DoS,0.9642011523246765
7192,DoS,0.9667647480964661
7193,DoS,0.9640620946884155
7194,DoS,0.9660479426383972
7195,DoS,0.9639586210250854
7196,DoS,0.9639407992362976
7197,DoS,0.9640689492225647
7198,DoS,0.9651745557785034
7199,DoS,0.9639626145362854
7200,DoS,0.9653077125549316
7201,DoS,0.9639995098114014
7202,DoS,0.9650153517723083
7203,DoS,0.9640176892280579
7204,DoS,0.9654030203819275
7205,DoS,0.9640370607376099
7206,DoS,0.9663823843002319
7207,DoS,0.964009165763855
7208,DoS,0.966444730758667
7209,DoS,0.9640693068504333
7210,DoS,0.9640916585922241
7211,DoS,0.9661105871200562
7212,DoS,0.9640530347824097
7213,DoS,0.9665300250053406
7214,DoS,0.9641287922859192
7215,DoS,0.9668593406677246
7216,DoS,0.9640414714813232
7217,DoS,0.9656687378883362
7218,DoS,0.9640223383903503
7219,DoS,0.9668905735015869
7220,DoS,0.964076042175293
7221,DoS,0.9651911854743958
7222,DoS,0.9640360474586487
7223,DoS,0.9662243127822876
7224,DoS,0.9639708399772644
7225,DoS,0.9648289680480957
7226,DoS,0.963948667049408
7227,DoS,0.9654491543769836
7228,DoS,0.9640107750892639
7229,DoS,0.9648946523666382
7230,DoS,0.9640517830848694
7231,DoS,0.9652143120765686
7232,DoS,0.9640609622001648
7233,DoS,0.9663920998573303
7234,DoS,0.9640650749206543
7235,DoS,0.9662324786186218
7236,DoS,0.9640165567398071
7237,DoS,0.9664713740348816
7238,DoS,0.9640015959739685
7239,DoS,0.9653429388999939
7240,DoS,0.9639378190040588
7241,DoS,0.9639894366264343
7242,DoS,0.9640594124794006
7243,DoS,0.965437114238739
7244,DoS,0.9638934135437012
7245,DoS,0.9652040004730225
7246,DoS,0.963944137096405
7247,DoS,0.965277373790741
7248,DoS,0.9639790058135986
7249,DoS,0.9662452340126038
7250,DoS,0.9639840126037598
7251,DoS,0.9662370085716248
7252,DoS,0.9639983773231506
7253,DoS,0.9655414819717407
7254,DoS,0.9640379548072815
7255,DoS,0.9664757251739502
7256,DoS,0.9640233516693115
7257,DoS,0.9661778211593628
7258,DoS,0.9641376733779907
7259,DoS,0.9666622281074524
7260,DoS,0.9641112685203552
7261,DoS,0.9655640721321106
7262,DoS,0.9640710949897766
7263,DoS,0.966797947883606
7264,DoS,0.9640982151031494
7265,DoS,0.9660273790359497
7266,DoS,0.9641560912132263
7267,DoS,0.9665653705596924
7268,DoS,0.9640031456947327
7269,DoS,0.9648094177246094
7270,DoS,0.963925302028656
7271,DoS,0.9650639295578003
7272,DoS,0.9639754891395569
7273,DoS,0.9649775624275208
7274,DoS,0.9639249444007874
7275,DoS,0.9651645421981812
7276,DoS,0.9639838933944702
7277,DoS,0.9664958715438843
7278,DoS,0.9639286994934082
7279,DoS,0.9663318395614624
7280,DoS,0.9639107584953308
7281,DoS,0.9665766954421997
7282,DoS,0.9639177322387695
7283,DoS,0.9653809070587158
7284,DoS,0.9638859629631042
7285,DoS,0.966304361820221
7286,DoS,0.9637975096702576
7287,DoS,0.965395450592041
7288,DoS,0.963879406452179
7289,DoS,0.965571939945221
7290,DoS,0.9656057357788086
7291,DoS,0.963878333568573
7292,DoS,0.9650559425354004
7293,DoS,0.963921308517456
7294,DoS,0.9662612676620483
7295,DoS,0.9638687968254089
7296,DoS,0.9666534662246704
7297,DoS,0.9638317823410034
7298,DoS,0.9662291407585144
7299,DoS,0.9638336896896362
7300,DoS,0.9657143354415894
7301,DoS,0.9639712572097778
7302,DoS,0.9659993648529053
7303,DoS,0.9638789892196655
7304,DoS,0.9665184617042542
7305,DoS,0.9638187289237976
7306,DoS,0.963888943195343
7307,DoS,0.9639708399772644
7308,DoS,0.9660007953643799
7309,DoS,0.9639125466346741
7310,DoS,0.96622234582901
7311,DoS,0.9639249444007874
7312,DoS,0.9656690955162048
7313,DoS,0.9638684391975403
7314,DoS,0.965630054473877
7315,DoS,0.9638854265213013
7316,DoS,0.9662044048309326
7317,DoS,0.9639648199081421
7318,DoS,0.9659043550491333
7319,DoS,0.964033842086792
7320,DoS,0.9656569957733154
7321,DoS,0.9640819430351257
7322,DoS,0.9671851992607117
7323,DoS,0.9641308188438416
7324,DoS,0.9655977487564087
7325,DoS,0.9641990661621094
7326,DoS,0.966727077960968
7327,DoS,0.9641344547271729
7328,DoS,0.9647519588470459
7329,DoS,0.9639764428138733
7330,DoS,0.9653065800666809
7331,DoS,0.9640933275222778
7332,DoS,0.9650434255599976
7333,DoS,0.9640041589736938
7334,DoS,0.9649457335472107
7335,DoS,0.9639711380004883
7336,DoS,0.9664967656135559
7337,DoS,0.9639757871627808
7338,DoS,0.9663755893707275
7339,DoS,0.9639325737953186
7340,DoS,0.9666078090667725
7341,DoS,0.9639021158218384
7342,DoS,0.9653725624084473
7343,DoS,0.9638651609420776
7344,DoS,0.9664109945297241
7345,DoS,0.9638710021972656
7346,DoS,0.96401447057724
7347,DoS,0.9640198945999146
7348,DoS,0.9659470915794373
7349,DoS,0.9638877511024475
7350,DoS,0.9663571119308472
7351,DoS,0.9638660550117493
7352,DoS,0.9658473134040833
7353,DoS,0.9639304876327515
7354,DoS,0.9663166999816895
7355,DoS,0.9639832377433777
7356,DoS,0.9654831290245056
7357,DoS,0.963991105556488
7358,DoS,0.9665148854255676
7359,DoS,0.9640223383903503
7360,DoS,0.9657703638076782
7361,DoS,0.9640743732452393
7362,DoS,0.9648873209953308
7363,DoS,0.9640293121337891
7364,DoS,0.9651203751564026
7365,DoS,0.964154839515686
7366,DoS,0.9649409651756287
7367,DoS,0.9640727639198303
7368,DoS,0.9649469256401062
7369,DoS,0.9640600085258484
7370,DoS,0.9665719270706177
7371,DoS,0.9640545845031738
7372,DoS,0.9665547609329224
7373,DoS,0.9640249609947205
7374,DoS,0.965560793876648
7375,DoS,0.9639617204666138
7376,DoS,0.966456413269043
7377,DoS,0.9639591574668884
7378,DoS,0.9663269519805908
7379,DoS,0.9639254808425903
7380,DoS,0.9660585522651672
7381,DoS,0.9639357924461365
7382,DoS,0.963949978351593
7383,DoS,0.9639734625816345
7384,DoS,0.9659566283226013
7385,DoS,0.9638651609420776
7386,DoS,0.9655799269676208
7387,DoS,0.9638579487800598
7388,DoS,0.9656654000282288
7389,DoS,0.9638779759407043
7390,DoS,0.9649531841278076
7391,DoS,0.9638725519180298
7392,DoS,0.9653908014297485
7393,DoS,0.9639690518379211
7394,DoS,0.964889645576477
7395,DoS,0.9639800190925598
7396,DoS,0.9648244976997375
7397,DoS,0.9639344811439514
7398,DoS,0.9662891030311584
7399,DoS,0.9639285206794739
7400,DoS,0.9663342237472534
7401,DoS,0.9640052914619446
7402,DoS,0.9655499458312988
7403,DoS,0.9640222191810608
7404,DoS,0.9639835357666016
7405,DoS,0.9663068056106567
7406,DoS,0.963901698589325
7407,DoS,0.9659871459007263
7408,DoS,0.9639230966567993
7409,DoS,0.9660350680351257
7410,DoS,0.9638961553573608
7411,DoS,0.9653022885322571
7412,DoS,0.9639023542404175
7413,DoS,0.9661737084388733
7414,DoS,0.963869571685791
7415,DoS,0.9639731645584106
7416,DoS,0.9640268683433533
7417,DoS,0.9656288623809814
7418,DoS,0.9639356136322021
7419,DoS,0.9663559198379517
7420,DoS,0.9639915227890015
7421,DoS,0.9664413928985596
7422,DoS,0.9641410112380981
7423,DoS,0.9659004807472229
7424,DoS,0.9642254114151001
7425,DoS,0.9659536480903625
7426,DoS,0.9641367793083191
7427,DoS,0.9647606015205383
7428,DoS,0.9641254544258118
7429,DoS,0.965764582157135
7430,DoS,0.9641168117523193
7431,DoS,0.9648303985595703
7432,DoS,0.963943362236023
7433,DoS,0.96509850025177
7434,DoS,0.9640777111053467
7435,DoS,0.9648566246032715
7436,DoS,0.9640872478485107
7437,DoS,0.9662218689918518
7438,DoS,0.9640331864356995
7439,DoS,0.9665915369987488
7440,DoS,0.9640258550643921
7441,DoS,0.966481626033783
7442,DoS,0.9640190005302429
7443,DoS,0.965539813041687
7444,DoS,0.9639518857002258
7445,DoS,0.9662888050079346
7446,DoS,0.963988184928894
7447,DoS,0.9660215973854065
7448,DoS,0.9638681411743164
7449,DoS,0.9663748145103455
7450,DoS,0.9638780951499939
7451,DoS,0.965662956237793
7452,DoS,0.9638708829879761
7453,DoS,0.9649242758750916
7454,DoS,0.9638382196426392
7455,DoS,0.9639080166816711
7456,DoS,0.9656726121902466
7457,DoS,0.9638686776161194
7458,DoS,0.9663405418395996
7459,DoS,0.9638816714286804
7460,DoS,0.965526282787323
7461,DoS,0.9639107584953308
7462,DoS,0.9659871459007263
7463,DoS,0.9640468955039978
7464,DoS,0.9666074514389038
7465,DoS,0.9640637636184692
7466,DoS,0.9663949608802795
7467,DoS,0.9640677571296692
7468,DoS,0.9654830098152161
7469,DoS,0.9640548825263977
7470,DoS,0.9667513966560364
7471,DoS,0.9641183614730835
7472,DoS,0.9657502174377441
7473,DoS,0.9641393423080444
7474,DoS,0.9642130136489868
7475,DoS,0.9666774868965149
7476,DoS,0.9641016721725464
7477,DoS,0.9652919173240662
7478,DoS,0.9641446471214294
7479,DoS,0.9660348296165466
7480,DoS,0.96409010887146
7481,DoS,0.9641774296760559
7482,DoS,0.9641045331954956
7483,DoS,0.9662563800811768
7484,DoS,0.9640340805053711
7485,DoS,0.9665026664733887
7486,DoS,0.9640288352966309
7487,DoS,0.9658800959587097
7488,DoS,0.9640483856201172
7489,DoS,0.9665793776512146
7490,DoS,0.9640388488769531
7491,DoS,0.9658917784690857
7492,DoS,0.9640921354293823
7493,DoS,0.9660824537277222
7494,DoS,0.9640278816223145
7495,DoS,0.9657662510871887
7496,DoS,0.9639737010002136
7497,DoS,0.9647963643074036
7498,DoS,0.9639633893966675
7499,DoS,0.9654256701469421
7500,DoS,0.9640916585922241
7501,DoS,0.9640982151031494
7502,DoS,0.9640860557556152
7503,DoS,0.9640527963638306
7504,DoS,0.9655616283416748
7505,DoS,0.9639503359794617
7506,DoS,0.9660449624061584
7507,DoS,0.9639512300491333
7508,DoS,0.9655267000198364
7509,DoS,0.9639164209365845
7510,DoS,0.9659938216209412
7511,DoS,0.9639708399772644
7512,DoS,0.9664987325668335
7513,DoS,0.963963508605957
7514,DoS,0.9659194946289062
7515,DoS,0.9640215635299683
7516,DoS,0.9655987024307251
7517,DoS,0.9639636278152466
7518,DoS,0.9667052626609802
7519,DoS,0.963953971862793
7520,DoS,0.965981662273407
7521,DoS,0.9639503359794617
7522,DoS,0.965769350528717
7523,DoS,0.9639356732368469
7524,DoS,0.9647117853164673
7525,DoS,0.9639012217521667
7526,DoS,0.9652198553085327
7527,DoS,0.9639723896980286
7528,DoS,0.9648526906967163
7529,DoS,0.9639658331871033
7530,DoS,0.964647114276886
7531,DoS,0.9639708995819092
7532,DoS,0.966378390789032
7533,DoS,0.9639893174171448
7534,DoS,0.9639791250228882
7535,DoS,0.9639772176742554
7536,DoS,0.9663419723510742
7537,DoS,0.9639056921005249
7538,DoS,0.9656894207000732
7539,DoS,0.963869035243988
7540,DoS,0.9665887355804443
7541,DoS,0.9638854265213013
7542,DoS,0.965720534324646
7543,DoS,0.963931143283844
7544,DoS,0.966005265712738
7545,DoS,0.963912308216095
7546,DoS,0.965731680393219
7547,DoS,0.9638767838478088
7548,DoS,0.9650173187255859
7549,DoS,0.9638216495513916
7550,DoS,0.9649966955184937
7551,DoS,0.96390700340271
7552,DoS,0.9650417566299438
7553,DoS,0.9639071226119995
7554,DoS,0.9647229909896851
7555,DoS,0.963907778263092
7556,DoS,0.9662173390388489
7557,DoS,0.9639225006103516
7558,DoS,0.9660634398460388
7559,DoS,0.9639021158218384
7560,DoS,0.9661486744880676
7561,DoS,0.963864266872406
7562,DoS,0.9652535319328308
7563,DoS,0.9638272523880005
7564,DoS,0.9662101864814758
7565,DoS,0.9638677835464478
7566,DoS,0.9639320373535156
7567,DoS,0.9639690518379211
7568,DoS,0.965506374835968
7569,DoS,0.9657248854637146
7570,DoS,0.9638497233390808
7571,DoS,0.964984118938446
7572,DoS,0.9638176560401917
7573,DoS,0.9645165801048279
7574,DoS,0.9638850688934326
7575,DoS,0.96604984998703
7576,DoS,0.9639245271682739
7577,DoS,0.9659097194671631
7578,DoS,0.963954746723175
7579,DoS,0.9662473797798157
7580,DoS,0.9640428423881531
7581,DoS,0.9653534889221191
7582,DoS,0.9640889167785645
7583,DoS,0.966151773929596
7584,DoS,0.9640680551528931
7585,DoS,0.9640985727310181
7586,DoS,0.9641330242156982
7587,DoS,0.9660046100616455
7588,DoS,0.9640316367149353
7589,DoS,0.9664484262466431
7590,DoS,0.964076817035675
7591,DoS,0.9671425819396973
7592,DoS,0.963996171951294
7593,DoS,0.9658604264259338
7594,DoS,0.9640165567398071
7595,DoS,0.9660406112670898
7596,DoS,0.9639909863471985
7597,DoS,0.9658082723617554
7598,DoS,0.9639466404914856
7599,DoS,0.9648224115371704
7600,DoS,0.9639794230461121
7601,DoS,0.9650581479072571
7602,DoS,0.9640797972679138
7603,DoS,0.9647568464279175
7604,DoS,0.9640738368034363
7605,DoS,0.9645560383796692
7606,DoS,0.9640324115753174
7607,DoS,0.9663898348808289
7608,DoS,0.9640424847602844
7609,DoS,0.9664759039878845
7610,DoS,0.9640405774116516
7611,DoS,0.9663958549499512
7612,DoS,0.9640111327171326
7613,DoS,0.9654553532600403
7614,DoS,0.9639390110969543
7615,DoS,0.9662205576896667
7616,DoS,0.9639813303947449
7617,DoS,0.965996265411377
7618,DoS,0.963874876499176
7619,DoS,0.9662660956382751
7620,DoS,0.9638655781745911
7621,DoS,0.9639443159103394
7622,DoS,0.9638396501541138
7623,DoS,0.9639276266098022
7624,DoS,0.963954508304596
7625,DoS,0.963978111743927
7626,DoS,0.9655045866966248
7627,DoS,0.9639354944229126
7628,DoS,0.9658917784690857
7629,DoS,0.9639400243759155
7630,DoS,0.9640451669692993
7631,DoS,0.9657551050186157
7632,DoS,0.9640496969223022
7633,DoS,0.9648519158363342
7634,DoS,0.9640241265296936
7635,DoS,0.9649380445480347
7636,DoS,0.9640911221504211
7637,DoS,0.9648122191429138
7638,DoS,0.9640564322471619
7639,DoS,0.9645063877105713
7640,DoS,0.9640131592750549
7641,DoS,0.9660435318946838
7642,DoS,0.9640514850616455
7643,DoS,0.9658317565917969
7644,DoS,0.9640138149261475
7645,DoS,0.966222882270813
7646,DoS,0.9638925194740295
7647,DoS,0.9652031660079956
7648,DoS,0.9639285206794739
7649,DoS,0.9659647345542908
7650,DoS,0.9639074802398682
7651,DoS,0.9640048146247864
7652,DoS,0.9639998078346252
7653,DoS,0.9663189649581909
7654,DoS,0.9639614820480347
7655,DoS,0.9663203954696655
7656,DoS,0.9639304876327515
7657,DoS,0.9658867120742798
7658,DoS,0.963936448097229
7659,DoS,0.9662273526191711
7660,DoS,0.9658976793289185
7661,DoS,0.9639653563499451
7662,DoS,0.9640547037124634
7663,DoS,0.9660677909851074
7664,DoS,0.96401047706604
7665,DoS,0.9660599827766418
7666,DoS,0.9640954732894897
7667,DoS,0.9651214480400085
7668,DoS,0.9641562700271606
7669,DoS,0.9658759236335754
7670,DoS,0.9641561508178711
7671,DoS,0.9642106890678406
7672,DoS,0.9641546010971069
7673,DoS,0.9662956595420837
7674,DoS,0.9640693068504333
7675,DoS,0.9663920998573303
7676,DoS,0.9640912413597107
7677,DoS,0.9655858278274536
7678,DoS,0.964000940322876
7679,DoS,0.9667061567306519
7680,DoS,0.963986337184906
7681,DoS,0.9656333923339844
7682,DoS,0.9640246629714966
7683,DoS,0.9665974378585815
7684,DoS,0.963977038860321
7685,DoS,0.9657109975814819
7686,DoS,0.9640058279037476
7687,DoS,0.9648125171661377
7688,DoS,0.9639089107513428
7689,DoS,0.9650428295135498
7690,DoS,0.9639649391174316
7691,DoS,0.964791476726532
7692,DoS,0.9639698266983032
7693,DoS,0.9653334617614746
7694,DoS,0.9640306234359741
7695,DoS,0.9663909673690796
7696,DoS,0.9640258550643921
7697,DoS,0.9662312269210815
7698,DoS,0.9640040397644043
7699,DoS,0.9653735756874084
7700,DoS,0.9639434814453125
7701,DoS,0.9661837220191956
7702,DoS,0.9639567732810974
7703,DoS,0.9662429094314575
7704,DoS,0.9639169573783875
7705,DoS,0.9657669067382812
7706,DoS,0.9638953804969788
7707,DoS,0.9639652967453003
7708,DoS,0.9639768004417419
7709,DoS,0.9639880657196045
7710,DoS,0.9639947414398193
7711,DoS,0.9640482664108276
7712,DoS,0.9659475088119507
7713,DoS,0.9639307260513306
7714,DoS,0.9652836918830872
7715,DoS,0.9639776945114136
7716,DoS,0.9654738306999207
7717,DoS,0.9639691710472107
7718,DoS,0.9655157923698425
7719,DoS,0.9640419483184814
7720,DoS,0.9660716652870178
7721,DoS,0.9640464782714844
7722,DoS,0.9655175805091858
7723,DoS,0.9640482664108276
7724,DoS,0.9659088253974915
7725,DoS,0.9640393853187561
7726,DoS,0.9655881524085999
7727,DoS,0.9640610814094543
7728,DoS,0.9662371277809143
7729,DoS,0.9639938473701477
7730,DoS,0.9653618335723877
7731,DoS,0.9639897346496582
7732,DoS,0.9646573066711426
7733,DoS,0.9639528393745422
7734,DoS,0.9648775458335876
7735,DoS,0.9640371799468994
7736,DoS,0.9648288488388062
7737,DoS,0.9640429019927979
7738,DoS,0.9653501510620117
7739,DoS,0.9640325307846069
7740,DoS,0.966238260269165
7741,DoS,0.9639794230461121
7742,DoS,0.9661253094673157
7743,DoS,0.9639322757720947
7744,DoS,0.9659755229949951
7745,DoS,0.963878870010376
7746,DoS,0.9651569724082947
7747,DoS,0.9638680219650269
7748,DoS,0.9658564329147339
7749,DoS,0.9638908505439758
7750,DoS,0.9652523994445801
7751,DoS,0.9639256000518799
7752,DoS,0.9657652378082275
7753,DoS,0.9639196395874023
7754,DoS,0.9640092253684998
7755,DoS,0.9639872908592224
7756,DoS,0.9640020728111267
7757,DoS,0.9640330672264099
7758,DoS,0.9639238715171814
7759,DoS,0.9640066027641296
7760,DoS,0.9640781879425049
7761,DoS,0.9659594297409058
7762,DoS,0.9640247821807861
7763,DoS,0.9651366472244263
7764,DoS,0.9641138315200806
7765,DoS,0.9651699066162109
7766,DoS,0.964048445224762
7767,DoS,0.9656737446784973
7768,DoS,0.9640883803367615
7769,DoS,0.9659872055053711
7770,DoS,0.9640796184539795
7771,DoS,0.9658012986183167
7772,DoS,0.9640922546386719
7773,DoS,0.9652345180511475
7774,DoS,0.9640582203865051
7775,DoS,0.9659565091133118
7776,DoS,0.9640153646469116
7777,DoS,0.9650811553001404
7778,DoS,0.9640213251113892
7779,DoS,0.9657928347587585
7780,DoS,0.9640267491340637
7781,DoS,0.9644376039505005
7782,DoS,0.9639818668365479
7783,DoS,0.9649147391319275
7784,DoS,0.9640401601791382
7785,DoS,0.9647930264472961
7786,DoS,0.963996171951294
7787,DoS,0.9651830792427063
7788,DoS,0.9640042781829834
7789,DoS,0.9660316109657288
7790,DoS,0.9639965295791626
7791,DoS,0.9659664034843445
7792,DoS,0.9639710187911987
7793,DoS,0.96584552526474
7794,DoS,0.9639082551002502
7795,DoS,0.9650169610977173
7796,DoS,0.963880181312561
7797,DoS,0.9655170440673828
7798,DoS,0.965647280216217
7799,DoS,0.9638586044311523
7800,DoS,0.9647573828697205
7801,DoS,0.9638203978538513
7802,DoS,0.9649503827095032
7803,DoS,0.9638993740081787
7804,DoS,0.9647855758666992
7805,DoS,0.963854968547821
7806,DoS,0.9650929570198059
7807,DoS,0.9638849496841431
7808,DoS,0.9659770131111145
7809,DoS,0.9639432430267334
7810,DoS,0.9661113619804382
7811,DoS,0.9639658331871033
7812,DoS,0.9652277231216431
7813,DoS,0.9640554785728455
7814,DoS,0.9658561944961548
7815,DoS,0.9640282988548279
7816,DoS,0.9658570885658264
7817,DoS,0.9639896154403687
7818,DoS,0.9658525586128235
7819,DoS,0.9639802575111389
7820,DoS,0.9650478363037109
7821,DoS,0.9639747142791748
7822,DoS,0.9660028219223022
7823,DoS,0.9639315009117126
7824,DoS,0.9639720320701599
7825,DoS,0.9639778137207031
7826,DoS,0.9652994871139526
7827,DoS,0.9639008045196533
7828,DoS,0.9660236239433289
7829,DoS,0.9639280438423157
7830,DoS,0.9655269384384155
7831,DoS,0.9640063643455505
7832,DoS,0.9665356278419495
7833,DoS,0.9641647338867188
7834,DoS,0.9657377600669861
7835,DoS,0.9641424417495728
7836,DoS,0.9664341807365417
7837,DoS,0.9640668630599976
7838,DoS,0.9641406536102295
7839,DoS,0.9657042026519775
7840,DoS,0.9656820893287659
7841,DoS,0.9641119837760925
7842,DoS,0.9641322493553162
7843,DoS,0.9641345739364624
7844,DoS,0.9665834903717041
7845,DoS,0.9640124440193176
7846,DoS,0.9652363061904907
7847,DoS,0.964033842086792
7848,DoS,0.9669172763824463
7849,DoS,0.9639997482299805
7850,DoS,0.9659736752510071
7851,DoS,0.9639867544174194
7852,DoS,0.9655805230140686
7853,DoS,0.9639402627944946
7854,DoS,0.9663309454917908
7855,DoS,0.9639624953269958
7856,DoS,0.9662521481513977
7857,DoS,0.9639774560928345
7858,DoS,0.9663146138191223
7859,DoS,0.9639599323272705
7860,DoS,0.9648683667182922
7861,DoS,0.9638681411743164
7862,DoS,0.9652000665664673
7863,DoS,0.963922381401062
7864,DoS,0.9647834897041321
7865,DoS,0.9638606309890747
7866,DoS,0.9650927186012268
7867,DoS,0.9638645648956299
7868,DoS,0.966334879398346
7869,DoS,0.9638468623161316
7870,DoS,0.966041624546051
7871,DoS,0.963892936706543
7872,DoS,0.966315746307373
7873,DoS,0.9639201760292053
7874,DoS,0.9655141234397888
7875,DoS,0.9638489484786987
7876,DoS,0.966229259967804
7877,DoS,0.9637632369995117
7878,DoS,0.9638753533363342
7879,DoS,0.9652410745620728
7880,DoS,0.9638084173202515
7881,DoS,0.9651539921760559
7882,DoS,0.9638716578483582
7883,DoS,0.9651148915290833
7884,DoS,0.9638568162918091
7885,DoS,0.9650639295578003
7886,DoS,0.9638813138008118
7887,DoS,0.9661678075790405
7888,DoS,0.9638856053352356
7889,DoS,0.966471791267395
7890,DoS,0.9639104604721069
7891,DoS,0.9661394357681274
7892,DoS,0.9639585018157959
7893,DoS,0.9654386043548584
7894,DoS,0.9639919996261597
7895,DoS,0.9657140970230103
7896,DoS,0.9639508724212646
7897,DoS,0.9661857485771179
7898,DoS,0.9639229774475098
7899,DoS,0.9639298319816589
7900,DoS,0.9640296101570129
7901,DoS,0.9640341997146606
7902,DoS,0.9665302634239197
7903,DoS,0.9639583230018616
7904,DoS,0.9654124975204468
7905,DoS,0.9638962745666504
7906,DoS,0.9655612707138062
7907,DoS,0.9638334512710571
7908,DoS,0.9659796953201294
7909,DoS,0.9639891982078552
7910,DoS,0.9651055932044983
7911,DoS,0.9655309319496155
7912,DoS,0.964043378829956
7913,DoS,0.9659329652786255
7914,DoS,0.9640507102012634
7915,DoS,0.9659917950630188
7916,DoS,0.9640352725982666
7917,DoS,0.9660842418670654
7918,DoS,0.9641033411026001
7919,DoS,0.9652274250984192
7920,DoS,0.9641395211219788
7921,DoS,0.9658975601196289
7922,DoS,0.9640011787414551
7923,DoS,0.9640748500823975
7924,DoS,0.9662868976593018
7925,DoS,0.9640130400657654
7926,DoS,0.9661749005317688
7927,DoS,0.9640198945999146
7928,DoS,0.9656058549880981
7929,DoS,0.964024007320404
7930,DoS,0.964065432548523
7931,DoS,0.9640849232673645
7932,DoS,0.9666422009468079
7933,DoS,0.9640112519264221
7934,DoS,0.9655723571777344
7935,DoS,0.9640169143676758
7936,DoS,0.9661979675292969
7937,DoS,0.963997483253479
7938,DoS,0.9654852747917175
7939,DoS,0.9640403985977173
7940,DoS,0.9649658203125
7941,DoS,0.9676269888877869
7942,DoS,0.9662169814109802
7943,DoS,0.9641808867454529
7944,DoS,0.9664109945297241
7945,DoS,0.964145839214325
7946,DoS,0.964870810508728
7947,DoS,0.9665399789810181
7948,DoS,0.9669304490089417
7949,DoS,0.9641789793968201
7950,DoS,0.9655107259750366
7951,DoS,0.9641329050064087
7952,DoS,0.9656791090965271
7953,DoS,0.9640886783599854
7954,DoS,0.9657869338989258
7955,DoS,0.9639608263969421
7956,DoS,0.9659501910209656
7957,DoS,0.9639043807983398
7958,DoS,0.963884174823761
7959,DoS,0.96383136510849
7960,DoS,0.9639410376548767
7961,DoS,0.9639166593551636
7962,DoS,0.9638957381248474
7963,DoS,0.9639323949813843
7964,DoS,0.9651196002960205
7965,DoS,0.9638122916221619
7966,DoS,0.9654234647750854
7967,DoS,0.963839590549469
7968,DoS,0.9654101133346558
7969,DoS,0.9637941718101501
7970,DoS,0.9645220041275024
7971,DoS,0.9639095664024353
7972,DoS,0.9656527638435364
7973,DoS,0.9639286994934082
7974,DoS,0.9657498002052307
7975,DoS,0.963897705078125
7976,DoS,0.9653207063674927
7977,DoS,0.9639279246330261
7978,DoS,0.966780424118042
7979,DoS,0.9640684127807617
7980,DoS,0.9652093052864075
7981,DoS,0.9640036225318909
7982,DoS,0.9663161635398865
7983,DoS,0.9639279246330261
7984,DoS,0.9646450281143188
7985,DoS,0.963882327079773
7986,DoS,0.9648805856704712
7987,DoS,0.9639328122138977
7988,DoS,0.9649487137794495
7989,DoS,0.9639516472816467
7990,DoS,0.9649133086204529
7991,DoS,0.9639809131622314
7992,DoS,0.9660991430282593
7993,DoS,0.9639375805854797
7994,DoS,0.9662087559700012
7995,DoS,0.9638949632644653
7996,DoS,0.9661493301391602
7997,DoS,0.9638364911079407
7998,DoS,0.9652596116065979
7999,DoS,0.9638124108314514
8000,DoS,0.9658070802688599
8001,DoS,0.9638324975967407
8002,DoS,0.9639434814453125
8003,DoS,0.9639682769775391
8004,DoS,0.9648045301437378
8005,DoS,0.9638149738311768
8006,DoS,0.9653772711753845
8007,DoS,0.9638817310333252
8008,DoS,0.9650731682777405
8009,DoS,0.9638766646385193
8010,DoS,0.9647868871688843
8011,DoS,0.9638867378234863
8012,DoS,0.966152012348175
8013,DoS,0.963897168636322
8014,DoS,0.9663794040679932
8015,DoS,0.9639261960983276
8016,DoS,0.9654629230499268
8017,DoS,0.9640045762062073
8018,DoS,0.9660425186157227
8019,DoS,0.96401447057724
8020,DoS,0.9655643701553345
8021,DoS,0.9639679193496704
8022,DoS,0.9660868048667908
8023,DoS,0.9639341235160828
8024,DoS,0.964023768901825
8025,DoS,0.9640063643455505
8026,DoS,0.9640877842903137
8027,DoS,0.96407550573349
8028,DoS,0.9661799073219299
8029,DoS,0.9639220833778381
8030,DoS,0.9652959108352661
8031,DoS,0.9638051390647888
8032,DoS,0.9639822244644165
8033,DoS,0.9659042358398438
8034,DoS,0.9665247797966003
8035,DoS,0.9639053344726562
8036,DoS,0.9667872786521912
8037,DoS,0.9639978408813477
8038,DoS,0.9658899903297424
8039,DoS,0.9640759229660034
8040,DoS,0.9640735387802124
8041,DoS,0.9660515189170837
8042,DoS,0.9640050530433655
8043,DoS,0.964009702205658
8044,DoS,0.964083731174469
8045,DoS,0.9640553593635559
8046,DoS,0.9640543460845947
8047,DoS,0.964067280292511
8048,DoS,0.9662792086601257
8049,DoS,0.963891863822937
8050,DoS,0.9652490615844727
8051,DoS,0.9654170274734497
8052,DoS,0.9662976861000061
8053,DoS,0.9637936353683472
8054,DoS,0.9657176733016968
8055,DoS,0.9639245271682739
8056,DoS,0.9664003252983093
8057,DoS,0.9639453291893005
8058,DoS,0.9666233658790588
8059,DoS,0.9639082551002502
8060,DoS,0.9663233160972595
8061,DoS,0.9638649225234985
8062,DoS,0.9662579298019409
8063,DoS,0.963958740234375
8064,DoS,0.9660460948944092
8065,DoS,0.9639564156532288
8066,DoS,0.9656642079353333
8067,DoS,0.9639280438423157
8068,DoS,0.9647808074951172
8069,DoS,0.963893473148346
8070,DoS,0.9653802514076233
8071,DoS,0.96396803855896
8072,DoS,0.9651666879653931
8073,DoS,0.9639725685119629
8074,DoS,0.9648028016090393
8075,DoS,0.9639419913291931
8076,DoS,0.9661670327186584
8077,DoS,0.9639040231704712
8078,DoS,0.9662124514579773
8079,DoS,0.9637880921363831
8080,DoS,0.9661467671394348
8081,DoS,0.9637073278427124
8082,DoS,0.9651525616645813
8083,DoS,0.963821530342102
8084,DoS,0.9659240245819092
8085,DoS,0.9638597369194031
8086,DoS,0.9639697074890137
8087,DoS,0.9661846160888672
8088,DoS,0.9638832807540894
8089,DoS,0.9663768410682678
8090,DoS,0.9638797640800476
8091,DoS,0.9660536646842957
8092,DoS,0.9638521671295166
8093,DoS,0.9639096856117249
8094,DoS,0.9639807939529419
8095,DoS,0.9665154814720154
8096,DoS,0.9639040231704712
8097,DoS,0.9661820530891418
8098,DoS,0.9639855623245239
8099,DoS,0.9656256437301636
8100,DoS,0.9640437960624695
8101,DoS,0.9656053781509399
8102,DoS,0.9640440344810486
8103,DoS,0.9648288488388062
8104,DoS,0.9640321731567383
8105,DoS,0.9650794863700867
8106,DoS,0.9641082882881165
8107,DoS,0.9649052023887634
8108,DoS,0.9640796184539795
8109,DoS,0.9645364284515381
8110,DoS,0.9640965461730957
8111,DoS,0.9662219882011414
8112,DoS,0.9640318751335144
8113,DoS,0.9664887189865112
8114,DoS,0.9640045166015625
8115,DoS,0.9660791158676147
8116,DoS,0.9640209078788757
8117,DoS,0.9654892683029175
8118,DoS,0.9639760255813599
8119,DoS,0.9655189514160156
8120,DoS,0.963955283164978
8121,DoS,0.9659871459007263
8122,DoS,0.9639021158218384
8123,DoS,0.9639894366264343
8124,DoS,0.9639690518379211
8125,DoS,0.963974118232727
8126,DoS,0.9656009674072266
8127,DoS,0.9638587236404419
8128,DoS,0.9662289023399353
8129,DoS,0.963854193687439
8130,DoS,0.9657106399536133
8131,DoS,0.9638938307762146
8132,DoS,0.9655673503875732
8133,DoS,0.9639356732368469
8134,DoS,0.9649187326431274
8135,DoS,0.963936448097229
8136,DoS,0.9650474190711975
8137,DoS,0.9639794230461121
8138,DoS,0.9649661183357239
8139,DoS,0.9639418721199036
8140,DoS,0.9645088315010071
8141,DoS,0.963959276676178
8142,DoS,0.9660863280296326
8143,DoS,0.9639668464660645
8144,DoS,0.9660601019859314
8145,DoS,0.9639040231704712
8146,DoS,0.9664557576179504
8147,DoS,0.9638663530349731
8148,DoS,0.965461015701294
8149,DoS,0.9638530611991882
8150,DoS,0.9661824703216553
8151,DoS,0.9638404250144958
8152,DoS,0.9659655690193176
8153,DoS,0.9638946056365967
8154,DoS,0.9662264585494995
8155,DoS,0.9638632535934448
8156,DoS,0.9664105772972107
8157,DoS,0.9651426672935486
8158,DoS,0.967271089553833
8159,DoS,0.9658986926078796
8160,DoS,0.9635056853294373
8161,DoS,0.9637921452522278
8162,DoS,0.9659631848335266
8163,DoS,0.963760495185852
8164,DoS,0.9650478363037109
8165,DoS,0.9637352824211121
8166,DoS,0.965764582157135
8167,DoS,0.9638993740081787
8168,DoS,0.9653245806694031
8169,DoS,0.9638081192970276
8170,DoS,0.9646919369697571
8171,DoS,0.9637659192085266
8172,DoS,0.9652391672134399
8173,DoS,0.9637259244918823
8174,DoS,0.9660788178443909
8175,DoS,0.9636772274971008
8176,DoS,0.9653586745262146
8177,DoS,0.9636939764022827
8178,DoS,0.9648194313049316
8179,DoS,0.9636517763137817
8180,DoS,0.9649084210395813
8181,DoS,0.9636868834495544
8182,DoS,0.9656335115432739
8183,DoS,0.9636964797973633
8184,DoS,0.9637867212295532
8185,DoS,0.9637229442596436
8186,DoS,0.9638429880142212
8187,DoS,0.9639022350311279
8188,DoS,0.9639076590538025
8189,DoS,0.9639833569526672
8190,DoS,0.9640246629714966
8191,DoS,0.9658079743385315
8192,DoS,0.9639759063720703
8193,DoS,0.9639331698417664
8194,DoS,0.966340184211731
8195,DoS,0.9639520645141602
8196,DoS,0.9640932083129883
8197,DoS,0.9641097187995911
8198,DoS,0.9663999676704407
8199,DoS,0.9639939665794373
8200,DoS,0.9662433862686157
8201,DoS,0.9638954997062683
8202,DoS,0.9656634330749512
8203,DoS,0.9656307101249695
8204,DoS,0.9664411544799805
8205,DoS,0.9640105962753296
8206,DoS,0.9668048620223999
8207,DoS,0.9639583826065063
8208,DoS,0.9653091430664062
8209,DoS,0.9638903737068176
8210,DoS,0.9665723443031311
8211,DoS,0.9639356136322021
8212,DoS,0.9653372764587402
8213,DoS,0.963988184928894
8214,DoS,0.966315746307373
8215,DoS,0.9640318751335144
8216,DoS,0.9647899270057678
8217,DoS,0.9640638828277588
8218,DoS,0.9652324914932251
8219,DoS,0.964039146900177
8220,DoS,0.9651555418968201
8221,DoS,0.9639372229576111
8222,DoS,0.9646739363670349
8223,DoS,0.963921070098877
8224,DoS,0.9661163091659546
8225,DoS,0.9638685584068298
8226,DoS,0.9660837054252625
8227,DoS,0.9639023542404175
8228,DoS,0.9664839506149292
8229,DoS,0.9638250470161438
8230,DoS,0.9654014706611633
8231,DoS,0.9638643860816956
8232,DoS,0.9661650061607361
8233,DoS,0.9638190865516663
8234,DoS,0.9638785719871521
8235,DoS,0.9639735817909241
8236,DoS,0.9661769270896912
8237,DoS,0.9638450741767883
8238,DoS,0.9663339853286743
8239,DoS,0.9638431072235107
8240,DoS,0.9664691090583801
8241,DoS,0.9638757705688477
8242,DoS,0.9639535546302795
8243,DoS,0.9656485319137573
8244,DoS,0.9651693105697632
8245,DoS,0.9638199806213379
8246,DoS,0.9650924801826477
8247,DoS,0.9639192819595337
8248,DoS,0.9648501873016357
8249,DoS,0.9639748930931091
8250,DoS,0.9652075171470642
8251,DoS,0.9640012979507446
8252,DoS,0.9659062623977661
8253,DoS,0.9640217423439026
8254,DoS,0.9665381908416748
8255,DoS,0.9639847874641418
8256,DoS,0.9665646553039551
8257,DoS,0.9640455842018127
8258,DoS,0.9663773775100708
8259,DoS,0.9640555381774902
8260,DoS,0.9654145836830139
8261,DoS,0.9640186429023743
8262,DoS,0.9660304188728333
8263,DoS,0.9638415575027466
8264,DoS,0.9658364057540894
8265,DoS,0.9639194011688232
8266,DoS,0.963978111743927
8267,DoS,0.9639500975608826
8268,DoS,0.9640093445777893
8269,DoS,0.964000403881073
8270,DoS,0.9639792442321777
8271,DoS,0.9663192629814148
8272,DoS,0.9639264941215515
8273,DoS,0.9655293822288513
8274,DoS,0.9638850688934326
8275,DoS,0.9652618169784546
8276,DoS,0.9640440344810486
8277,DoS,0.965751588344574
8278,DoS,0.9640941023826599
8279,DoS,0.9661703705787659
8280,DoS,0.9641371965408325
8281,DoS,0.9660285115242004
8282,DoS,0.9641056656837463
8283,DoS,0.9651854038238525
8284,DoS,0.9640437364578247
8285,DoS,0.9664471745491028
8286,DoS,0.9640726447105408
8287,DoS,0.9656704068183899
8288,DoS,0.9640697240829468
8289,DoS,0.9661957621574402
8290,DoS,0.9640001654624939
8291,DoS,0.9646607637405396
8292,DoS,0.9639171957969666
8293,DoS,0.9648867845535278
8294,DoS,0.963988184928894
8295,DoS,0.964879035949707
8296,DoS,0.9639804363250732
8297,DoS,0.9652599692344666
8298,DoS,0.9640269875526428
8299,DoS,0.966147780418396
8300,DoS,0.9639681577682495
8301,DoS,0.9662349224090576
8302,DoS,0.9639383554458618
8303,DoS,0.9660853743553162
8304,DoS,0.9638765454292297
8305,DoS,0.9651873111724854
8306,DoS,0.9638493061065674
8307,DoS,0.9659238457679749
8308,DoS,0.9638614654541016
8309,DoS,0.963967502117157
8310,DoS,0.9661915898323059
8311,DoS,0.9638979434967041
8312,DoS,0.9655079245567322
8313,DoS,0.9638333320617676
8314,DoS,0.9655176997184753
8315,DoS,0.9638131856918335
8316,DoS,0.9656017422676086
8317,DoS,0.9654265642166138
8318,DoS,0.9638283848762512
8319,DoS,0.9638801217079163
8320,DoS,0.9659848809242249
8321,DoS,0.9638656973838806
8322,DoS,0.9653195738792419
8323,DoS,0.9639155268669128
8324,DoS,0.9653826951980591
8325,DoS,0.9639810919761658
8326,DoS,0.9647057056427002
8327,DoS,0.963922381401062
8328,DoS,0.9649212956428528
8329,DoS,0.9639463424682617
8330,DoS,0.9647442102432251
8331,DoS,0.9639326930046082
8332,DoS,0.9650590419769287
8333,DoS,0.9638442397117615
8334,DoS,0.9663059115409851
8335,DoS,0.9637688994407654
8336,DoS,0.9664590954780579
8337,DoS,0.9636967182159424
8338,DoS,0.9655510187149048
8339,DoS,0.9637995958328247
8340,DoS,0.9662134051322937
8341,DoS,0.9636437892913818
8342,DoS,0.9636753797531128
8343,DoS,0.9637134671211243
8344,DoS,0.9657072424888611
8345,DoS,0.9660798907279968
8346,DoS,0.9637162089347839
8347,DoS,0.9651122689247131
8348,DoS,0.9638046622276306
8349,DoS,0.9662519097328186
8350,DoS,0.9638893008232117
8351,DoS,0.9659725427627563
8352,DoS,0.9639080166816711
8353,DoS,0.9660673141479492
8354,DoS,0.9639503359794617
8355,DoS,0.9667255282402039
8356,DoS,0.9640409350395203
8357,DoS,0.9640898108482361
8358,DoS,0.9663764834403992
8359,DoS,0.9640718698501587
8360,DoS,0.9641703367233276
8361,DoS,0.9667667746543884
8362,DoS,0.9640265107154846
8363,DoS,0.9652660489082336
8364,DoS,0.9639968276023865
8365,DoS,0.9663898348808289
8366,DoS,0.9639887809753418
8367,DoS,0.9648401737213135
8368,DoS,0.9638974666595459
8369,DoS,0.9652880430221558
8370,DoS,0.9639198780059814
8371,DoS,0.965046763420105
8372,DoS,0.9638711214065552
8373,DoS,0.9652482867240906
8374,DoS,0.9666504263877869
8375,DoS,0.9659183621406555
8376,DoS,0.9637540578842163
8377,DoS,0.9638680219650269
8378,DoS,0.9638598561286926
8379,DoS,0.9639180898666382
8380,DoS,0.9654027819633484
8381,DoS,0.9637894034385681
8382,DoS,0.9656273722648621
8383,DoS,0.9638476371765137
8384,DoS,0.9654810428619385
8385,DoS,0.9637848734855652
8386,DoS,0.9652453064918518
8387,DoS,0.9637935161590576
8388,DoS,0.9655994772911072
8389,DoS,0.9637470841407776
8390,DoS,0.9637938141822815
8391,DoS,0.9653457999229431
8392,DoS,0.9636986255645752
8393,DoS,0.9636485576629639
8394,DoS,0.9641330242156982
8395,DoS,0.9662586450576782
8396,DoS,0.9658759832382202
8397,DoS,0.9637081027030945
8398,DoS,0.9636916518211365
8399,DoS,0.9654837846755981
8400,DoS,0.9653801321983337
8401,DoS,0.9649981260299683
8402,DoS,0.9634760022163391
8403,DoS,0.9635355472564697
8404,DoS,0.9635152816772461
8405,DoS,0.9636486768722534
8406,DoS,0.9637661576271057
8407,DoS,0.9664341807365417
8408,DoS,0.9637190699577332
8409,DoS,0.9637656211853027
8410,DoS,0.965335488319397
8411,DoS,0.9637383818626404
8412,DoS,0.9637764692306519
8413,DoS,0.9637491106987
8414,DoS,0.9638428688049316
8415,DoS,0.9645522832870483
8416,DoS,0.9638096690177917
8417,DoS,0.9650698304176331
8418,DoS,0.9637683629989624
8419,DoS,0.9647387266159058
8420,DoS,0.9636980295181274
8421,DoS,0.9648642539978027
8422,DoS,0.963720977306366
8423,DoS,0.9649127721786499
8424,DoS,0.9637510776519775
8425,DoS,0.9644337296485901
8426,DoS,0.9636845588684082
8427,DoS,0.965727686882019
8428,DoS,0.9638053178787231
8429,DoS,0.9637960195541382
8430,DoS,0.9637815356254578
8431,DoS,0.9638183116912842
8432,DoS,0.9656744003295898
8433,DoS,0.9638773202896118
8434,DoS,0.9662488102912903
8435,DoS,0.9638586044311523
8436,DoS,0.96491539478302
8437,DoS,0.963822066783905
8438,DoS,0.9656127095222473
8439,DoS,0.9659036993980408
8440,DoS,0.9638494253158569
8441,DoS,0.9659666419029236
8442,DoS,0.9638171792030334
8443,DoS,0.9656420946121216
8444,DoS,0.9638263583183289
8445,DoS,0.9654682278633118
8446,DoS,0.9655598402023315
8447,DoS,0.9639266133308411
8448,DoS,0.9650591611862183
8449,DoS,0.9639744758605957
8450,DoS,0.9639492034912109
8451,DoS,0.9662420153617859
8452,DoS,0.9658167362213135
8453,DoS,0.9639158844947815
8454,DoS,0.9651435613632202
8455,DoS,0.9639161825180054
8456,DoS,0.9638907313346863
8457,DoS,0.9661524295806885
8458,DoS,0.9654672741889954
8459,DoS,0.9638248085975647
8460,DoS,0.9658417701721191
8461,DoS,0.9656146168708801
8462,DoS,0.9651110172271729
8463,DoS,0.9652214050292969
8464,DoS,0.9661539793014526
8465,DoS,0.9665574431419373
8466,DoS,0.9617563486099243
8467,DoS,0.9583476781845093
8468,DoS,0.9620308876037598
8469,DoS,0.9317817091941833
8470,DoS,0.9307947158813477
8471,DoS,0.9676905274391174
8472,DoS,0.8956883549690247
8473,DoS,0.9053801894187927
8474,DoS,0.8426082730293274
8475,DoS,0.8388209342956543
8476,Normal,0.5352558493614197
8477,DoS,0.9063268899917603
8478,DoS,0.8436342477798462
8479,Normal,0.6258368492126465
8480,Normal,0.6439550518989563
8481,Normal,0.7983224391937256
8482,Normal,0.8239783644676208
8483,Normal,0.5949857234954834
8484,Normal,0.7227451801300049
8485,Normal,0.9499278664588928
8486,Normal,0.9345241189002991
8487,Normal,0.9564892649650574
8488,Normal,0.964499831199646
8489,Normal,0.9601495862007141
8490,Normal,0.9199519753456116
8491,Normal,0.9623854756355286
8492,Normal,0.9611915349960327
8493,Normal,0.9619880318641663
8494,Normal,0.9599127173423767
8495,Normal,0.9607919454574585
8496,Normal,0.9614775776863098
8497,Normal,0.9609691500663757
8498,Normal,0.9600358605384827
8499,Normal,0.9609453678131104
8500,Normal,0.9598119854927063
8501,Normal,0.9599111676216125
8502,Normal,0.9600024819374084
8503,Normal,0.9605345726013184
8504,Normal,0.9615265727043152
8505,Normal,0.9599955081939697
8506,Normal,0.9601877331733704
8507,Normal,0.9598385691642761
8508,Normal,0.9601452946662903
8509,Normal,0.9596998691558838
8510,Normal,0.9597031474113464
8511,Normal,0.9599786400794983
8512,Normal,0.9596436619758606
8513,Normal,0.960162341594696
8514,Normal,0.9597712755203247
8515,Normal,0.9618695974349976
8516,Normal,0.9607569575309753
8517,Normal,0.9607614278793335
8518,Normal,0.9612607359886169
8519,Normal,0.959434986114502
8520,Normal,0.960412859916687
8521,Normal,0.9605746269226074
8522,Normal,0.9600500464439392
8523,Normal,0.9596325755119324
8524,Normal,0.9601839780807495
8525,Normal,0.9594777226448059
8526,Normal,0.9590309262275696
8527,Normal,0.9589499235153198
8528,Normal,0.9616686701774597
8529,Normal,0.9603672027587891
8530,Normal,0.9604745507240295
8531,Normal,0.9615703225135803
8532,Normal,0.9631615281105042
8533,Normal,0.9620866775512695
8534,Normal,0.9605544209480286
8535,Normal,0.9627099633216858
8536,Normal,0.9603123664855957
8537,Normal,0.9604293704032898
8538,Normal,0.9601650834083557
8539,Normal,0.9603469967842102
8540,Normal,0.9606246948242188
8541,Normal,0.9606698751449585
8542,Normal,0.959474503993988
8543,Normal,0.9595566987991333
8544,Normal,0.9594265818595886
8545,Normal,0.9592394232749939
8546,Normal,0.9619898200035095
8547,Normal,0.9608287811279297
8548,Normal,0.9615161418914795
8549,Normal,0.961051344871521
8550,Normal,0.9610863924026489
8551,Normal,0.9606463313102722
8552,Normal,0.9619830846786499
8553,Normal,0.9602168202400208
8554,Normal,0.9607776403427124
8555,Normal,0.9616245627403259
8556,Normal,0.961155891418457
8557,Normal,0.9599370956420898
8558,Normal,0.9603874683380127
8559,Normal,0.9595065712928772
8560,Normal,0.9598792195320129
8561,Normal,0.9596555233001709
8562,Normal,0.9624051451683044
8563,Normal,0.9609341025352478
8564,Normal,0.9609123468399048
8565,Normal,0.9619452357292175
8566,Normal,0.9613246321678162
8567,Normal,0.9604629874229431
8568,Normal,0.9613854289054871
8569,Normal,0.9624468684196472
8570,Normal,0.9629459977149963
8571,Normal,0.9609315991401672
8572,Normal,0.9637715816497803
8573,Normal,0.9607827663421631
8574,Normal,0.9608635902404785
8575,Normal,0.9600921273231506
8576,Normal,0.9620034098625183
8577,Normal,0.9597724676132202
8578,Normal,0.9606888294219971
8579,Normal,0.960655152797699
8580,Normal,0.9596530795097351
8581,Normal,0.9606003761291504
8582,Normal,0.9613168835639954
8583,Normal,0.9632179141044617
8584,Normal,0.9605790376663208
8585,Normal,0.9625248312950134
8586,Normal,0.9616736173629761
8587,Normal,0.9634186029434204
8588,Normal,0.9604775309562683
8589,Normal,0.9634252190589905
8590,Normal,0.9593403339385986
8591,Normal,0.9607797265052795
8592,Normal,0.9616965651512146
8593,Normal,0.9620179533958435
8594,Normal,0.960099458694458
8595,Normal,0.9616369009017944
8596,Normal,0.9595903158187866
8597,Normal,0.9598418474197388
8598,Normal,0.959619402885437
8599,Normal,0.9637383818626404
8600,Normal,0.9617977738380432
8601,Normal,0.9605451822280884
8602,Normal,0.9621487259864807
8603,Normal,0.9616266489028931
8604,Normal,0.9603143334388733
8605,Normal,0.9624087810516357
8606,Normal,0.9629412889480591
8607,Normal,0.9602071642875671
8608,Normal,0.9640136957168579
8609,Normal,0.9606227278709412
8610,Normal,0.9610040187835693
8611,Normal,0.9615749716758728
8612,Normal,0.9620070457458496
8613,Normal,0.9624068737030029
8614,Normal,0.9599665403366089
8615,Normal,0.9603760242462158
8616,Normal,0.9598392248153687
8617,Normal,0.9597957134246826
8618,Normal,0.9595500230789185
8619,Normal,0.962242066860199
8620,Normal,0.9606941938400269
8621,Normal,0.9622236490249634
8622,Normal,0.9615718722343445
8623,Normal,0.9617815613746643
8624,Normal,0.9607020020484924
8625,Normal,0.9629504680633545
8626,Normal,0.9605010747909546
8627,Normal,0.9607129096984863
8628,Normal,0.9614788889884949
8629,Normal,0.9601412415504456
8630,Normal,0.9593855142593384
8631,Normal,0.9603341221809387
8632,Normal,0.9593625664710999
8633,Normal,0.9599054455757141
8634,Normal,0.9599297046661377
8635,Normal,0.9626976251602173
8636,Normal,0.9608343839645386
8637,Normal,0.9607478976249695
8638,Normal,0.9617881178855896
8639,Normal,0.9613472819328308
8640,Normal,0.9604326486587524
8641,Normal,0.9620777368545532
8642,Normal,0.9631909132003784
8643,Normal,0.9606255888938904
8644,Normal,0.9635025858879089
8645,Normal,0.960628867149353
8646,Normal,0.9606679081916809
8647,Normal,0.9607161283493042
8648,Normal,0.9615177512168884
8649,Normal,0.9594957232475281
8650,Normal,0.9611390233039856
8651,Normal,0.9600378274917603
8652,Normal,0.9598037600517273
8653,Normal,0.960273027420044
8654,Normal,0.960732638835907
8655,Normal,0.9624845385551453
8656,Normal,0.9602789282798767
8657,Normal,0.9620137810707092
8658,Normal,0.9614195823669434
8659,Normal,0.9614375233650208
8660,Normal,0.9604918360710144
8661,Normal,0.9615908265113831
8662,Normal,0.9633924961090088
8663,Normal,0.9615018963813782
8664,Normal,0.9626004695892334
8665,Normal,0.9610822200775146
8666,Normal,0.9605646133422852
8667,Normal,0.9613326787948608
8668,Normal,0.9608880281448364
8669,Normal,0.959509551525116
8670,Normal,0.9608314037322998
8671,Normal,0.9594974517822266
8672,Normal,0.9596684575080872
8673,Normal,0.9595270752906799
8674,Normal,0.9619131684303284
8675,Normal,0.9614242315292358
8676,Normal,0.9608378410339355
8677,Normal,0.9605655074119568
8678,Normal,0.9621701240539551
8679,Normal,0.9626606106758118
8680,Normal,0.9608334302902222
8681,Normal,0.9635643362998962
8682,Normal,0.9605906009674072
8683,Normal,0.9608615636825562
8684,Normal,0.9604081511497498
8685,Normal,0.9610020518302917
8686,Normal,0.9612311124801636
8687,Normal,0.9614351391792297
8688,Normal,0.9605401158332825
8689,Normal,0.9596883654594421
8690,Normal,0.9597039222717285
8691,Normal,0.9596539735794067
8692,Normal,0.9619200229644775
8693,Normal,0.9602786302566528
8694,Normal,0.9617000818252563
8695,Normal,0.9612012505531311
8696,Normal,0.9608041644096375
8697,Normal,0.9604215621948242
8698,Normal,0.9630721807479858
8699,Normal,0.9601346254348755
8700,Normal,0.9611905813217163
8701,Normal,0.9599076509475708
8702,Normal,0.9617218375205994
8703,Normal,0.963735818862915
8704,Normal,0.9643491506576538
8705,Normal,0.9609196186065674
8706,Normal,0.9633679986000061
8707,Normal,0.9604495763778687
8708,Normal,0.9607579112052917
8709,Normal,0.9600799083709717
8710,Normal,0.9605454802513123
8711,Normal,0.9596127271652222
8712,Normal,0.9604156017303467
8713,Normal,0.9600913524627686
8714,Normal,0.9593032598495483
8715,Normal,0.9601489305496216
8716,Normal,0.9593855142593384
8717,Normal,0.9601316452026367
8718,Normal,0.9602977633476257
8719,Normal,0.9611395597457886
8720,Normal,0.9600144028663635
8721,Normal,0.960440456867218
8722,Normal,0.9604093432426453
8723,Normal,0.9594204425811768
8724,Normal,0.959236204624176
8725,Normal,0.959248960018158
8726,Normal,0.9615723490715027
8727,Normal,0.9627293944358826
8728,Normal,0.9607861042022705
8729,Normal,0.9632061719894409
8730,Normal,0.960054337978363
8731,Normal,0.9605773687362671
8732,Normal,0.9596912860870361
8733,Normal,0.9612430930137634
8734,Normal,0.9595492482185364
8735,Normal,0.9608871340751648
8736,Normal,0.9606768488883972
8737,Normal,0.9594284296035767
8738,Normal,0.9596768021583557
8739,Normal,0.9592851400375366
8740,Normal,0.9625807404518127
8741,Normal,0.9591745734214783
8742,Normal,0.9600352048873901
8743,Normal,0.9614623188972473
8744,Normal,0.9620511531829834
8745,Normal,0.9592965245246887
8746,Normal,0.9607547521591187
8747,Normal,0.9593949913978577
8748,Normal,0.95972740650177
8749,Normal,0.96009761095047
8750,Normal,0.9622196555137634
8751,Normal,0.9610707759857178
8752,Normal,0.9600847363471985
8753,Normal,0.961798906326294
8754,Normal,0.9614717960357666
8755,Normal,0.959609866142273
8756,Normal,0.9609336853027344
8757,Normal,0.9615234136581421
8758,Normal,0.9626151919364929
8759,Normal,0.9622238874435425
8760,Normal,0.9593736529350281
8761,Normal,0.9604058265686035
8762,Normal,0.9618262648582458
8763,Normal,0.9592986106872559
8764,Normal,0.9605520963668823
8765,Normal,0.961403489112854
8766,Normal,0.9620382785797119
8767,Normal,0.9596037268638611
8768,Normal,0.9608961343765259
8769,Normal,0.9596676826477051
8770,Normal,0.959549069404602
8771,Normal,0.9595222473144531
8772,Normal,0.9609976410865784
8773,Normal,0.9602242112159729
8774,Normal,0.9621828198432922
8775,Normal,0.960927426815033
8776,Normal,0.9607040286064148
8777,Normal,0.961571455001831
8778,Normal,0.9628735184669495
8779,Normal,0.9615799188613892
8780,Normal,0.9612274765968323
8781,Normal,0.9602655172348022
8782,Normal,0.9599681496620178
8783,Normal,0.9601997137069702
8784,Normal,0.9597908854484558
8785,Normal,0.9596241116523743
8786,Normal,0.9599297046661377
8787,Normal,0.9629830718040466
8788,Normal,0.9624593257904053
8789,Normal,0.9608980417251587
8790,Normal,0.9618663787841797
8791,Normal,0.9612841010093689
8792,Normal,0.9606021642684937
8793,Normal,0.9621990323066711
8794,Normal,0.9629292488098145
8795,Normal,0.9605639576911926
8796,Normal,0.9643620848655701
8797,Normal,0.9605000615119934
8798,Normal,0.9608672857284546
8799,Normal,0.9601221084594727
8800,Normal,0.9608906507492065
8801,Normal,0.959879994392395
8802,Normal,0.9603632688522339
8803,Normal,0.9602559804916382
8804,Normal,0.961068868637085
8805,Normal,0.961017906665802
8806,Normal,0.9613686800003052
8807,Normal,0.9598093628883362
8808,Normal,0.9597218632698059
8809,Normal,0.9596315622329712
8810,Normal,0.959306538105011
8811,Normal,0.959947943687439
8812,Normal,0.9636320471763611
8813,Normal,0.9617125391960144
8814,Normal,0.9604226350784302
8815,Normal,0.9620717763900757
8816,Normal,0.9615212082862854
8817,Normal,0.9604953527450562
8818,Normal,0.9621527791023254
8819,Normal,0.9641549587249756
8820,Normal,0.9630603194236755
8821,Normal,0.9608996510505676
8822,Normal,0.960878849029541
8823,Normal,0.9616882801055908
8824,Normal,0.9594982266426086
8825,Normal,0.9600592851638794
8826,Normal,0.9593322277069092
8827,Normal,0.9602898359298706
8828,Normal,0.9600204825401306
8829,Normal,0.9601331949234009
8830,Normal,0.9628329277038574
8831,Normal,0.9609726667404175
8832,Normal,0.9619762301445007
8833,Normal,0.9613361954689026
8834,Normal,0.961410641670227
8835,Normal,0.9606835246086121
8836,Normal,0.9631140828132629
8837,Normal,0.9596750736236572
8838,Normal,0.9613945484161377
8839,Normal,0.9613628387451172
8840,Normal,0.9622800350189209
8841,Normal,0.9607840180397034
8842,Normal,0.9596934914588928
8843,Normal,0.9597316980361938
8844,Normal,0.959656298160553
8845,Normal,0.9599950909614563
8846,Normal,0.9633529782295227
8847,Normal,0.9618203043937683
8848,Normal,0.9606887102127075
8849,Normal,0.9633871912956238
8850,Normal,0.9609966278076172
8851,Normal,0.9638332724571228
8852,Normal,0.9608411192893982
8853,Normal,0.9610338807106018
8854,Normal,0.9600722193717957
8855,Normal,0.9612507224082947
8856,Normal,0.9595612287521362
8857,Normal,0.9601450562477112
8858,Normal,0.9607179760932922
8859,Normal,0.9614054560661316
8860,Normal,0.9605076313018799
8861,Normal,0.9629418253898621
8862,Normal,0.959627091884613
8863,Normal,0.9604767560958862
8864,Normal,0.9611508846282959
8865,Normal,0.9611130356788635
8866,Normal,0.9596565961837769
8867,Normal,0.9593709111213684
8868,Normal,0.9593446850776672
8869,Normal,0.9593062996864319
8870,Normal,0.9599059820175171
8871,Normal,0.9634478092193604
8872,Normal,0.9610808491706848
8873,Normal,0.9602620005607605
8874,Normal,0.9619460105895996
8875,Normal,0.9614135026931763
8876,Normal,0.9603922963142395
8877,Normal,0.9620338678359985
8878,Normal,0.9629219174385071
8879,Normal,0.960582435131073
8880,Normal,0.9637566208839417
8881,Normal,0.9605286717414856
8882,Normal,0.9605745077133179
8883,Normal,0.9597324728965759
8884,Normal,0.9605488777160645
8885,Normal,0.9594630002975464
8886,Normal,0.9606397747993469
8887,Normal,0.9609469771385193
8888,Normal,0.9594183564186096
8889,Normal,0.9597277641296387
8890,Normal,0.9603127241134644
8891,Normal,0.9626482129096985
8892,Normal,0.9606053233146667
8893,Normal,0.9620990753173828
8894,Normal,0.9614205956459045
8895,Normal,0.9614477753639221
8896,Normal,0.9606667160987854
8897,Normal,0.9635093212127686
8898,Normal,0.9591254591941833
8899,Normal,0.9608231782913208
8900,Normal,0.9615921974182129
8901,Normal,0.9613038897514343
8902,Normal,0.9596093893051147
8903,Normal,0.9594911932945251
8904,Normal,0.9599103927612305
8905,Normal,0.960056483745575
8906,Normal,0.960364818572998
8907,Normal,0.9626814723014832
8908,Normal,0.9617027640342712
8909,Normal,0.9605234861373901
8910,Normal,0.9617499113082886
8911,Normal,0.9614103436470032
8912,Normal,0.9604735374450684
8913,Normal,0.9622149467468262
8914,Normal,0.9656347632408142
8915,Normal,0.9605324864387512
8916,Normal,0.9637900590896606
8917,Normal,0.9607164263725281
8918,Normal,0.9607412219047546
8919,Normal,0.9598402976989746
8920,Normal,0.9618326425552368
8921,Normal,0.9595851302146912
8922,Normal,0.960041344165802
8923,Normal,0.960806667804718
8924,Normal,0.9609902501106262
8925,Normal,0.9601811170578003
8926,Normal,0.9611329436302185
8927,Normal,0.9622716307640076
8928,Normal,0.9604862332344055
8929,Normal,0.9621674418449402
8930,Normal,0.9614593386650085
8931,Normal,0.961666464805603
8932,Normal,0.9606035947799683
8933,Normal,0.9616566896438599
8934,Normal,0.9635868072509766
8935,Normal,0.9618295431137085
8936,Normal,0.9641047716140747
8937,Normal,0.9610805511474609
8938,Normal,0.9609851837158203
8939,Normal,0.9610069990158081
8940,Normal,0.9613204002380371
8941,Normal,0.9598862528800964
8942,Normal,0.9597101807594299
8943,Normal,0.9596694707870483
8944,Normal,0.9595862627029419
8945,Normal,0.9602038860321045
8946,Normal,0.962605357170105
8947,Normal,0.9621164798736572
8948,Normal,0.9609877467155457
8949,Normal,0.9615434408187866
8950,Normal,0.9614394307136536
8951,Normal,0.9604302048683167
8952,Normal,0.9623315930366516
8953,Normal,0.9656937718391418
8954,Normal,0.9608346223831177
8955,Normal,0.96373051404953
8956,Normal,0.9609878659248352
8957,Normal,0.9610950946807861
8958,Normal,0.9601407051086426
8959,Normal,0.9609912633895874
8960,Normal,0.9595769047737122
8961,Normal,0.9600215554237366
8962,Normal,0.9603485465049744
8963,Normal,0.9596414566040039
8964,Normal,0.9599924683570862
8965,Normal,0.9603590965270996
8966,Normal,0.962620735168457
8967,Normal,0.9605661630630493
8968,Normal,0.9620347023010254
8969,Normal,0.9614251852035522
8970,Normal,0.9626674652099609
8971,Normal,0.9605585932731628
8972,Normal,0.9649712443351746
8973,Normal,0.9597222805023193
8974,Normal,0.9607541561126709
8975,Normal,0.9615806937217712
8976,Normal,0.9613906145095825
8977,Normal,0.9593594074249268
8978,Normal,0.9596074223518372
8979,Normal,0.9598471522331238
8980,Normal,0.9600527882575989
8981,Normal,0.960344672203064
8982,Normal,0.9635790586471558
8983,Normal,0.9631651639938354
8984,Normal,0.9604790806770325
8985,Normal,0.9615933895111084
8986,Normal,0.9614265561103821
8987,Normal,0.9604897499084473
8988,Normal,0.962179958820343
8989,Normal,0.9642727375030518
8990,Normal,0.9625256061553955
8991,Normal,0.9605969786643982
8992,Normal,0.9634643793106079
8993,Normal,0.9606083035469055
8994,Normal,0.9607107043266296
8995,Normal,0.9600241780281067
8996,Normal,0.9609620571136475
8997,Normal,0.9596121311187744
8998,Normal,0.9599003791809082
8999,Normal,0.9601345062255859
9000,Normal,0.9608466029167175
9001,Normal,0.959489107131958
9002,Normal,0.9610753655433655
9003,Normal,0.962701678276062
9004,Normal,0.9605345129966736
9005,Normal,0.9619296193122864
9006,Normal,0.9613152742385864
9007,Normal,0.9616742134094238
9008,Normal,0.9604465365409851
9009,Normal,0.9624853134155273
9010,Normal,0.9596322178840637
9011,Normal,0.96049565076828
9012,Normal,0.9613151550292969
9013,Normal,0.9610784649848938
9014,Normal,0.9596659541130066
9015,Normal,0.9595038294792175
9016,Normal,0.95949786901474
9017,Normal,0.9594765901565552
9018,Normal,0.9600504636764526
9019,Normal,0.96302729845047
9020,Normal,0.9611219763755798
9021,Normal,0.9607744216918945
9022,Normal,0.9615482091903687
9023,Normal,0.9612947702407837
9024,Normal,0.9603976607322693
9025,Normal,0.9612807631492615
9026,Normal,0.9621994495391846
9027,Normal,0.9618911147117615
9028,Normal,0.9608472585678101
9029,Normal,0.963314950466156
9030,Normal,0.960707426071167
9031,Normal,0.9607917070388794
9032,Normal,0.9597803354263306
9033,Normal,0.9608498215675354
9034,Normal,0.9596489071846008
9035,Normal,0.959916353225708
9036,Normal,0.959552526473999
9037,Normal,0.9594645500183105
9038,Normal,0.9599249958992004
9039,Normal,0.9601266980171204
9040,Normal,0.962841272354126
9041,Normal,0.9608076810836792
9042,Normal,0.9620628356933594
9043,Normal,0.9613752961158752
9044,Normal,0.9628345966339111
9045,Normal,0.9605937600135803
9046,Normal,0.962209165096283
9047,Normal,0.9595015048980713
9048,Normal,0.9608756899833679
9049,Normal,0.9610597491264343
9050,Normal,0.9614400863647461
9051,Normal,0.9604888558387756
9052,Normal,0.9597293138504028
9053,Normal,0.9598484635353088
9054,Normal,0.9599453210830688
9055,Normal,0.9601351022720337
9056,Normal,0.9636730551719666
9057,Normal,0.9619070887565613
9058,Normal,0.9606400728225708
9059,Normal,0.9616650342941284
9060,Normal,0.9613833427429199
9061,Normal,0.960513174533844
9062,Normal,0.9621120691299438
9063,Normal,0.9628414511680603
9064,Normal,0.9603904485702515
9065,Normal,0.963495135307312
9066,Normal,0.9607067704200745
9067,Normal,0.960831344127655
9068,Normal,0.9597765207290649
9069,Normal,0.9614743590354919
9070,Normal,0.9595933556556702
9071,Normal,0.9599789381027222
9072,Normal,0.9604982137680054
9073,Normal,0.9611806273460388
9074,Normal,0.9594773650169373
9075,Normal,0.9612419009208679
9076,Normal,0.9631987810134888
9077,Normal,0.9605302810668945
9078,Normal,0.962164580821991
9079,Normal,0.9614468216896057
9080,Normal,0.9619203209877014
9081,Normal,0.9604551792144775
9082,Normal,0.9631693363189697
9083,Normal,0.959006667137146
9084,Normal,0.9606028199195862
9085,Normal,0.9614580273628235
9086,Normal,0.9615732431411743
9087,Normal,0.9601670503616333
9088,Normal,0.9596168994903564
9089,Normal,0.9595485925674438
9090,Normal,0.9594322443008423
9091,Normal,0.9602329134941101
9092,Normal,0.9641373157501221
9093,Normal,0.9614897966384888
9094,Normal,0.9605910181999207
9095,Normal,0.9618305563926697
9096,Normal,0.9614875912666321
9097,Normal,0.9605221748352051
9098,Normal,0.9622323513031006
9099,Normal,0.962847113609314
9100,Normal,0.9602223634719849
9101,Normal,0.963769793510437
9102,Normal,0.9607351422309875
9103,Normal,0.9611163139343262
9104,Normal,0.9619128108024597
9105,Normal,0.9616524577140808
9106,Normal,0.959549605846405
9107,Normal,0.9622872471809387
9108,Normal,0.9602676033973694
9109,Normal,0.9605523943901062
9110,Normal,0.9597646594047546
9111,Normal,0.9599454402923584
9112,Normal,0.9624612331390381
9113,Normal,0.9607800245285034
9114,Normal,0.9620375633239746
9115,Normal,0.9614441394805908
9116,Normal,0.9619414806365967
9117,Normal,0.9607483744621277
9118,Normal,0.9617037177085876
9119,Normal,0.9632138013839722
9120,Normal,0.9618418216705322
9121,Normal,0.9619477987289429
9122,Normal,0.9608891010284424
9123,Normal,0.9607445001602173
9124,Normal,0.9610286951065063
9125,Normal,0.9615613222122192
9126,Normal,0.9603959321975708
9127,Normal,0.9596843123435974
9128,Normal,0.9598262906074524
9129,Normal,0.9598391056060791
9130,Normal,0.959970235824585
9131,Normal,0.962291419506073
9132,Normal,0.961469292640686
9133,Normal,0.9609113335609436
9134,Normal,0.9614982604980469
9135,Normal,0.9613457918167114
9136,Normal,0.9604721069335938
9137,Normal,0.9621356725692749
9138,Normal,0.9633802175521851
9139,Normal,0.960420548915863
9140,Normal,0.963692843914032
9141,Normal,0.9606972932815552
9142,Normal,0.9608734846115112
9143,Normal,0.9600389003753662
9144,Normal,0.9607384204864502
9145,Normal,0.9595086574554443
9146,Normal,0.9599940180778503
9147,Normal,0.9606450200080872
9148,Normal,0.9603568911552429
9149,Normal,0.9596375226974487
9150,Normal,0.9610856175422668
9151,Normal,0.9628416895866394
9152,Normal,0.9603500962257385
9153,Normal,0.9620335102081299
9154,Normal,0.9614194631576538
9155,Normal,0.9619337916374207
9156,Normal,0.9603393077850342
9157,Normal,0.9636682868003845
9158,Normal,0.959755003452301
9159,Normal,0.9604940414428711
9160,Normal,0.9616155624389648
9161,Normal,0.9619091749191284
9162,Normal,0.9593052268028259
9163,Normal,0.9595105051994324
9164,Normal,0.9595359563827515
9165,Normal,0.9595022797584534
9166,Normal,0.9602590799331665
9167,Normal,0.9639989733695984
9168,Normal,0.9616005420684814
9169,Normal,0.9604191184043884
9170,Normal,0.961717963218689
9171,Normal,0.9614124298095703
9172,Normal,0.9604349732398987
9173,Normal,0.9621387720108032
9174,Normal,0.964301347732544
9175,Normal,0.9642055034637451
9176,Normal,0.9604571461677551
9177,Normal,0.9636921882629395
9178,Normal,0.960767388343811
9179,Normal,0.960917055606842
9180,Normal,0.9597734212875366
9181,Normal,0.9612804651260376
9182,Normal,0.9595890045166016
9183,Normal,0.9596299529075623
9184,Normal,0.9607637524604797
9185,Normal,0.9602934718132019
9186,Normal,0.9594690203666687
9187,Normal,0.9604153633117676
9188,Normal,0.9634617567062378
9189,Normal,0.9605781435966492
9190,Normal,0.9620949625968933
9191,Normal,0.9614313840866089
9192,Normal,0.9623075127601624
9193,Normal,0.9604988694190979
9194,Normal,0.9635345339775085
9195,Normal,0.9595005512237549
9196,Normal,0.9607844352722168
9197,Normal,0.9612894654273987
9198,Normal,0.9610671401023865
9199,Normal,0.9596475958824158
9200,Normal,0.9595335721969604
9201,Normal,0.9599335789680481
9202,Normal,0.9600428938865662
9203,Normal,0.9601789116859436
9204,Normal,0.9639370441436768
9205,Normal,0.9612535834312439
9206,Normal,0.9604434370994568
9207,Normal,0.96163010597229
9208,Normal,0.9614197015762329
9209,Normal,0.9604356288909912
9210,Normal,0.9614025950431824
9211,Normal,0.9625294804573059
9212,Normal,0.9654480218887329
9213,Normal,0.9608197808265686
9214,Normal,0.963741660118103
9215,Normal,0.9608168005943298
9216,Normal,0.9609412550926208
9217,Normal,0.9598109126091003
9218,Normal,0.9615024328231812
9219,Normal,0.9595720767974854
9220,Normal,0.9600765109062195
9221,Normal,0.9604200124740601
9222,Normal,0.9608513712882996
9223,Normal,0.9617170691490173
9224,Normal,0.9602537751197815
9225,Normal,0.9634078741073608
9226,Normal,0.9603498578071594
9227,Normal,0.96220463514328
9228,Normal,0.961480975151062
9229,Normal,0.9628076553344727
9230,Normal,0.9603502154350281
9231,Normal,0.9648290872573853
9232,Normal,0.9591963887214661
9233,Normal,0.9607205390930176
9234,Normal,0.9614465832710266
9235,Normal,0.9618714451789856
9236,Normal,0.9596289396286011
9237,Normal,0.9596827626228333
9238,Normal,0.9597646594047546
9239,Normal,0.9597254395484924
9240,Normal,0.9603605270385742
9241,Normal,0.9631733298301697
9242,Normal,0.9613295793533325
9243,Normal,0.960345983505249
9244,Normal,0.9617823362350464
9245,Normal,0.9615597724914551
9246,Normal,0.960427463054657
9247,Normal,0.9623579978942871
9248,Normal,0.9662505984306335
9249,Normal,0.9601629972457886
9250,Normal,0.9639313817024231
9251,Normal,0.9606024622917175
9252,Normal,0.9608149528503418
9253,Normal,0.9606413841247559
9254,Normal,0.9615203142166138
9255,Normal,0.9595680236816406
9256,Normal,0.959800124168396
9257,Normal,0.960904598236084
9258,Normal,0.960975170135498
9259,Normal,0.9594151377677917
9260,Normal,0.9604763388633728
9261,Normal,0.9625349044799805
9262,Normal,0.9604226350784302
9263,Normal,0.9621237516403198
9264,Normal,0.9614822864532471
9265,Normal,0.9625973105430603
9266,Normal,0.9604436755180359
9267,Normal,0.9652089476585388
9268,Normal,0.9603458046913147
9269,Normal,0.960635781288147
9270,Normal,0.9617108106613159
9271,Normal,0.9620818495750427
9272,Normal,0.9610680937767029
9273,Normal,0.959564745426178
9274,Normal,0.9598498940467834
9275,Normal,0.960089385509491
9276,Normal,0.9603709578514099
9277,Normal,0.9625903367996216
9278,Normal,0.9608686566352844
9279,Normal,0.9603624939918518
9280,Normal,0.9616330862045288
9281,Normal,0.9614248871803284
9282,Normal,0.9603606462478638
9283,Normal,0.9621355533599854
9284,Normal,0.962363600730896
9285,Normal,0.9602379202842712
9286,Normal,0.963370144367218
9287,Normal,0.9605348110198975
9288,Normal,0.9606974124908447
9289,Normal,0.9599854350090027
9290,Normal,0.9611003398895264
9291,Normal,0.9594900012016296
9292,Normal,0.9600152969360352
9293,Normal,0.9602288007736206
9294,Normal,0.9605861902236938
9295,Normal,0.9616373777389526
9296,Normal,0.9604142904281616
9297,Normal,0.9623616337776184
9298,Normal,0.9601336717605591
9299,Normal,0.9618309736251831
9300,Normal,0.9613357186317444
9301,Normal,0.961223840713501
9302,Normal,0.9603778719902039
9303,Normal,0.9614821672439575
9304,Normal,0.9632790684700012
9305,Normal,0.9613834619522095
9306,Normal,0.9616683721542358
9307,Normal,0.9598897695541382
9308,Normal,0.9605705738067627
9309,Normal,0.9610517024993896
9310,Normal,0.9616790413856506
9311,Normal,0.9596251249313354
9312,Normal,0.9595881104469299
9313,Normal,0.9595149159431458
9314,Normal,0.959457516670227
9315,Normal,0.9599756598472595
9316,Normal,0.9618855714797974
9317,Normal,0.9613707661628723
9318,Normal,0.9608293175697327
9319,Normal,0.9614136219024658
9320,Normal,0.961319088935852
9321,Normal,0.9601758718490601
9322,Normal,0.9622189998626709
9323,Normal,0.9621018171310425
9324,Normal,0.9606696963310242
9325,Normal,0.9632923603057861
9326,Normal,0.9606277942657471
9327,Normal,0.960695743560791
9328,Normal,0.9604312181472778
9329,Normal,0.9605628848075867
9330,Normal,0.9594971537590027
9331,Normal,0.9596883654594421
9332,Normal,0.9604062438011169
9333,Normal,0.9603334665298462
9334,Normal,0.9604601263999939
9335,Normal,0.960350513458252
9336,Normal,0.9617213606834412
9337,Normal,0.9601749777793884
9338,Normal,0.9617681503295898
9339,Normal,0.9612857103347778
9340,Normal,0.961391270160675
9341,Normal,0.9605081081390381
9342,Normal,0.9621431827545166
9343,Normal,0.9603221416473389
9344,Normal,0.9603416323661804
9345,Normal,0.9613783955574036
9346,Normal,0.9612711668014526
9347,Normal,0.9594113230705261
9348,Normal,0.9593806862831116
9349,Normal,0.9598004817962646
9350,Normal,0.959947943687439
9351,Normal,0.9601914286613464
9352,Normal,0.962046205997467
9353,Normal,0.9604067206382751
9354,Normal,0.9605405330657959
9355,Normal,0.9615144729614258
9356,Normal,0.961256742477417
9357,Normal,0.9601771831512451
9358,Normal,0.9619345664978027
9359,Normal,0.9639331698417664
9360,Normal,0.9629736542701721
9361,Normal,0.960500180721283
9362,Normal,0.9632949233055115
9363,Normal,0.9603756666183472
9364,Normal,0.9604703783988953
9365,Normal,0.9606267809867859
9366,Normal,0.9608314037322998
9367,Normal,0.9593955278396606
9368,Normal,0.9598818421363831
9369,Normal,0.9601660966873169
9370,Normal,0.9606705904006958
9371,Normal,0.960693895816803
9372,Normal,0.9590503573417664
9373,Normal,0.9618424773216248
9374,Normal,0.9599372148513794
9375,Normal,0.9619052410125732
9376,Normal,0.9613008499145508
9377,Normal,0.9610714316368103
9378,Normal,0.960317850112915
9379,Normal,0.9627341628074646
9380,Normal,0.9605233669281006
9381,Normal,0.9602579474449158
9382,Normal,0.9615399241447449
9383,Normal,0.9609698057174683
9384,Normal,0.9604640007019043
9385,Normal,0.9606434106826782
9386,Normal,0.9591714143753052
9387,Normal,0.9594792127609253
9388,Normal,0.9595180749893188
9389,Normal,0.962085485458374
9390,Normal,0.9606240391731262
9391,Normal,0.9619075059890747
9392,Normal,0.9611687660217285
9393,Normal,0.9614764451980591
9394,Normal,0.9605898261070251
9395,Normal,0.9610900282859802
9396,Normal,0.9621402025222778
9397,Normal,0.9622064232826233
9398,Normal,0.9607580304145813
9399,Normal,0.9632717967033386
9400,Normal,0.9605898261070251
9401,Normal,0.9606246948242188
9402,Normal,0.9604972004890442
9403,Normal,0.9608904123306274
9404,Normal,0.959648609161377
9405,Normal,0.959641695022583
9406,Normal,0.960850715637207
9407,Normal,0.9600414633750916
9408,Normal,0.9596354365348816
9409,Normal,0.9600340723991394
9410,Normal,0.9619952440261841
9411,Normal,0.9607035517692566
9412,Normal,0.9618424773216248
9413,Normal,0.9612325429916382
9414,Normal,0.9615238308906555
9415,Normal,0.960634708404541
9416,Normal,0.9623352289199829
9417,Normal,0.9595611095428467
9418,Normal,0.9607850909233093
9419,Normal,0.9611871242523193
9420,Normal,0.9617670178413391
9421,Normal,0.9597646594047546
9422,Normal,0.9595375061035156
9423,Normal,0.9597376585006714
9424,Normal,0.9597114324569702
9425,Normal,0.9600194692611694
9426,Normal,0.9629166126251221
9427,Normal,0.9613521695137024
9428,Normal,0.9607341289520264
9429,Normal,0.961452841758728
9430,Normal,0.9612645506858826
9431,Normal,0.9604541063308716
9432,Normal,0.9618331789970398
9433,Normal,0.9631112813949585
9434,Normal,0.9606491327285767
9435,Normal,0.9632990956306458
9436,Normal,0.9605950117111206
9437,Normal,0.9607096314430237
9438,Normal,0.9599200487136841
9439,Normal,0.9609225392341614
9440,Normal,0.9595251083374023
9441,Normal,0.9599276185035706
9442,Normal,0.960127055644989
9443,Normal,0.9612433314323425
9444,Normal,0.9618138074874878
9445,Normal,0.9604963064193726
9446,Normal,0.9624521732330322
9447,Normal,0.9605631828308105
9448,Normal,0.9619616866111755
9449,Normal,0.9613654017448425
9450,Normal,0.9615253806114197
9451,Normal,0.960593581199646
9452,Normal,0.9632039666175842
9453,Normal,0.9597249031066895
9454,Normal,0.960432767868042
9455,Normal,0.961262583732605
9456,Normal,0.9614526629447937
9457,Normal,0.9604018926620483
9458,Normal,0.9594785571098328
9459,Normal,0.9595399498939514
9460,Normal,0.9595074653625488
9461,Normal,0.9601619839668274
9462,Normal,0.9625350832939148
9463,Normal,0.9611120223999023
9464,Normal,0.960681676864624
9465,Normal,0.961510419845581
9466,Normal,0.9613224267959595
9467,Normal,0.9604909420013428
9468,Normal,0.961909830570221
9469,Normal,0.9629978537559509
9470,Normal,0.9606161117553711
9471,Normal,0.9633210301399231
9472,Normal,0.9605768322944641
9473,Normal,0.9607400894165039
9474,Normal,0.9599167704582214
9475,Normal,0.9620240330696106
9476,Normal,0.9615301489830017
9477,Normal,0.9596973657608032
9478,Normal,0.9606125950813293
9479,Normal,0.9594315886497498
9480,Normal,0.9595968127250671
9481,Normal,0.9594984650611877
9482,Normal,0.9614968299865723
9483,Normal,0.960563063621521
9484,Normal,0.9618637561798096
9485,Normal,0.9612948894500732
9486,Normal,0.9621968269348145
9487,Normal,0.9606543779373169
9488,Normal,0.9614914655685425
9489,Normal,0.9629392623901367
9490,Normal,0.9615994691848755
9491,Normal,0.9623764157295227
9492,Normal,0.9598010182380676
9493,Normal,0.960800051689148
9494,Normal,0.9616805911064148
9495,Normal,0.9611395597457886
9496,Normal,0.9597659707069397
9497,Normal,0.9596603512763977
9498,Normal,0.9598429799079895
9499,Normal,0.959916889667511
9500,Normal,0.9599665403366089
9501,Normal,0.9624713659286499
9502,Normal,0.9611899256706238
9503,Normal,0.9608631134033203
9504,Normal,0.9615313410758972
9505,Normal,0.9613332152366638
9506,Normal,0.9605384469032288
9507,Normal,0.9621667861938477
9508,Normal,0.9654896855354309
9509,Normal,0.9607625603675842
9510,Normal,0.9635303616523743
9511,Normal,0.960845947265625
9512,Normal,0.9610722064971924
9513,Normal,0.9600801467895508
9514,Normal,0.9612450003623962
9515,Normal,0.9595968127250671
9516,Normal,0.9599548578262329
9517,Normal,0.9601716995239258
9518,Normal,0.9611656665802002
9519,Normal,0.9616165161132812
9520,Normal,0.9604519009590149
9521,Normal,0.9624835252761841
9522,Normal,0.9605829119682312
9523,Normal,0.9620572328567505
9524,Normal,0.9614285230636597
9525,Normal,0.9616690278053284
9526,Normal,0.9605953097343445
9527,Normal,0.9642561674118042
9528,Normal,0.9596371650695801
9529,Normal,0.9605510830879211
9530,Normal,0.9616390466690063
9531,Normal,0.9616373777389526
9532,Normal,0.9607251286506653
9533,Normal,0.9595465064048767
9534,Normal,0.9595940709114075
9535,Normal,0.9596235752105713
9536,Normal,0.9606010317802429
9537,Normal,0.9628534913063049
9538,Normal,0.9614493250846863
9539,Normal,0.9605088829994202
9540,Normal,0.9615514874458313
9541,Normal,0.9613937139511108
9542,Normal,0.9604961276054382
9543,Normal,0.9620029330253601
9544,Normal,0.9632653594017029
9545,Normal,0.9656602144241333
9546,Normal,0.9606761932373047
9547,Normal,0.9635508060455322
9548,Normal,0.9607518911361694
9549,Normal,0.9609248638153076
9550,Normal,0.9610608220100403
9551,Normal,0.9609320163726807
9552,Normal,0.9595738649368286
9553,Normal,0.9596068859100342
9554,Normal,0.9602459669113159
9555,Normal,0.9613412618637085
9556,Normal,0.9596788883209229
9557,Normal,0.9604343175888062
9558,Normal,0.9624512791633606
9559,Normal,0.9605985283851624
9560,Normal,0.9619373083114624
9561,Normal,0.9613435864448547
9562,Normal,0.9616530537605286
9563,Normal,0.9606075286865234
9564,Normal,0.9644314050674438
9565,Normal,0.9609822034835815
9566,Normal,0.9606867432594299
9567,Normal,0.9613759517669678
9568,Normal,0.9607616662979126
9569,Normal,0.959155797958374
9570,Normal,0.9607425332069397
9571,Normal,0.9592882394790649
9572,Normal,0.9597764015197754
9573,Normal,0.960003137588501
9574,Normal,0.9619424939155579
9575,Normal,0.9605428576469421
9576,Normal,0.9619110822677612
9577,Normal,0.9612084031105042
9578,Normal,0.9615888595581055
9579,Normal,0.9605686664581299
9580,Normal,0.9610829949378967
9581,Normal,0.962091863155365
9582,Normal,0.9620594382286072
9583,Normal,0.9606820940971375
9584,Normal,0.9632259607315063
9585,Normal,0.9605065584182739
9586,Normal,0.9605991840362549
9587,Normal,0.9603821635246277
9588,Normal,0.9607693552970886
9589,Normal,0.9596005082130432
9590,Normal,0.9598856568336487
9591,Normal,0.9601172804832458
9592,Normal,0.9604796171188354
9593,Normal,0.9605907797813416
9594,Normal,0.9591848850250244
9595,Normal,0.9626368284225464
9596,Normal,0.9604173898696899
9597,Normal,0.9618450999259949
9598,Normal,0.9612529277801514
9599,Normal,0.9615693688392639
9600,Normal,0.9605278968811035
9601,Normal,0.962103009223938
9602,Normal,0.9603573083877563
9603,Normal,0.9604849815368652
9604,Normal,0.9611164331436157
9605,Normal,0.9616332650184631
9606,Normal,0.9595987796783447
9607,Normal,0.9594854116439819
9608,Normal,0.9594298601150513
9609,Normal,0.9593505263328552
9610,Normal,0.9600074887275696
9611,Normal,0.9626210331916809
9612,Normal,0.9608378410339355
9613,Normal,0.9606614112854004
9614,Normal,0.9615088701248169
9615,Normal,0.9612265825271606
9616,Normal,0.9603131413459778
9617,Normal,0.9617427587509155
9618,Normal,0.9617440700531006
9619,Normal,0.9604745507240295
9620,Normal,0.9631147384643555
9621,Normal,0.9604520201683044
9622,Normal,0.9606375694274902
9623,Normal,0.9599235653877258
9624,Normal,0.9606136679649353
9625,Normal,0.9595189690589905
9626,Normal,0.9595450758934021
9627,Normal,0.9606412053108215
9628,Normal,0.9602912664413452
9629,Normal,0.9596264362335205
9630,Normal,0.9600754380226135
9631,Normal,0.9620554447174072
9632,Normal,0.9604536294937134
9633,Normal,0.9617763161659241
9634,Normal,0.9612563252449036
9635,Normal,0.9614188075065613
9636,Normal,0.9605980515480042
9637,Normal,0.9620188474655151
9638,Normal,0.9598265886306763
9639,Normal,0.9603992104530334
9640,Normal,0.9612260460853577
9641,Normal,0.9601635336875916
9642,Normal,0.9606028199195862
9643,Normal,0.9594517946243286
9644,Normal,0.9596916437149048
9645,Normal,0.9598233103752136
9646,Normal,0.9600770473480225
9647,Normal,0.9624901413917542
9648,Normal,0.9607710242271423
9649,Normal,0.9606227278709412
9650,Normal,0.9615572094917297
9651,Normal,0.9612514972686768
9652,Normal,0.9603196382522583
9653,Normal,0.9618662595748901
9654,Normal,0.9625183343887329
9655,Normal,0.9604694843292236
9656,Normal,0.9632711410522461
9657,Normal,0.960516095161438
9658,Normal,0.960647702217102
9659,Normal,0.9602174162864685
9660,Normal,0.960752546787262
9661,Normal,0.9594609141349792
9662,Normal,0.9613120555877686
9663,Normal,0.9605920314788818
9664,Normal,0.9599872827529907
9665,Normal,0.9601326584815979
9666,Normal,0.9606544971466064
9667,Normal,0.9621320366859436
9668,Normal,0.9602747559547424
9669,Normal,0.9619282484054565
9670,Normal,0.9613078832626343
9671,Normal,0.9618942737579346
9672,Normal,0.9604730010032654
9673,Normal,0.9614878296852112
9674,Normal,0.9633073806762695
9675,Normal,0.9615576863288879
9676,Normal,0.9619274735450745
9677,Normal,0.9599964022636414
9678,Normal,0.9606214761734009
9679,Normal,0.9609880447387695
9680,Normal,0.9610403776168823
9681,Normal,0.9598448276519775
9682,Normal,0.9595389366149902
9683,Normal,0.9595668315887451
9684,Normal,0.959450900554657
9685,Normal,0.9599828124046326
9686,Normal,0.9623490571975708
9687,Normal,0.9606256484985352
9688,Normal,0.9607153534889221
9689,Normal,0.9615749716758728
9690,Normal,0.9612841010093689
9691,Normal,0.9603277444839478
9692,Normal,0.9621208906173706
9693,Normal,0.9624253511428833
9694,Normal,0.9604576230049133
9695,Normal,0.9634983539581299
9696,Normal,0.9606227278709412
9697,Normal,0.9608482718467712
9698,Normal,0.9604763388633728
9699,Normal,0.9606720805168152
9700,Normal,0.9596589207649231
9701,Normal,0.9596171975135803
9702,Normal,0.9594776034355164
9703,Normal,0.9615982174873352
9704,Normal,0.959778904914856
9705,Normal,0.9597289562225342
9706,Normal,0.9621964693069458
9707,Normal,0.9605735540390015
9708,Normal,0.9617825746536255
9709,Normal,0.9613355398178101
9710,Normal,0.9617089033126831
9711,Normal,0.9606215953826904
9712,Normal,0.9625738859176636
9713,Normal,0.9605699181556702
9714,Normal,0.9605950117111206
9715,Normal,0.9613296985626221
9716,Normal,0.959665060043335
9717,Normal,0.9604541063308716
9718,Normal,0.9595829844474792
9719,Normal,0.9596766829490662
9720,Normal,0.9598007798194885
9721,Normal,0.9600580334663391
9722,Normal,0.9626967310905457
9723,Normal,0.9609302878379822
9724,Normal,0.9606428146362305
9725,Normal,0.9614507555961609
9726,Normal,0.9613127112388611
9727,Normal,0.9605054259300232
9728,Normal,0.9619571566581726
9729,Normal,0.9632166028022766
9730,Normal,0.9636595249176025
9731,Normal,0.9607619643211365
9732,Normal,0.9633197784423828
9733,Normal,0.9606080651283264
9734,Normal,0.9607490301132202
9735,Normal,0.9608084559440613
9736,Normal,0.9606760740280151
9737,Normal,0.9595049023628235
9738,Normal,0.9598019123077393
9739,Normal,0.9600602388381958
9740,Normal,0.9606470465660095
9741,Normal,0.9601882696151733
9742,Normal,0.9599128365516663
9743,Normal,0.9625816345214844
9744,Normal,0.9616761803627014
9745,Normal,0.960197389125824
9746,Normal,0.961230456829071
9747,Normal,0.9613380432128906
9748,Normal,0.9603816270828247
9749,Normal,0.963118851184845
9750,Normal,0.9596686959266663
9751,Normal,0.9606437087059021
9752,Normal,0.9611668586730957
9753,Normal,0.960985004901886
9754,Normal,0.9600366353988647
9755,Normal,0.9595390558242798
9756,Normal,0.9595026969909668
9757,Normal,0.9594975709915161
9758,Normal,0.9600628614425659
9759,Normal,0.9628238081932068
9760,Normal,0.9618847966194153
9761,Normal,0.9606367945671082
9762,Normal,0.9614150524139404
9763,Normal,0.9612746834754944
9764,Normal,0.9603792428970337
9765,Normal,0.9612020254135132
9766,Normal,0.9622358679771423
9767,Normal,0.9628790616989136
9768,Normal,0.9608212113380432
9769,Normal,0.9633575081825256
9770,Normal,0.9606614112854004
9771,Normal,0.9607896208763123
9772,Normal,0.9606980681419373
9773,Normal,0.9607378840446472
9774,Normal,0.959560215473175
9775,Normal,0.9596410393714905
9776,Normal,0.9594497084617615
9777,Normal,0.9607962369918823
9778,Normal,0.9612528085708618
9779,Normal,0.9600273966789246
9780,Normal,0.9621815085411072
9781,Normal,0.9603676795959473
9782,Normal,0.9617660641670227
9783,Normal,0.9612215161323547
9784,Normal,0.9615086317062378
9785,Normal,0.960433840751648
9786,Normal,0.9628130793571472
9787,Normal,0.9601963758468628
9788,Normal,0.9606910347938538
9789,Normal,0.9612358212471008
9790,Normal,0.9616265892982483
9791,Normal,0.9594186544418335
9792,Normal,0.9595689177513123
9793,Normal,0.9597676396369934
9794,Normal,0.9598186612129211
9795,Normal,0.959976077079773
9796,Normal,0.9626084566116333
9797,Normal,0.9607183933258057
9798,Normal,0.9605674743652344
9799,Normal,0.9615523815155029
9800,Normal,0.9612507224082947
9801,Normal,0.960268497467041
9802,Normal,0.9617587327957153
9803,Normal,0.9641768932342529
9804,Normal,0.9605994820594788
9805,Normal,0.9632715582847595
9806,Normal,0.9603735208511353
9807,Normal,0.9605838656425476
9808,Normal,0.9601960778236389
9809,Normal,0.9608468413352966
9810,Normal,0.9594855904579163
9811,Normal,0.9599207043647766
9812,Normal,0.9600767493247986
9813,Normal,0.9620642066001892
9814,Normal,0.9615674018859863
9815,Normal,0.961871325969696
9816,Normal,0.9598105549812317
9817,Normal,0.9605031609535217
9818,Normal,0.9604387879371643
9819,Normal,0.9617189764976501
9820,Normal,0.9613142609596252
9821,Normal,0.9601782560348511
9822,Normal,0.9641038775444031
9823,Normal,0.9601240754127502
9824,Normal,0.9604467153549194
9825,Normal,0.961183488368988
9826,Normal,0.9605892896652222
9827,Normal,0.9601271748542786
9828,Normal,0.9595947861671448
9829,Normal,0.959505558013916
9830,Normal,0.9595367312431335
9831,Normal,0.9600968360900879
9832,Normal,0.961962878704071
9833,Normal,0.9607343673706055
9834,Normal,0.9606447219848633
9835,Normal,0.9615261554718018
9836,Normal,0.9613872170448303
9837,Normal,0.9604045152664185
9838,Normal,0.9619593620300293
9839,Normal,0.9645010232925415
9840,Normal,0.9605975151062012
9841,Normal,0.9634303450584412
9842,Normal,0.9604920148849487
9843,Normal,0.9606851935386658
9844,Normal,0.9613626003265381
9845,Normal,0.9608656764030457
9846,Normal,0.9595051407814026
9847,Normal,0.9596253037452698
9848,Normal,0.9595361948013306
9849,Normal,0.9613533616065979
9850,Normal,0.9611662030220032
9851,Normal,0.9597392678260803
9852,Normal,0.9617724418640137
9853,Normal,0.9603464603424072
9854,Normal,0.9617491364479065
9855,Normal,0.9612902402877808
9856,Normal,0.9621745347976685
9857,Normal,0.960520327091217
9858,Normal,0.9614636898040771
9859,Normal,0.9627324938774109
9860,Normal,0.9613372683525085
9861,Normal,0.963473916053772
9862,Normal,0.9623546600341797
9863,Normal,0.9602929949760437
9864,Normal,0.9611544609069824
9865,Normal,0.9613242745399475
9866,Normal,0.9601889252662659
9867,Normal,0.9595575928688049
9868,Normal,0.9597362279891968
9869,Normal,0.9598580002784729
9870,Normal,0.9599442481994629
9871,Normal,0.9616358280181885
9872,Normal,0.9605398774147034
9873,Normal,0.960614800453186
9874,Normal,0.961279034614563
9875,Normal,0.9611851572990417
9876,Normal,0.9602380394935608
9877,Normal,0.9619794487953186
9878,Normal,0.9621313810348511
9879,Normal,0.9606916904449463
9880,Normal,0.9630750417709351
9881,Normal,0.9603933095932007
9882,Normal,0.9605113863945007
9883,Normal,0.9613398313522339
9884,Normal,0.9605803489685059
9885,Normal,0.959480345249176
9886,Normal,0.9598702788352966
9887,Normal,0.9599506258964539
9888,Normal,0.9615527391433716
9889,Normal,0.9612874984741211
9890,Normal,0.9613985419273376
9891,Normal,0.9604074954986572
9892,Normal,0.960331916809082
9893,Normal,0.9602711200714111
9894,Normal,0.961560070514679
9895,Normal,0.9611909985542297
9896,Normal,0.9600718021392822
9897,Normal,0.962040364742279
9898,Normal,0.9609890580177307
9899,Normal,0.9601048827171326
9900,Normal,0.9605891704559326
9901,Normal,0.9608604907989502
9902,Normal,0.9612455368041992
9903,Normal,0.9595375061035156
9904,Normal,0.9595333337783813
9905,Normal,0.9592550992965698
9906,Normal,0.959479570388794
9907,Normal,0.9614595770835876
9908,Normal,0.9605609774589539
9909,Normal,0.9606773853302002
9910,Normal,0.9614701867103577
9911,Normal,0.9612205028533936
9912,Normal,0.9602034091949463
9913,Normal,0.9616716504096985
9914,Normal,0.9630826711654663
9915,Normal,0.9620170593261719
9916,Normal,0.9606060981750488
9917,Normal,0.9632146954536438
9918,Normal,0.9603655934333801
9919,Normal,0.9605017304420471
9920,Normal,0.9606327414512634
9921,Normal,0.9603745937347412
9922,Normal,0.9595564007759094
9923,Normal,0.9593192338943481
9924,Normal,0.9594417214393616
9925,Normal,0.960331916809082
9926,Normal,0.9601517915725708
9927,Normal,0.9594811201095581
9928,Normal,0.9616177678108215
9929,Normal,0.9602915644645691
9930,Normal,0.9616360664367676
9931,Normal,0.9611655473709106
9932,Normal,0.9614899158477783
9933,Normal,0.9605937600135803
9934,Normal,0.9617292284965515
9935,Normal,0.9603210687637329
9936,Normal,0.9604212045669556
9937,Normal,0.9609060287475586
9938,Normal,0.9610240459442139
9939,Normal,0.9594679474830627
9940,Normal,0.9594852924346924
9941,Normal,0.9596670269966125
9942,Normal,0.9597232341766357
9943,Normal,0.9598793983459473
9944,Normal,0.9618186354637146
9945,Normal,0.9613617658615112
9946,Normal,0.9606387615203857
9947,Normal,0.9614601135253906
9948,Normal,0.9611722826957703
9949,Normal,0.9602247476577759
9950,Normal,0.9610795378684998
9951,Normal,0.9621259570121765
9952,Normal,0.9623467326164246
9953,Normal,0.9607259035110474
9954,Normal,0.9631744623184204
9955,Normal,0.960459291934967
9956,Normal,0.9606171250343323
9957,Normal,0.9608718156814575
9958,Normal,0.9604970812797546
9959,Normal,0.9595317244529724
9960,Normal,0.9598463773727417
9961,Normal,0.9599769711494446
9962,Normal,0.9615412354469299
9963,Normal,0.9608051180839539
9964,Normal,0.9614989161491394
9965,Normal,0.9594001173973083
9966,Normal,0.9605991840362549
9967,Normal,0.960351288318634
9968,Normal,0.9617196321487427
9969,Normal,0.9612000584602356
