Sequence,Prediction,Confidence
1,Normal,0.9660743474960327
2,Normal,0.9648596048355103
3,Normal,0.9657189846038818
4,Normal,0.9663487672805786
5,Normal,0.9668430685997009
6,Normal,0.9666963219642639
7,Normal,0.9668434262275696
8,Normal,0.9658454060554504
9,Normal,0.9656395316123962
10,Normal,0.9660031199455261
11,Normal,0.966108500957489
12,Normal,0.9655373692512512
13,Normal,0.9637145400047302
14,Normal,0.9636461138725281
15,Normal,0.9620761871337891
16,Normal,0.9616682529449463
17,Normal,0.9621335864067078
18,Normal,0.9623852372169495
19,Normal,0.962535560131073
20,Normal,0.9630876183509827
21,Normal,0.9628512859344482
22,Normal,0.9630683064460754
23,Normal,0.9616482853889465
24,Normal,0.9612286686897278
25,Normal,0.9612860679626465
26,Normal,0.9619935750961304
27,Normal,0.9601351022720337
28,Normal,0.9610727429389954
29,Normal,0.9591084718704224
30,Normal,0.9602058529853821
31,Normal,0.9588242769241333
32,Normal,0.9584286212921143
33,Normal,0.9604649543762207
34,Normal,0.9617275595664978
35,Normal,0.9618522524833679
36,Normal,0.9615452289581299
37,Normal,0.962395191192627
38,Normal,0.9629727602005005
39,Normal,0.9630271792411804
40,Normal,0.9642082452774048
41,Normal,0.9654404520988464
42,Normal,0.9654067158699036
43,Normal,0.9656916260719299
44,Normal,0.9668984413146973
45,Normal,0.9660436511039734
46,Normal,0.9668290615081787
47,Normal,0.9658258557319641
48,Normal,0.9669556617736816
49,Normal,0.965785801410675
50,Normal,0.9645270109176636
51,Normal,0.9598358273506165
52,Normal,0.9579491019248962
53,Normal,0.9569147229194641
54,Normal,0.9596671462059021
55,Normal,0.9641712307929993
56,Normal,0.9633951187133789
57,Normal,0.9641574025154114
58,Normal,0.9642243385314941
59,Normal,0.9650458693504333
60,Normal,0.964867115020752
61,Normal,0.9638891816139221
62,Normal,0.9638770222663879
63,Normal,0.9637457728385925
64,Normal,0.9645600318908691
65,Normal,0.9631262421607971
66,Normal,0.9639989733695984
67,Normal,0.9621208906173706
68,Normal,0.9638858437538147
69,Normal,0.9623362421989441
70,Normal,0.9619410634040833
71,Normal,0.9602989554405212
72,Normal,0.9493152499198914
73,Normal,0.9624435305595398
74,Normal,0.9623953104019165
75,Normal,0.9596756100654602
76,Normal,0.9617155194282532
77,Normal,0.9628385901451111
78,Normal,0.9609583616256714
79,Normal,0.9624969959259033
80,Normal,0.9605659246444702
81,Normal,0.9619931578636169
82,Normal,0.9618450999259949
83,Normal,0.96187424659729
84,Normal,0.9634450078010559
85,Normal,0.961285412311554
86,Normal,0.9630640745162964
87,Normal,0.9604840278625488
88,Normal,0.9633333086967468
89,Normal,0.9621577858924866
90,Normal,0.9607978463172913
91,Normal,0.9596179723739624
92,Normal,0.9513919949531555
93,Normal,0.9415909051895142
94,Normal,0.9465450644493103
95,Normal,0.955222487449646
96,Normal,0.9597675204277039
97,Normal,0.9598796367645264
98,Normal,0.9615436792373657
99,Normal,0.9617777466773987
100,Normal,0.9623059630393982
101,Normal,0.9620604515075684
102,Normal,0.9618772864341736
103,Normal,0.9617917537689209
104,Normal,0.9614743590354919
105,Normal,0.9625354409217834
106,Normal,0.9603720903396606
107,Normal,0.9623319506645203
108,Normal,0.9619794487953186
109,Normal,0.9600936770439148
110,Normal,0.9621084332466125
111,Normal,0.9593592882156372
112,Normal,0.95224928855896
113,Normal,0.9615598917007446
114,Normal,0.9613243937492371
115,Normal,0.9602041840553284
116,Normal,0.9606395363807678
117,Normal,0.9611217379570007
118,Normal,0.9607759714126587
119,Normal,0.9602081775665283
120,Normal,0.960092306137085
121,Normal,0.9594667553901672
122,Normal,0.9607598185539246
123,Normal,0.960908055305481
124,Normal,0.9603326916694641
125,Normal,0.960521936416626
126,Normal,0.9606111645698547
127,Normal,0.9630842208862305
128,Normal,0.9656023979187012
129,Normal,0.9600856304168701
130,Normal,0.9618382453918457
131,Normal,0.9606490135192871
132,Normal,0.9602615833282471
133,Normal,0.9568493366241455
134,Normal,0.9494144916534424
135,Normal,0.957586944103241
136,Normal,0.9597753286361694
137,Normal,0.9604882001876831
138,Normal,0.9602918028831482
139,Normal,0.9606080651283264
140,Normal,0.9605713486671448
141,Normal,0.9613264799118042
142,Normal,0.960774838924408
143,Normal,0.9601306915283203
144,Normal,0.9611449837684631
145,Normal,0.9607335925102234
146,Normal,0.9616865515708923
147,Normal,0.959511935710907
148,Normal,0.9613747596740723
149,Normal,0.9574702978134155
150,Normal,0.9613390564918518
151,Normal,0.9612283110618591
152,Normal,0.9588356018066406
153,Normal,0.9540461301803589
154,Normal,0.9604461789131165
155,Normal,0.9590592384338379
156,Normal,0.959578812122345
157,Normal,0.9594430327415466
158,Normal,0.9592798948287964
159,Normal,0.9595385193824768
160,Normal,0.958721399307251
161,Normal,0.9590685367584229
162,Normal,0.9605987071990967
163,Normal,0.9606641530990601
164,Normal,0.9597563147544861
165,Normal,0.9603855013847351
166,Normal,0.9603288769721985
167,Normal,0.9601016640663147
168,Normal,0.9599856734275818
169,Normal,0.9606320858001709
170,Normal,0.9609090089797974
171,Normal,0.9600761532783508
172,Normal,0.958229660987854
173,Normal,0.9598057270050049
174,Normal,0.95974200963974
175,Normal,0.9586978554725647
176,Normal,0.9585853219032288
177,Normal,0.9590394496917725
178,Normal,0.9593056440353394
179,Normal,0.9591098427772522
180,Normal,0.9594191908836365
181,Normal,0.9596900939941406
182,Normal,0.960588276386261
183,Normal,0.9612035751342773
184,Normal,0.9599311351776123
185,Normal,0.9602428078651428
186,Normal,0.960217297077179
187,Normal,0.9598883390426636
188,Normal,0.9596869349479675
189,Normal,0.9599373936653137
190,Normal,0.9599469900131226
191,Normal,0.9602314829826355
192,Normal,0.9592727422714233
193,Normal,0.9593870639801025
194,Normal,0.9595500230789185
195,Normal,0.9592501521110535
196,Normal,0.9590132832527161
197,Normal,0.9588174819946289
198,Normal,0.9582427144050598
199,Normal,0.9588857889175415
200,Normal,0.9602580666542053
201,Normal,0.9608293175697327
202,Normal,0.9597339034080505
203,Normal,0.9602347612380981
204,Normal,0.9602506756782532
205,Normal,0.9602707028388977
206,Normal,0.9605217576026917
207,Normal,0.9600938558578491
208,Normal,0.960623562335968
209,Normal,0.9606911540031433
210,Normal,0.9602699279785156
211,Normal,0.9597812294960022
212,Normal,0.9603938460350037
213,Normal,0.9596754908561707
214,Normal,0.959604024887085
215,Normal,0.959296464920044
216,Normal,0.9591432213783264
217,Normal,0.9591357707977295
218,Normal,0.9584065079689026
219,Normal,0.9587776064872742
220,Normal,0.9590728878974915
221,Normal,0.9602386951446533
222,Normal,0.9611435532569885
223,Normal,0.9600399136543274
224,Normal,0.9602118730545044
225,Normal,0.9602358341217041
226,Normal,0.9598029851913452
227,Normal,0.9601230025291443
228,Normal,0.9601151943206787
229,Normal,0.9604347348213196
230,Normal,0.9617149829864502
231,Normal,0.9592389464378357
232,Normal,0.9594700336456299
233,Normal,0.9587602019309998
234,Normal,0.9592060446739197
235,Normal,0.9595676064491272
236,Normal,0.9588994979858398
237,Normal,0.9585378766059875
238,Normal,0.95908123254776
239,Normal,0.9603970050811768
240,Normal,0.960680365562439
241,Normal,0.959723949432373
242,Normal,0.9602091312408447
243,Normal,0.9603511691093445
244,Normal,0.9604089856147766
245,Normal,0.9602147340774536
246,Normal,0.9607141017913818
247,Normal,0.9608906507492065
248,Normal,0.9605570435523987
249,Normal,0.961218535900116
250,Normal,0.9593176245689392
251,Normal,0.959658145904541
252,Normal,0.9587186574935913
253,Normal,0.9583496451377869
254,Normal,0.9588990211486816
255,Normal,0.9593616127967834
256,Normal,0.9603850245475769
257,Normal,0.9595848321914673
258,Normal,0.9592401385307312
259,Normal,0.9605516195297241
260,Normal,0.9606647491455078
261,Normal,0.9598398804664612
262,Normal,0.9603736996650696
263,Normal,0.9602548480033875
264,Normal,0.9600318074226379
265,Normal,0.9599384069442749
266,Normal,0.9601569175720215
267,Normal,0.9589501023292542
268,Normal,0.9617969989776611
269,Normal,0.9593271613121033
270,Normal,0.9593198895454407
271,Normal,0.9585801959037781
272,Normal,0.9598352909088135
273,Normal,0.9593629240989685
274,Normal,0.9589798450469971
275,Normal,0.9581987261772156
276,Normal,0.9588894844055176
277,Normal,0.960732638835907
278,Normal,0.9604848623275757
279,Normal,0.9596856832504272
280,Normal,0.9601858258247375
281,Normal,0.9603523015975952
282,Normal,0.9603368639945984
283,Normal,0.9607305526733398
284,Normal,0.9619292616844177
285,Normal,0.9612711071968079
286,Normal,0.9611949920654297
287,Normal,0.9607136845588684
288,Normal,0.9611153602600098
289,Normal,0.961175262928009
290,Normal,0.9597265720367432
291,Normal,0.9590607285499573
292,Normal,0.958302915096283
293,Normal,0.958953857421875
294,Normal,0.9596298336982727
295,Normal,0.9611184000968933
296,Normal,0.9598191380500793
297,Normal,0.9597577452659607
298,Normal,0.9608160257339478
299,Normal,0.9607310891151428
300,Normal,0.9599366784095764
301,Normal,0.9606425166130066
302,Normal,0.9603687524795532
303,Normal,0.9604556560516357
304,Normal,0.9607584476470947
305,Normal,0.9603217244148254
306,Normal,0.9603807330131531
307,Normal,0.9628680944442749
308,Normal,0.9599483013153076
309,Normal,0.9596753716468811
310,Normal,0.9588067531585693
311,Normal,0.9582372307777405
312,Normal,0.9596452116966248
313,Normal,0.9590989947319031
314,Normal,0.9590405821800232
315,Normal,0.958989143371582
316,Normal,0.9592055082321167
317,Normal,0.9604275822639465
318,Normal,0.9605532884597778
319,Normal,0.9598933458328247
320,Normal,0.9602888226509094
321,Normal,0.9603189826011658
322,Normal,0.9599785208702087
323,Normal,0.9600357413291931
324,Normal,0.9607850909233093
325,Normal,0.9600409269332886
326,Normal,0.9606112837791443
327,Normal,0.9607890844345093
328,Normal,0.960702121257782
329,Normal,0.9619264006614685
330,Normal,0.9608832597732544
331,Normal,0.9597023129463196
332,Normal,0.9594131708145142
333,Normal,0.9592312574386597
334,Normal,0.9594132900238037
335,Normal,0.9590871930122375
336,Normal,0.9583807587623596
337,Normal,0.9587608575820923
338,Normal,0.9592353105545044
339,Normal,0.9611433148384094
340,Normal,0.9613011479377747
341,Normal,0.9602065086364746
342,Normal,0.9606725573539734
343,Normal,0.9603362083435059
344,Normal,0.9602536559104919
345,Normal,0.9602006077766418
346,Normal,0.9602110385894775
347,Normal,0.9614912271499634
348,Normal,0.9630733728408813
349,Normal,0.9593657851219177
350,Normal,0.959526538848877
351,Normal,0.9585809707641602
352,Normal,0.9593651294708252
353,Normal,0.959111213684082
354,Normal,0.9590267539024353
355,Normal,0.9582267999649048
356,Normal,0.9589048624038696
357,Normal,0.9604933857917786
358,Normal,0.9606510996818542
359,Normal,0.9597275257110596
360,Normal,0.9600143432617188
361,Normal,0.9603325724601746
362,Normal,0.960350751876831
363,Normal,0.961118221282959
364,Normal,0.9608152508735657
365,Normal,0.9611556529998779
366,Normal,0.9610167741775513
367,Normal,0.9623219966888428
368,Normal,0.9603896737098694
369,Normal,0.9597133994102478
370,Normal,0.9589604139328003
371,Normal,0.9583274126052856
372,Normal,0.9589242339134216
373,Normal,0.9594118595123291
374,Normal,0.9593487977981567
375,Normal,0.9595990777015686
376,Normal,0.9593735933303833
377,Normal,0.9602705836296082
378,Normal,0.9606663584709167
379,Normal,0.959858775138855
380,Normal,0.9604127407073975
381,Normal,0.9602269530296326
382,Normal,0.9604004621505737
383,Normal,0.9609627723693848
384,Normal,0.9602804780006409
385,Normal,0.960385799407959
386,Normal,0.9629091024398804
387,Normal,0.9593707323074341
388,Normal,0.9594692587852478
389,Normal,0.9588717222213745
390,Normal,0.9591230154037476
391,Normal,0.9594242572784424
392,Normal,0.95903080701828
393,Normal,0.9585511684417725
394,Normal,0.9590358734130859
395,Normal,0.9605453610420227
396,Normal,0.960634708404541
397,Normal,0.9597203135490417
398,Normal,0.960011899471283
399,Normal,0.9602971076965332
400,Normal,0.9603516459465027
401,Normal,0.9606749415397644
402,Normal,0.9608110785484314
403,Normal,0.9607250094413757
404,Normal,0.9609956741333008
405,Normal,0.9609662890434265
406,Normal,0.9625239372253418
407,Normal,0.9601016640663147
408,Normal,0.9596661925315857
409,Normal,0.9588568210601807
410,Normal,0.958378791809082
411,Normal,0.9589617252349854
412,Normal,0.9595732092857361
413,Normal,0.9597784876823425
414,Normal,0.9591553807258606
415,Normal,0.959053635597229
416,Normal,0.9603163003921509
417,Normal,0.961354672908783
418,Normal,0.960048496723175
419,Normal,0.9605842232704163
420,Normal,0.960331916809082
421,Normal,0.9604330062866211
422,Normal,0.9608086347579956
423,Normal,0.9603216052055359
424,Normal,0.9602116942405701
425,Normal,0.9631588459014893
426,Normal,0.9594006538391113
427,Normal,0.9596097469329834
428,Normal,0.9587972164154053
429,Normal,0.9591846466064453
430,Normal,0.9589261412620544
431,Normal,0.959433913230896
432,Normal,0.9583399295806885
433,Normal,0.9590468406677246
434,Normal,0.9606088399887085
435,Normal,0.9611612558364868
436,Normal,0.9600672721862793
437,Normal,0.9599860906600952
438,Normal,0.9603947401046753
439,Normal,0.9602259397506714
440,Normal,0.9602124691009521
441,Normal,0.9606500864028931
442,Normal,0.9612346291542053
443,Normal,0.9611105918884277
444,Normal,0.9627130627632141
445,Normal,0.9596260786056519
446,Normal,0.9597621560096741
447,Normal,0.9591166973114014
448,Normal,0.9595389366149902
449,Normal,0.9592209458351135
450,Normal,0.9591641426086426
451,Normal,0.958480179309845
452,Normal,0.9588545560836792
453,Normal,0.9592795372009277
454,Normal,0.9604235291481018
455,Normal,0.9611403346061707
456,Normal,0.9601580500602722
457,Normal,0.960391640663147
458,Normal,0.9603378772735596
459,Normal,0.9604606032371521
460,Normal,0.9600909948348999
461,Normal,0.9603028297424316
462,Normal,0.9591415524482727
463,Normal,0.962568998336792
464,Normal,0.9593327641487122
465,Normal,0.9594363570213318
466,Normal,0.9588385224342346
467,Normal,0.9592078924179077
468,Normal,0.9586670398712158
469,Normal,0.9586905837059021
470,Normal,0.9583607316017151
471,Normal,0.9589295387268066
472,Normal,0.9607965350151062
473,Normal,0.9610531330108643
474,Normal,0.9600038528442383
475,Normal,0.960148274898529
476,Normal,0.9604749083518982
477,Normal,0.9604471921920776
478,Normal,0.960141122341156
479,Normal,0.9622904062271118
480,Normal,0.9613906145095825
481,Normal,0.9615256190299988
482,Normal,0.9612168669700623
483,Normal,0.9625492691993713
484,Normal,0.958870530128479
485,Normal,0.9596884846687317
486,Normal,0.9595661759376526
487,Normal,0.959639847278595
488,Normal,0.9590859413146973
489,Normal,0.9592024087905884
490,Normal,0.9584843516349792
491,Normal,0.9589094519615173
492,Normal,0.9592807292938232
493,Normal,0.9608942866325378
494,Normal,0.9624298810958862
495,Normal,0.96051424741745
496,Normal,0.9608030319213867
497,Normal,0.9605566263198853
498,Normal,0.9607559442520142
499,Normal,0.9610345363616943
500,Normal,0.9600033164024353
501,Normal,0.9586241245269775
502,Normal,0.9630457162857056
503,Normal,0.9595515727996826
504,Normal,0.9596943855285645
505,Normal,0.9588443636894226
506,Normal,0.9595491290092468
507,Normal,0.9587962627410889
508,Normal,0.9581857919692993
509,Normal,0.9587782621383667
510,Normal,0.959155797958374
511,Normal,0.9597097635269165
512,Normal,0.9608602523803711
513,Normal,0.9620496034622192
514,Normal,0.9606044292449951
515,Normal,0.9602981805801392
516,Normal,0.9605547189712524
517,Normal,0.9608705043792725
518,Normal,0.9601202607154846
519,Normal,0.9608096480369568
520,Normal,0.960543155670166
521,Normal,0.960643470287323
522,Normal,0.9613208770751953
523,Normal,0.9612973928451538
524,Normal,0.9626418352127075
525,Normal,0.9594003558158875
526,Normal,0.9597590565681458
527,Normal,0.9590811133384705
528,Normal,0.958462119102478
529,Normal,0.9589200019836426
530,Normal,0.9593465924263
531,Normal,0.9596284031867981
532,Normal,0.9591447710990906
533,Normal,0.9593686461448669
534,Normal,0.9619475603103638
535,Normal,0.9624097943305969
536,Normal,0.9604434370994568
537,Normal,0.9607993960380554
538,Normal,0.9606702327728271
539,Normal,0.9606757164001465
540,Normal,0.960762083530426
541,Normal,0.9606300592422485
542,Normal,0.9605000615119934
543,Normal,0.9638263583183289
544,Normal,0.9594566226005554
545,Normal,0.959703266620636
546,Normal,0.9588515758514404
547,Normal,0.9580795168876648
548,Normal,0.9590467214584351
549,Normal,0.959322452545166
550,Normal,0.9591468572616577
551,Normal,0.9593997001647949
552,Normal,0.9610733985900879
553,Normal,0.9618927240371704
554,Normal,0.960329532623291
555,Normal,0.9602622389793396
556,Normal,0.9605372548103333
557,Normal,0.9605185389518738
558,Normal,0.9608971476554871
559,Normal,0.9610944390296936
560,Normal,0.961982786655426
561,Normal,0.9617865681648254
562,Normal,0.963225781917572
563,Normal,0.9601671695709229
564,Normal,0.9599019289016724
565,Normal,0.9601379632949829
566,Normal,0.9591398239135742
567,Normal,0.959259033203125
568,Normal,0.9591270685195923
569,Normal,0.9585539102554321
570,Normal,0.9588886499404907
571,Normal,0.9594150185585022
572,Normal,0.9606788158416748
573,Normal,0.9612075090408325
574,Normal,0.9603121280670166
575,Normal,0.9606143236160278
576,Normal,0.9604085683822632
577,Normal,0.9606710076332092
578,Normal,0.9605059027671814
579,Normal,0.9605309963226318
580,Normal,0.960317075252533
581,Normal,0.9633941650390625
582,Normal,0.9594647288322449
583,Normal,0.9595304727554321
584,Normal,0.958905816078186
585,Normal,0.9605652689933777
586,Normal,0.9590352177619934
587,Normal,0.9590588808059692
588,Normal,0.9583057761192322
589,Normal,0.9592145085334778
590,Normal,0.9607266783714294
591,Normal,0.9609829783439636
592,Normal,0.9602183699607849
593,Normal,0.9599395990371704
594,Normal,0.9605609774589539
595,Normal,0.9608521461486816
596,Normal,0.9606747627258301
597,Normal,0.9610626101493835
598,Normal,0.9609593152999878
599,Normal,0.9614557027816772
600,Normal,0.9613503813743591
601,Normal,0.9627265334129333
602,Normal,0.9597969651222229
603,Normal,0.9597548842430115
604,Normal,0.9591811299324036
605,Normal,0.9584529399871826
606,Normal,0.9590129256248474
607,Normal,0.9597196578979492
608,Normal,0.9601337313652039
609,Normal,0.959708571434021
610,Normal,0.9595733880996704
611,Normal,0.9607424139976501
612,Normal,0.9609582424163818
613,Normal,0.9603865742683411
614,Normal,0.9605880379676819
615,Normal,0.9605254530906677
616,Normal,0.960595428943634
617,Normal,0.9609140753746033
618,Normal,0.9607884883880615
619,Normal,0.9596400260925293
620,Normal,0.9633245468139648
621,Normal,0.9597915410995483
622,Normal,0.9591386914253235
623,Normal,0.9583930969238281
624,Normal,0.9588901400566101
625,Normal,0.9591879844665527
626,Normal,0.9593468904495239
627,Normal,0.9598903059959412
628,Normal,0.9595822095870972
629,Normal,0.9609335660934448
630,Normal,0.9609249830245972
631,Normal,0.9602555632591248
632,Normal,0.9601529836654663
633,Normal,0.9605086445808411
634,Normal,0.9602632522583008
635,Normal,0.9611954092979431
636,Normal,0.9609764218330383
637,Normal,0.9616290926933289
638,Normal,0.961493194103241
639,Normal,0.9633094072341919
640,Normal,0.9599140286445618
641,Normal,0.9598013162612915
642,Normal,0.9589335918426514
643,Normal,0.9583808779716492
644,Normal,0.9590064883232117
645,Normal,0.9596157670021057
646,Normal,0.9602537751197815
647,Normal,0.9596421122550964
648,Normal,0.9593651294708252
649,Normal,0.9607455730438232
650,Normal,0.961398184299469
651,Normal,0.9604077935218811
652,Normal,0.9605703353881836
653,Normal,0.9605500102043152
654,Normal,0.9604753255844116
655,Normal,0.9608689546585083
656,Normal,0.9607886075973511
657,Normal,0.9597859382629395
658,Normal,0.9635257124900818
659,Normal,0.9596140384674072
660,Normal,0.9594992399215698
661,Normal,0.9590279459953308
662,Normal,0.9589262008666992
663,Normal,0.9590155482292175
664,Normal,0.9593754410743713
665,Normal,0.9584105610847473
666,Normal,0.9592986106872559
667,Normal,0.9607230424880981
668,Normal,0.9612796902656555
669,Normal,0.9604002237319946
670,Normal,0.9599312543869019
671,Normal,0.9605860710144043
672,Normal,0.9601008892059326
673,Normal,0.9617472887039185
674,Normal,0.9627499580383301
675,Normal,0.9616628289222717
676,Normal,0.961793065071106
677,Normal,0.9616280198097229
678,Normal,0.9632296562194824
679,Normal,0.9594312906265259
680,Normal,0.9597505927085876
681,Normal,0.9592496156692505
682,Normal,0.9585080146789551
683,Normal,0.9591171145439148
684,Normal,0.9598268270492554
685,Normal,0.9601600170135498
686,Normal,0.9597392082214355
687,Normal,0.9592233896255493
688,Normal,0.9608052372932434
689,Normal,0.9614895582199097
690,Normal,0.9605697989463806
691,Normal,0.9606074094772339
692,Normal,0.9606320858001709
693,Normal,0.9608623385429382
694,Normal,0.9610462784767151
695,Normal,0.9614194631576538
696,Normal,0.961113452911377
697,Normal,0.9592306017875671
698,Normal,0.9636150002479553
699,Normal,0.9599223732948303
700,Normal,0.9592998623847961
701,Normal,0.9584932327270508
702,Normal,0.961026132106781
703,Normal,0.959540605545044
704,Normal,0.9594064950942993
705,Normal,0.9593214392662048
706,Normal,0.959755003452301
707,Normal,0.9610348343849182
708,Normal,0.9612767100334167
709,Normal,0.9607162475585938
710,Normal,0.9602302312850952
711,Normal,0.9607284069061279
712,Normal,0.9609633088111877
713,Normal,0.9601180553436279
714,Normal,0.9608872532844543
715,Normal,0.9612069725990295
716,Normal,0.9611163139343262
717,Normal,0.9615639448165894
718,Normal,0.9616498351097107
719,Normal,0.9634341597557068
720,Normal,0.9595420360565186
721,Normal,0.9598284363746643
722,Normal,0.9599747657775879
723,Normal,0.9594042897224426
724,Normal,0.9602758884429932
725,Normal,0.9596266746520996
726,Normal,0.9586432576179504
727,Normal,0.9591288566589355
728,Normal,0.9597745537757874
729,Normal,0.9609335660934448
730,Normal,0.9620776176452637
731,Normal,0.9609134197235107
732,Normal,0.9608399271965027
733,Normal,0.9607630968093872
734,Normal,0.9607304334640503
735,Normal,0.9617307782173157
736,Normal,0.9612582921981812
737,Normal,0.961397111415863
738,Normal,0.9641020894050598
739,Normal,0.9598444700241089
740,Normal,0.9596958160400391
741,Normal,0.95921790599823
742,Normal,0.9584132432937622
743,Normal,0.960262656211853
744,Normal,0.9590586423873901
745,Normal,0.9595021605491638
746,Normal,0.9599643349647522
747,Normal,0.9606871604919434
748,Normal,0.9615723490715027
749,Normal,0.9606235027313232
750,Normal,0.9601414799690247
751,Normal,0.9607902765274048
752,Normal,0.9602090716362
753,Normal,0.9608477354049683
754,Normal,0.9608698487281799
755,Normal,0.9615909457206726
756,Normal,0.9617128968238831
757,Normal,0.9630783796310425
758,Normal,0.9600148797035217
759,Normal,0.959770679473877
760,Normal,0.9593200087547302
761,Normal,0.959924042224884
762,Normal,0.9594044089317322
763,Normal,0.959610641002655
764,Normal,0.9586623311042786
765,Normal,0.9590942859649658
766,Normal,0.9596987962722778
767,Normal,0.9604254961013794
768,Normal,0.9614965915679932
769,Normal,0.9605921506881714
770,Normal,0.9604297876358032
771,Normal,0.9605915546417236
772,Normal,0.9605215191841125
773,Normal,0.9605925679206848
774,Normal,0.9607762694358826
775,Normal,0.9597225189208984
776,Normal,0.9632234573364258
777,Normal,0.9597208499908447
778,Normal,0.9591751098632812
779,Normal,0.9584559798240662
780,Normal,0.9595751762390137
781,Normal,0.9590660929679871
782,Normal,0.9589985609054565
783,Normal,0.9592378735542297
784,Normal,0.9596471786499023
785,Normal,0.9608612656593323
786,Normal,0.9614318013191223
787,Normal,0.9604703783988953
788,Normal,0.9601327776908875
789,Normal,0.9607445001602173
790,Normal,0.9608873724937439
791,Normal,0.9606979489326477
792,Normal,0.9606040120124817
793,Normal,0.9608162641525269
794,Normal,0.9614604711532593
795,Normal,0.9614368677139282
796,Normal,0.9630166888237
797,Normal,0.9599520564079285
798,Normal,0.9597273468971252
799,Normal,0.9596234560012817
800,Normal,0.9597894549369812
801,Normal,0.959384560585022
802,Normal,0.9593551158905029
803,Normal,0.9586370587348938
804,Normal,0.9589934349060059
805,Normal,0.9595075249671936
806,Normal,0.9606547355651855
807,Normal,0.9623191356658936
808,Normal,0.960660994052887
809,Normal,0.9606976509094238
810,Normal,0.9605926871299744
811,Normal,0.9606923460960388
812,Normal,0.9603456854820251
813,Normal,0.9608113765716553
814,Normal,0.9600657224655151
815,Normal,0.9632987976074219
816,Normal,0.9594735503196716
817,Normal,0.9595750570297241
818,Normal,0.9589110016822815
819,Normal,0.9588263630867004
820,Normal,0.9590610861778259
821,Normal,0.959401547908783
822,Normal,0.958415150642395
823,Normal,0.9593572020530701
824,Normal,0.9605673551559448
825,Normal,0.9619346857070923
826,Normal,0.9604895114898682
827,Normal,0.9600026607513428
828,Normal,0.9607121348381042
829,Normal,0.9602358341217041
830,Normal,0.9611005783081055
831,Normal,0.9609459042549133
832,Normal,0.9616212844848633
833,Normal,0.9616263508796692
834,Normal,0.9629685878753662
835,Normal,0.9595417976379395
836,Normal,0.9598103165626526
837,Normal,0.959648847579956
838,Normal,0.9600116610527039
839,Normal,0.95928555727005
840,Normal,0.9594054818153381
841,Normal,0.9586108326911926
842,Normal,0.9589163661003113
843,Normal,0.9595215916633606
844,Normal,0.9604420065879822
845,Normal,0.9620393514633179
846,Normal,0.9606353640556335
847,Normal,0.9605262279510498
848,Normal,0.9606383442878723
849,Normal,0.9606183171272278
850,Normal,0.9609092473983765
851,Normal,0.9609224796295166
852,Normal,0.9596619009971619
853,Normal,0.96317458152771
854,Normal,0.9596981406211853
855,Normal,0.9592546224594116
856,Normal,0.9584973454475403
857,Normal,0.9600120186805725
858,Normal,0.9598889946937561
859,Normal,0.9598149657249451
860,Normal,0.9592885375022888
861,Normal,0.9597603678703308
862,Normal,0.9607439637184143
863,Normal,0.9618403911590576
864,Normal,0.9606328010559082
865,Normal,0.9601770639419556
866,Normal,0.9607701301574707
867,Normal,0.960359513759613
868,Normal,0.9610298871994019
869,Normal,0.962785542011261
870,Normal,0.961641788482666
871,Normal,0.9618802666664124
872,Normal,0.9619446992874146
873,Normal,0.9634496569633484
874,Normal,0.9594455361366272
875,Normal,0.9598204493522644
876,Normal,0.9600178599357605
877,Normal,0.9600669741630554
878,Normal,0.9593412280082703
879,Normal,0.9594871401786804
880,Normal,0.9587440490722656
881,Normal,0.9591257572174072
882,Normal,0.9595462679862976
883,Normal,0.9610028266906738
884,Normal,0.9615544676780701
885,Normal,0.9607088565826416
886,Normal,0.9608480334281921
887,Normal,0.960759699344635
888,Normal,0.9610511660575867
889,Normal,0.9610776901245117
890,Normal,0.9608156681060791
891,Normal,0.9589685201644897
892,Normal,0.9636427164077759
893,Normal,0.9604309797286987
894,Normal,0.9603308439254761
895,Normal,0.9595008492469788
896,Normal,0.9597446918487549
897,Normal,0.9589762091636658
898,Normal,0.9583809971809387
899,Normal,0.9589666724205017
900,Normal,0.9592483639717102
901,Normal,0.9600684642791748
902,Normal,0.9609786868095398
903,Normal,0.9614335894584656
904,Normal,0.9607527256011963
905,Normal,0.960440993309021
906,Normal,0.9608295559883118
907,Normal,0.9610196352005005
908,Normal,0.9601817727088928
909,Normal,0.9608411192893982
910,Normal,0.9610850811004639
911,Normal,0.9609336853027344
912,Normal,0.961492121219635
913,Normal,0.9616844654083252
914,Normal,0.9630718231201172
915,Normal,0.9630600214004517
916,Normal,0.9598438143730164
917,Normal,0.9592958688735962
918,Normal,0.9586174488067627
919,Normal,0.9591153264045715
920,Normal,0.9594542384147644
921,Normal,0.9611804485321045
922,Normal,0.9597386121749878
923,Normal,0.9599618911743164
924,Normal,0.9613071084022522
925,Normal,0.9612804651260376
926,Normal,0.960378885269165
927,Normal,0.9607146978378296
928,Normal,0.9606996178627014
929,Normal,0.9607686996459961
930,Normal,0.9611848592758179
931,Normal,0.9608896374702454
932,Normal,0.9613633751869202
933,Normal,0.963887631893158
934,Normal,0.9598466753959656
935,Normal,0.959203839302063
936,Normal,0.9585904479026794
937,Normal,0.9589806199073792
938,Normal,0.959473192691803
939,Normal,0.9602058529853821
940,Normal,0.9599969387054443
941,Normal,0.9598711729049683
942,Normal,0.9608504772186279
943,Normal,0.9610511660575867
944,Normal,0.9603641629219055
945,Normal,0.9601410031318665
946,Normal,0.9606127142906189
947,Normal,0.9603244662284851
948,Normal,0.9612428545951843
949,Normal,0.9610977172851562
950,Normal,0.9617886543273926
951,Normal,0.9618948698043823
952,Normal,0.9633836150169373
953,Normal,0.960149884223938
954,Normal,0.9597388505935669
955,Normal,0.9590292572975159
956,Normal,0.9585386514663696
957,Normal,0.9590983390808105
958,Normal,0.9596673846244812
959,Normal,0.9597569704055786
960,Normal,0.9601216912269592
961,Normal,0.9594044089317322
962,Normal,0.9604934453964233
963,Normal,0.9613484144210815
964,Normal,0.9604889750480652
965,Normal,0.9605773687362671
966,Normal,0.9606388807296753
967,Normal,0.9606093764305115
968,Normal,0.9609110355377197
969,Normal,0.960716962814331
970,Normal,0.9603312611579895
971,Normal,0.9638335704803467
972,Normal,0.9595746994018555
973,Normal,0.9595248103141785
974,Normal,0.9589400291442871
975,Normal,0.9584038257598877
976,Normal,0.9597477316856384
977,Normal,0.9594030976295471
978,Normal,0.959022045135498
979,Normal,0.9596045613288879
980,Normal,0.9608858227729797
981,Normal,0.9615604281425476
982,Normal,0.9606741666793823
983,Normal,0.9601387977600098
984,Normal,0.9607921242713928
985,Normal,0.9607691168785095
986,Normal,0.9606403112411499
987,Normal,0.9617505073547363
988,Normal,0.9611554145812988
989,Normal,0.9615767598152161
990,Normal,0.9597433805465698
991,Normal,0.9610088467597961
992,Normal,0.9632389545440674
993,Normal,0.959479033946991
994,Normal,0.9599660634994507
995,Normal,0.9587969779968262
996,Normal,0.959257185459137
997,Normal,0.9598381519317627
998,Normal,0.9607530832290649
999,Normal,0.9606552720069885
1000,Normal,0.9594044089317322
1001,Normal,0.9609271883964539
1002,Normal,0.961741030216217
1003,Normal,0.9610086679458618
1004,Normal,0.960680365562439
1005,Normal,0.9608733654022217
1006,Normal,0.9606930017471313
1007,Normal,0.9622167944908142
1008,Normal,0.9612483978271484
1009,Normal,0.9599792957305908
1010,Normal,0.9636417031288147
1011,Normal,0.9597666263580322
1012,Normal,0.9595714211463928
1013,Normal,0.9588739275932312
1014,Normal,0.9592194557189941
1015,Normal,0.9599149823188782
1016,Normal,0.9603650569915771
1017,Normal,0.9596176743507385
1018,Normal,0.960273027420044
1019,Normal,0.9609660506248474
1020,Normal,0.9619133472442627
1021,Normal,0.9612929821014404
1022,Normal,0.9605778455734253
1023,Normal,0.9608850479125977
1024,Normal,0.9604994058609009
1025,Normal,0.9625005125999451
1026,Normal,0.9614899158477783
1027,Normal,0.962051510810852
1028,Normal,0.9598826169967651
1029,Normal,0.9612564444541931
1030,Normal,0.9637436866760254
1031,Normal,0.9594469666481018
1032,Normal,0.9598058462142944
1033,Normal,0.9589091539382935
1034,Normal,0.9593976140022278
1035,Normal,0.9604899287223816
1036,Normal,0.9604856371879578
1037,Normal,0.9599535465240479
1038,Normal,0.960419237613678
1039,Normal,0.9606590270996094
1040,Normal,0.9623613953590393
1041,Normal,0.9610651135444641
1042,Normal,0.9607468247413635
1043,Normal,0.960928201675415
1044,Normal,0.9606117010116577
1045,Normal,0.9622591733932495
1046,Normal,0.9613813757896423
1047,Normal,0.9597361087799072
1048,Normal,0.9638552665710449
1049,Normal,0.9597590565681458
1050,Normal,0.9594302773475647
1051,Normal,0.9586712121963501
1052,Normal,0.9594088792800903
1053,Normal,0.9594405293464661
1054,Normal,0.9592080116271973
1055,Normal,0.9595539569854736
1056,Normal,0.9607372283935547
1057,Normal,0.9606866240501404
1058,Normal,0.9624989032745361
1059,Normal,0.9611881375312805
1060,Normal,0.9605312943458557
1061,Normal,0.9609478712081909
1062,Normal,0.9604343175888062
1063,Normal,0.9612537622451782
1064,Normal,0.9629371762275696
1065,Normal,0.9616523385047913
1066,Normal,0.9619160294532776
1067,Normal,0.9622100591659546
1068,Normal,0.9633899331092834
1069,Normal,0.9608651995658875
1070,Normal,0.9597761034965515
1071,Normal,0.9601646661758423
1072,Normal,0.9597093462944031
1073,Normal,0.9594430327415466
1074,Normal,0.9600409269332886
1075,Normal,0.9588059782981873
1076,Normal,0.9591598510742188
1077,Normal,0.9596972465515137
1078,Normal,0.9606724381446838
1079,Normal,0.9621617197990417
1080,Normal,0.9610356092453003
1081,Normal,0.9609213471412659
1082,Normal,0.960843563079834
1083,Normal,0.9612340927124023
1084,Normal,0.9611912369728088
1085,Normal,0.9608947038650513
1086,Normal,0.9610785841941833
1087,Normal,0.960274875164032
1088,Normal,0.9636680483818054
1089,Normal,0.9597393870353699
1090,Normal,0.9594812393188477
1091,Normal,0.958867609500885
1092,Normal,0.9594191908836365
1093,Normal,0.9594514966011047
1094,Normal,0.9600360989570618
1095,Normal,0.9593652486801147
1096,Normal,0.9600401520729065
1097,Normal,0.9608221054077148
1098,Normal,0.961881160736084
1099,Normal,0.9609716534614563
1100,Normal,0.9604613780975342
1101,Normal,0.9608092904090881
1102,Normal,0.9609501957893372
1103,Normal,0.9600702524185181
1104,Normal,0.9607803821563721
1105,Normal,0.9603347778320312
1106,Normal,0.9609462022781372
1107,Normal,0.9615478515625
1108,Normal,0.9596253037452698
1109,Normal,0.9609937071800232
1110,Normal,0.9632269740104675
1111,Normal,0.9601587057113647
1112,Normal,0.9596616625785828
1113,Normal,0.9588826298713684
1114,Normal,0.9593182802200317
1115,Normal,0.959876537322998
1116,Normal,0.9600862860679626
1117,Normal,0.9604805707931519
1118,Normal,0.959873378276825
1119,Normal,0.9606267809867859
1120,Normal,0.9628838896751404
1121,Normal,0.9611161351203918
1122,Normal,0.9608016014099121
1123,Normal,0.9607875347137451
1124,Normal,0.9607194066047668
1125,Normal,0.9605945348739624
1126,Normal,0.9610114097595215
1127,Normal,0.9604085683822632
1128,Normal,0.9638674855232239
1129,Normal,0.9598067998886108
1130,Normal,0.9594151377677917
1131,Normal,0.9586079120635986
1132,Normal,0.9596090912818909
1133,Normal,0.959829568862915
1134,Normal,0.95903080701828
1135,Normal,0.9593675136566162
1136,Normal,0.9604578614234924
1137,Normal,0.960595965385437
1138,Normal,0.9627748131752014
1139,Normal,0.9611717462539673
1140,Normal,0.9603747129440308
1141,Normal,0.9608135223388672
1142,Normal,0.9603265523910522
1143,Normal,0.961377739906311
1144,Normal,0.9612138271331787
1145,Normal,0.9618388414382935
1146,Normal,0.9597681760787964
1147,Normal,0.9610050320625305
1148,Normal,0.9630947113037109
1149,Normal,0.9604976177215576
1150,Normal,0.9599812626838684
1151,Normal,0.9588308930397034
1152,Normal,0.959308385848999
1153,Normal,0.9599480628967285
1154,Normal,0.9612094163894653
1155,Normal,0.9597926735877991
1156,Normal,0.9596938490867615
1157,Normal,0.9604114294052124
1158,Normal,0.9622279405593872
1159,Normal,0.9609821438789368
1160,Normal,0.9605610966682434
1161,Normal,0.9608272314071655
1162,Normal,0.9606289863586426
1163,Normal,0.9611299633979797
1164,Normal,0.9610885977745056
1165,Normal,0.9607848525047302
1166,Normal,0.9634241461753845
1167,Normal,0.960838794708252
1168,Normal,0.9606331586837769
1169,Normal,0.9594964385032654
1170,Normal,0.9594670534133911
1171,Normal,0.9594166874885559
1172,Normal,0.9588035941123962
1173,Normal,0.9591193199157715
1174,Normal,0.9599209427833557
1175,Normal,0.9610210657119751
1176,Normal,0.9626052379608154
1177,Normal,0.9612163305282593
1178,Normal,0.9604271650314331
1179,Normal,0.9608666300773621
1180,Normal,0.9603373408317566
1181,Normal,0.9614681005477905
1182,Normal,0.9614156484603882
1183,Normal,0.9612208604812622
1184,Normal,0.961747407913208
1185,Normal,0.9598016738891602
1186,Normal,0.9610784649848938
1187,Normal,0.9632996320724487
1188,Normal,0.960943341255188
1189,Normal,0.9601004719734192
1190,Normal,0.9590563774108887
1191,Normal,0.9595961570739746
1192,Normal,0.9604998230934143
1193,Normal,0.9606903791427612
1194,Normal,0.9593894481658936
1195,Normal,0.9590556025505066
1196,Normal,0.960634171962738
1197,Normal,0.9618180990219116
1198,Normal,0.9611451625823975
1199,Normal,0.960917592048645
1200,Normal,0.9608837962150574
1201,Normal,0.9607745409011841
1202,Normal,0.9614295959472656
1203,Normal,0.9608720541000366
1204,Normal,0.9636749029159546
1205,Normal,0.9601739645004272
1206,Normal,0.9593945145606995
1207,Normal,0.9601569175720215
1208,Normal,0.9596236944198608
1209,Normal,0.9595244526863098
1210,Normal,0.9587063789367676
1211,Normal,0.9592731595039368
1212,Normal,0.9603981375694275
1213,Normal,0.9606797099113464
1214,Normal,0.9607295393943787
1215,Normal,0.9617265462875366
1216,Normal,0.9610546827316284
1217,Normal,0.9602978825569153
1218,Normal,0.9607877135276794
1219,Normal,0.9601975083351135
1220,Normal,0.9618248343467712
1221,Normal,0.9611687660217285
1222,Normal,0.9616501331329346
1223,Normal,0.9596671462059021
1224,Normal,0.9608751535415649
1225,Normal,0.96296226978302
1226,Normal,0.9606913328170776
1227,Normal,0.9602550864219666
1228,Normal,0.958793580532074
1229,Normal,0.9593690633773804
1230,Normal,0.9601436257362366
1231,Normal,0.9654846787452698
1232,Normal,0.959331214427948
1233,Normal,0.9596770405769348
1234,Normal,0.9607160091400146
1235,Normal,0.9616285562515259
1236,Normal,0.9608974456787109
1237,Normal,0.9606446027755737
1238,Normal,0.9608126282691956
1239,Normal,0.9605274796485901
1240,Normal,0.9617998600006104
1241,Normal,0.961452841758728
1242,Normal,0.96010422706604
1243,Normal,0.9639716744422913
1244,Normal,0.9597769379615784
1245,Normal,0.9594708681106567
1246,Normal,0.9588212370872498
1247,Normal,0.9614148736000061
1248,Normal,0.9598940014839172
1249,Normal,0.9593150019645691
1250,Normal,0.9594675898551941
1251,Normal,0.9603708386421204
1252,Normal,0.9609373211860657
1253,Normal,0.961652934551239
1254,Normal,0.960974395275116
1255,Normal,0.9605147838592529
1256,Normal,0.9608601331710815
1257,Normal,0.9604434370994568
1258,Normal,0.9616971015930176
1259,Normal,0.9630304574966431
1260,Normal,0.9617236852645874
1261,Normal,0.961927056312561
1262,Normal,0.9621522426605225
1263,Normal,0.9636167883872986
1264,Normal,0.9601007699966431
1265,Normal,0.959658145904541
1266,Normal,0.9603084325790405
1267,Normal,0.9600815773010254
1268,Normal,0.9601401090621948
1269,Normal,0.9596426486968994
1270,Normal,0.9594345688819885
1271,Normal,0.958693265914917
1272,Normal,0.9595864415168762
1273,Normal,0.9608830213546753
1274,Normal,0.9619340896606445
1275,Normal,0.9607628583908081
1276,Normal,0.961112916469574
1277,Normal,0.960767924785614
1278,Normal,0.960726261138916
1279,Normal,0.9615622758865356
1280,Normal,0.9615039825439453
1281,Normal,0.9600743055343628
1282,Normal,0.963586151599884
1283,Normal,0.9601471424102783
1284,Normal,0.9599395990371704
1285,Normal,0.9603264331817627
1286,Normal,0.9596855044364929
1287,Normal,0.959449291229248
1288,Normal,0.9585869908332825
1289,Normal,0.9591776728630066
1290,Normal,0.9600228071212769
1291,Normal,0.9605268836021423
1292,Normal,0.960628867149353
1293,Normal,0.961804986000061
1294,Normal,0.9610099792480469
1295,Normal,0.9603875875473022
1296,Normal,0.9608451724052429
1297,Normal,0.9610718488693237
1298,Normal,0.9601433277130127
1299,Normal,0.9606859683990479
1300,Normal,0.9617519378662109
1301,Normal,0.9611068367958069
1302,Normal,0.9604089856147766
1303,Normal,0.959290087223053
1304,Normal,0.9598193168640137
1305,Normal,0.9588263630867004
1306,Normal,0.9601268172264099
1307,Normal,0.9603409767150879
1308,Normal,0.961205780506134
1309,Normal,0.961937427520752
1310,Normal,0.9596686959266663
1311,Normal,0.9608100652694702
1312,Normal,0.9601528644561768
1313,Normal,0.959741473197937
1314,Normal,0.959104597568512
1315,Normal,0.9626182913780212
1316,Normal,0.9610219597816467
1317,Normal,0.9609922766685486
1318,Normal,0.9609212279319763
1319,Normal,0.9604883790016174
1320,Normal,0.962157666683197
1321,Normal,0.9611513614654541
1322,Normal,0.960232138633728
1323,Normal,0.9635574817657471
1324,Normal,0.9598380327224731
1325,Normal,0.9597151279449463
1326,Normal,0.9590123891830444
1327,Normal,0.9593935608863831
1328,Normal,0.9609699845314026
1329,Normal,0.9601842164993286
1330,Normal,0.9595293998718262
1331,Normal,0.9603801965713501
1332,Normal,0.9610258340835571
1333,Normal,0.961933434009552
1334,Normal,0.9606807827949524
1335,Normal,0.9612463116645813
1336,Normal,0.9608261585235596
1337,Normal,0.9606860876083374
1338,Normal,0.9618046283721924
1339,Normal,0.9612064361572266
1340,Normal,0.960294783115387
1341,Normal,0.959324836730957
1342,Normal,0.9596396088600159
1343,Normal,0.9589670896530151
1344,Normal,0.9602410197257996
1345,Normal,0.9605004191398621
1346,Normal,0.9615013599395752
1347,Normal,0.963146448135376
1348,Normal,0.9598507285118103
1349,Normal,0.9612385630607605
1350,Normal,0.960070013999939
1351,Normal,0.9598182439804077
1352,Normal,0.9600285887718201
1353,Normal,0.9633637070655823
1354,Normal,0.9613077640533447
1355,Normal,0.961176335811615
1356,Normal,0.9609650373458862
1357,Normal,0.9606292247772217
1358,Normal,0.9621555209159851
1359,Normal,0.9612129330635071
1360,Normal,0.9602937698364258
1361,Normal,0.9638628363609314
1362,Normal,0.9589477181434631
1363,Normal,0.9595171213150024
1364,Normal,0.9596148729324341
1365,Normal,0.9599471092224121
1366,Normal,0.9603465795516968
1367,Normal,0.9599370956420898
1368,Normal,0.9596363306045532
1369,Normal,0.960281252861023
1370,Normal,0.9610280394554138
1371,Normal,0.9624236822128296
1372,Normal,0.9606399536132812
1373,Normal,0.9613800048828125
1374,Normal,0.9609174132347107
1375,Normal,0.9605699181556702
1376,Normal,0.9612794518470764
1377,Normal,0.9609139561653137
1378,Normal,0.9608312249183655
1379,Normal,0.9603918790817261
1380,Normal,0.9593291282653809
1381,Normal,0.9599037170410156
1382,Normal,0.9590250849723816
1383,Normal,0.9602946639060974
1384,Normal,0.9603421688079834
1385,Normal,0.9611963033676147
1386,Normal,0.9622555375099182
1387,Normal,0.9608759880065918
1388,Normal,0.9609701037406921
1389,Normal,0.9604392647743225
1390,Normal,0.9599255323410034
1391,Normal,0.9595386385917664
1392,Normal,0.9625484943389893
1393,Normal,0.9612058997154236
1394,Normal,0.9608908891677856
1395,Normal,0.9609367847442627
1396,Normal,0.9605492353439331
1397,Normal,0.9610249400138855
1398,Normal,0.9610981941223145
1399,Normal,0.9613884091377258
1400,Normal,0.9633535146713257
1401,Normal,0.9597991108894348
1402,Normal,0.9595680236816406
1403,Normal,0.9595823884010315
1404,Normal,0.9591936469078064
1405,Normal,0.9597280025482178
1406,Normal,0.959671676158905
1407,Normal,0.9591748118400574
1408,Normal,0.960010826587677
1409,Normal,0.9607353806495667
1410,Normal,0.9620298743247986
1411,Normal,0.960574746131897
1412,Normal,0.9611536860466003
1413,Normal,0.9607614278793335
1414,Normal,0.9606741666793823
1415,Normal,0.960287868976593
1416,Normal,0.960761547088623
1417,Normal,0.9601374864578247
1418,Normal,0.9593724608421326
1419,Normal,0.959602952003479
1420,Normal,0.9589827656745911
1421,Normal,0.9601683616638184
1422,Normal,0.96037757396698
1423,Normal,0.961268424987793
1424,Normal,0.9626589417457581
1425,Normal,0.9604125022888184
1426,Normal,0.9609500765800476
1427,Normal,0.9596929550170898
1428,Normal,0.9597886800765991
1429,Normal,0.9590619802474976
1430,Normal,0.9639642834663391
1431,Normal,0.9612200856208801
1432,Normal,0.961044192314148
1433,Normal,0.9607780575752258
1434,Normal,0.960720419883728
1435,Normal,0.9606163501739502
1436,Normal,0.9609699249267578
1437,Normal,0.9609510898590088
1438,Normal,0.963361382484436
1439,Normal,0.9597077965736389
1440,Normal,0.9593353867530823
1441,Normal,0.9587652087211609
1442,Normal,0.9592732787132263
1443,Normal,0.9604126214981079
1444,Normal,0.9601407647132874
1445,Normal,0.9591211676597595
1446,Normal,0.9600350856781006
1447,Normal,0.9605680108070374
1448,Normal,0.9627370238304138
1449,Normal,0.9606307148933411
1450,Normal,0.9612439870834351
1451,Normal,0.9607870578765869
1452,Normal,0.9605751037597656
1453,Normal,0.960917055606842
1454,Normal,0.9622510075569153
1455,Normal,0.9612892270088196
1456,Normal,0.9604071378707886
1457,Normal,0.9594122171401978
1458,Normal,0.9598562717437744
1459,Normal,0.9589547514915466
1460,Normal,0.9600765109062195
1461,Normal,0.9603736996650696
1462,Normal,0.9611817598342896
1463,Normal,0.9622960686683655
1464,Normal,0.9599280953407288
1465,Normal,0.9611942768096924
1466,Normal,0.9607191681861877
1467,Normal,0.9601837396621704
1468,Normal,0.9595370888710022
1469,Normal,0.963663637638092
1470,Normal,0.9613493084907532
1471,Normal,0.9613440036773682
1472,Normal,0.9609394073486328
1473,Normal,0.9610657691955566
1474,Normal,0.9609799981117249
1475,Normal,0.9611491560935974
1476,Normal,0.9610772728919983
1477,Normal,0.9604052901268005
1478,Normal,0.9634328484535217
1479,Normal,0.9598330855369568
1480,Normal,0.9596781134605408
1481,Normal,0.9591130614280701
1482,Normal,0.9602926969528198
1483,Normal,0.9595009684562683
1484,Normal,0.9598625302314758
1485,Normal,0.9594200849533081
1486,Normal,0.9601829648017883
1487,Normal,0.9606884717941284
1488,Normal,0.962383508682251
1489,Normal,0.9607841372489929
1490,Normal,0.9610983729362488
1491,Normal,0.9607131481170654
1492,Normal,0.9608156085014343
1493,Normal,0.9601612091064453
1494,Normal,0.9609383344650269
1495,Normal,0.9607161283493042
1496,Normal,0.9610167145729065
1497,Normal,0.9597517251968384
1498,Normal,0.9596843719482422
1499,Normal,0.9588857889175415
1500,Normal,0.959457516670227
1501,Normal,0.9603894352912903
1502,Normal,0.9608712792396545
1503,Normal,0.9615620970726013
1504,Normal,0.9624879360198975
1505,Normal,0.9602972269058228
1506,Normal,0.9610400199890137
1507,Normal,0.9602794051170349
1508,Normal,0.9598556160926819
1509,Normal,0.959762454032898
1510,Normal,0.9622485041618347
1511,Normal,0.9615369439125061
1512,Normal,0.960980236530304
1513,Normal,0.9608361721038818
1514,Normal,0.9606325030326843
1515,Normal,0.9610819816589355
1516,Normal,0.9610376954078674
1517,Normal,0.9605094194412231
1518,Normal,0.9635909795761108
1519,Normal,0.9597803354263306
1520,Normal,0.9594709873199463
1521,Normal,0.9587744474411011
1522,Normal,0.9592247009277344
1523,Normal,0.9605160355567932
1524,Normal,0.9601313471794128
1525,Normal,0.9594255685806274
1526,Normal,0.9602383971214294
1527,Normal,0.9607490301132202
1528,Normal,0.9616193771362305
1529,Normal,0.9605714678764343
1530,Normal,0.9610598683357239
1531,Normal,0.9606971740722656
1532,Normal,0.9604631066322327
1533,Normal,0.9612937569618225
1534,Normal,0.9609063863754272
1535,Normal,0.9601338505744934
1536,Normal,0.9592573642730713
1537,Normal,0.9598933458328247
1538,Normal,0.9588826298713684
1539,Normal,0.9599493741989136
1540,Normal,0.960486114025116
1541,Normal,0.9612695574760437
1542,Normal,0.9624923467636108
1543,Normal,0.9600933194160461
1544,Normal,0.9612950086593628
1545,Normal,0.960269033908844
1546,Normal,0.9597345590591431
1547,Normal,0.9598791003227234
1548,Normal,0.9618536233901978
1549,Normal,0.9610027074813843
1550,Normal,0.9611172080039978
1551,Normal,0.9609400629997253
1552,Normal,0.9605238437652588
1553,Normal,0.9615466594696045
1554,Normal,0.9612229466438293
1555,Normal,0.9610405564308167
1556,Normal,0.9635666608810425
1557,Normal,0.9597976207733154
1558,Normal,0.959489107131958
1559,Normal,0.9590364098548889
1560,Normal,0.9593194723129272
1561,Normal,0.9619513154029846
1562,Normal,0.9596144556999207
1563,Normal,0.9599200487136841
1564,Normal,0.960182785987854
1565,Normal,0.9613489508628845
1566,Normal,0.9616830348968506
1567,Normal,0.9607495665550232
1568,Normal,0.9612046480178833
1569,Normal,0.9608118534088135
1570,Normal,0.9608662128448486
1571,Normal,0.961385190486908
1572,Normal,0.9611778855323792
1573,Normal,0.9610967636108398
1574,Normal,0.9598117470741272
1575,Normal,0.959716260433197
1576,Normal,0.9589909315109253
1577,Normal,0.959633469581604
1578,Normal,0.9605163335800171
1579,Normal,0.9609593152999878
1580,Normal,0.9616422057151794
1581,Normal,0.9629979729652405
1582,Normal,0.9609361886978149
1583,Normal,0.9610844254493713
1584,Normal,0.960191547870636
1585,Normal,0.9602744579315186
1586,Normal,0.959947943687439
1587,Normal,0.9626237750053406
1588,Normal,0.9615402817726135
1589,Normal,0.9611877202987671
1590,Normal,0.9608561992645264
1591,Normal,0.9607603549957275
1592,Normal,0.9613608717918396
1593,Normal,0.9605133533477783
1594,Normal,0.9642020463943481
1595,Normal,0.9598417282104492
1596,Normal,0.9593735933303833
1597,Normal,0.9587768316268921
1598,Normal,0.9593597650527954
1599,Normal,0.9598430395126343
1600,Normal,0.9596551060676575
1601,Normal,0.9596525430679321
1602,Normal,0.9604935646057129
1603,Normal,0.9606192708015442
1604,Normal,0.9609438180923462
1605,Normal,0.9620603322982788
1606,Normal,0.9608733654022217
1607,Normal,0.9610011577606201
1608,Normal,0.9607254862785339
1609,Normal,0.9606871604919434
1610,Normal,0.9617220163345337
1611,Normal,0.9611241817474365
1612,Normal,0.9596959352493286
1613,Normal,0.9598025679588318
1614,Normal,0.9587595462799072
1615,Normal,0.95947265625
1616,Normal,0.9602681994438171
1617,Normal,0.9607507586479187
1618,Normal,0.9615334272384644
1619,Normal,0.9628850221633911
1620,Normal,0.9608626961708069
1621,Normal,0.9612268805503845
1622,Normal,0.9602455496788025
1623,Normal,0.9601245522499084
1624,Normal,0.9597141742706299
1625,Normal,0.9621386528015137
1626,Normal,0.960931122303009
1627,Normal,0.960979163646698
1628,Normal,0.960787832736969
1629,Normal,0.9605866074562073
1630,Normal,0.961922287940979
1631,Normal,0.9611186385154724
1632,Normal,0.9609296321868896
1633,Normal,0.9635429978370667
1634,Normal,0.9597100019454956
1635,Normal,0.9594988822937012
1636,Normal,0.9590599536895752
1637,Normal,0.9596174359321594
1638,Normal,0.9597395062446594
1639,Normal,0.9592445492744446
1640,Normal,0.9594507217407227
1641,Normal,0.9600929617881775
1642,Normal,0.9610244035720825
1643,Normal,0.9618772268295288
1644,Normal,0.9607619047164917
1645,Normal,0.9608993530273438
1646,Normal,0.9606707692146301
1647,Normal,0.9607385396957397
1648,Normal,0.9614911079406738
1649,Normal,0.9624337553977966
1650,Normal,0.9613576531410217
1651,Normal,0.9597480893135071
1652,Normal,0.9595649838447571
1653,Normal,0.9589760899543762
1654,Normal,0.9595502614974976
1655,Normal,0.9604253768920898
1656,Normal,0.9607875347137451
1657,Normal,0.9616948366165161
1658,Normal,0.9631932377815247
1659,Normal,0.9606327414512634
1660,Normal,0.9616376161575317
1661,Normal,0.9599600434303284
1662,Normal,0.9595913887023926
1663,Normal,0.959564208984375
1664,Normal,0.9641498327255249
1665,Normal,0.9617409110069275
1666,Normal,0.9610251784324646
1667,Normal,0.9607928991317749
1668,Normal,0.9608469605445862
1669,Normal,0.9616573452949524
1670,Normal,0.9621128439903259
1671,Normal,0.9609420299530029
1672,Normal,0.9641807675361633
1673,Normal,0.9597700238227844
1674,Normal,0.9595057964324951
1675,Normal,0.958885669708252
1676,Normal,0.9595088958740234
1677,Normal,0.9601249694824219
1678,Normal,0.9604059457778931
1679,Normal,0.9595818519592285
1680,Normal,0.9604567289352417
1681,Normal,0.960720419883728
1682,Normal,0.9610577821731567
1683,Normal,0.9626540541648865
1684,Normal,0.9609199166297913
1685,Normal,0.9609613418579102
1686,Normal,0.960681676864624
1687,Normal,0.9608338475227356
1688,Normal,0.9601937532424927
1689,Normal,0.961035966873169
1690,Normal,0.9604343175888062
1691,Normal,0.9608114957809448
1692,Normal,0.959688663482666
1693,Normal,0.9598607420921326
1694,Normal,0.958850622177124
1695,Normal,0.9594271183013916
1696,Normal,0.9603304862976074
1697,Normal,0.960676372051239
1698,Normal,0.9613800048828125
1699,Normal,0.9622858166694641
1700,Normal,0.9613974690437317
1701,Normal,0.9608638882637024
1702,Normal,0.9607312083244324
1703,Normal,0.9600570797920227
1704,Normal,0.959407389163971
1705,Normal,0.9631257653236389
1706,Normal,0.9608909487724304
1707,Normal,0.9609781503677368
1708,Normal,0.9607749581336975
1709,Normal,0.9605240225791931
1710,Normal,0.9608026146888733
1711,Normal,0.9608407020568848
1712,Normal,0.9630168676376343
1713,Normal,0.9630763530731201
1714,Normal,0.9596461653709412
1715,Normal,0.9594762921333313
1716,Normal,0.9590015411376953
1717,Normal,0.9601951837539673
1718,Normal,0.9593982696533203
1719,Normal,0.9594704508781433
1720,Normal,0.959441602230072
1721,Normal,0.9603078365325928
1722,Normal,0.9606661796569824
1723,Normal,0.9619961977005005
1724,Normal,0.9609864950180054
1725,Normal,0.9604623317718506
1726,Normal,0.9606828689575195
1727,Normal,0.9605288505554199
1728,Normal,0.9602339863777161
1729,Normal,0.9599049091339111
1730,Normal,0.9591485857963562
1731,Normal,0.9595346450805664
1732,Normal,0.9586594700813293
1733,Normal,0.9600357413291931
1734,Normal,0.9604142904281616
1735,Normal,0.9610758423805237
1736,Normal,0.9613755345344543
1737,Normal,0.9624186158180237
1738,Normal,0.961414098739624
1739,Normal,0.961125373840332
1740,Normal,0.9606401920318604
1741,Normal,0.9597852826118469
1742,Normal,0.9596973657608032
1743,Normal,0.9633291959762573
1744,Normal,0.9612488150596619
1745,Normal,0.9610235095024109
1746,Normal,0.9608439803123474
1747,Normal,0.9606292843818665
1748,Normal,0.9606979489326477
1749,Normal,0.9609965682029724
1750,Normal,0.9620469808578491
1751,Normal,0.963316023349762
1752,Normal,0.9597318172454834
1753,Normal,0.9594507217407227
1754,Normal,0.9594411849975586
1755,Normal,0.9588051438331604
1756,Normal,0.9601505994796753
1757,Normal,0.9599215984344482
1758,Normal,0.9591708183288574
1759,Normal,0.9604001045227051
1760,Normal,0.9611840844154358
1761,Normal,0.9627487659454346
1762,Normal,0.960990846157074
1763,Normal,0.9610947370529175
1764,Normal,0.9607248902320862
1765,Normal,0.9607296586036682
1766,Normal,0.9611541032791138
1767,Normal,0.960936963558197
1768,Normal,0.9602503776550293
1769,Normal,0.9592304825782776
1770,Normal,0.9597509503364563
1771,Normal,0.9589418768882751
1772,Normal,0.960026741027832
1773,Normal,0.9605886340141296
1774,Normal,0.9611579775810242
1775,Normal,0.961348295211792
1776,Normal,0.9621776342391968
1777,Normal,0.9608682990074158
1778,Normal,0.9612407684326172
1779,Normal,0.9610368609428406
1780,Normal,0.9599568843841553
1781,Normal,0.9594757556915283
1782,Normal,0.9608710408210754
1783,Normal,0.9654233455657959
1784,Normal,0.9616295695304871
1785,Normal,0.9609826803207397
1786,Normal,0.9606470465660095
1787,Normal,0.9611862897872925
1788,Normal,0.9610921144485474
1789,Normal,0.9614403247833252
1790,Normal,0.9637349247932434
1791,Normal,0.9598404169082642
1792,Normal,0.9596654176712036
1793,Normal,0.9591336846351624
1794,Normal,0.960413932800293
1795,Normal,0.9596474766731262
1796,Normal,0.9594547748565674
1797,Normal,0.9595836400985718
1798,Normal,0.9604210257530212
1799,Normal,0.9612249135971069
1800,Normal,0.9608457684516907
1801,Normal,0.9641516208648682
1802,Normal,0.961353600025177
1803,Normal,0.9609264135360718
1804,Normal,0.9607555270195007
1805,Normal,0.9608676433563232
1806,Normal,0.9600990414619446
1807,Normal,0.9593030214309692
1808,Normal,0.9596678018569946
1809,Normal,0.9587886929512024
1810,Normal,0.9603070020675659
1811,Normal,0.9605939984321594
1812,Normal,0.961236834526062
1813,Normal,0.9615756273269653
1814,Normal,0.9628056883811951
1815,Normal,0.9612669944763184
1816,Normal,0.9614319205284119
1817,Normal,0.9604800343513489
1818,Normal,0.9601413607597351
1819,Normal,0.9597516059875488
1820,Normal,0.960748016834259
1821,Normal,0.9627837538719177
1822,Normal,0.9617775082588196
1823,Normal,0.9609984159469604
1824,Normal,0.9607212543487549
1825,Normal,0.9610857367515564
1826,Normal,0.9612655639648438
1827,Normal,0.9617292284965515
1828,Normal,0.9632758498191833
1829,Normal,0.9597464203834534
1830,Normal,0.9594513773918152
1831,Normal,0.9587990045547485
1832,Normal,0.9598861336708069
1833,Normal,0.9596335887908936
1834,Normal,0.959129810333252
1835,Normal,0.9593758583068848
1836,Normal,0.9604405760765076
1837,Normal,0.9608394503593445
1838,Normal,0.9616767168045044
1839,Normal,0.9607585668563843
1840,Normal,0.960954487323761
1841,Normal,0.9606483578681946
1842,Normal,0.9606614112854004
1843,Normal,0.961231529712677
1844,Normal,0.9625672698020935
1845,Normal,0.9607784152030945
1846,Normal,0.9591880440711975
1847,Normal,0.9597923159599304
1848,Normal,0.9588565230369568
1849,Normal,0.9600947499275208
1850,Normal,0.9603718519210815
1851,Normal,0.9610285758972168
1852,Normal,0.961310088634491
1853,Normal,0.9620876908302307
1854,Normal,0.9604204297065735
1855,Normal,0.9615535140037537
1856,Normal,0.9606856107711792
1857,Normal,0.9601558446884155
1858,Normal,0.9593095183372498
1859,Normal,0.960773766040802
1860,Normal,0.9626251459121704
1861,Normal,0.96169114112854
1862,Normal,0.9608879089355469
1863,Normal,0.9606426358222961
1864,Normal,0.9614655375480652
1865,Normal,0.9614852666854858
1866,Normal,0.960509717464447
1867,Normal,0.959868848323822
1868,Normal,0.9635229110717773
1869,Normal,0.95989590883255
1870,Normal,0.9597730040550232
1871,Normal,0.9591920375823975
1872,Normal,0.9604402184486389
1873,Normal,0.9602954387664795
1874,Normal,0.9592708945274353
1875,Normal,0.9604602456092834
1876,Normal,0.9608447551727295
1877,Normal,0.9614774584770203
1878,Normal,0.9618449807167053
1879,Normal,0.9610493779182434
1880,Normal,0.9608649015426636
1881,Normal,0.9605785012245178
1882,Normal,0.9606989622116089
1883,Normal,0.9602546691894531
1884,Normal,0.961189329624176
1885,Normal,0.9610362648963928
1886,Normal,0.9602338671684265
1887,Normal,0.9593281149864197
1888,Normal,0.9597082138061523
1889,Normal,0.9588292241096497
1890,Normal,0.9602473974227905
1891,Normal,0.9605773687362671
1892,Normal,0.9611635804176331
1893,Normal,0.9614561796188354
1894,Normal,0.9622875452041626
1895,Normal,0.9600136876106262
1896,Normal,0.9611677527427673
1897,Normal,0.9604745507240295
1898,Normal,0.9601331949234009
1899,Normal,0.9596426486968994
1900,Normal,0.9606529474258423
1901,Normal,0.9641107320785522
1902,Normal,0.9619228839874268
1903,Normal,0.960845947265625
1904,Normal,0.9606851935386658
1905,Normal,0.9612293243408203
1906,Normal,0.9611003398895264
1907,Normal,0.9603368043899536
1908,Normal,0.9637451171875
1909,Normal,0.9598406553268433
1910,Normal,0.9594293236732483
1911,Normal,0.9587793350219727
1912,Normal,0.9592843651771545
1913,Normal,0.9600193500518799
1914,Normal,0.9603371024131775
1915,Normal,0.9596877098083496
1916,Normal,0.9606227874755859
1917,Normal,0.9608244895935059
1918,Normal,0.9607675075531006
1919,Normal,0.9626486301422119
1920,Normal,0.9611148238182068
1921,Normal,0.9608391523361206
1922,Normal,0.960608720779419
1923,Normal,0.9617089033126831
1924,Normal,0.9602245688438416
1925,Normal,0.9591332077980042
1926,Normal,0.9597522616386414
1927,Normal,0.9587128758430481
1928,Normal,0.9602361917495728
1929,Normal,0.9604974389076233
1930,Normal,0.9611343145370483
1931,Normal,0.9614565968513489
1932,Normal,0.9624232649803162
1933,Normal,0.9595377445220947
1934,Normal,0.9612914323806763
1935,Normal,0.9609001278877258
1936,Normal,0.9603008031845093
1937,Normal,0.9595130681991577
1938,Normal,0.9608416557312012
1939,Normal,0.9628744125366211
1940,Normal,0.9615828990936279
1941,Normal,0.9610031247138977
1942,Normal,0.9605651497840881
1943,Normal,0.962202250957489
1944,Normal,0.9612993597984314
1945,Normal,0.9599692821502686
1946,Normal,0.963411271572113
1947,Normal,0.9598126411437988
1948,Normal,0.9595973491668701
1949,Normal,0.9591023325920105
1950,Normal,0.9610188007354736
1951,Normal,0.9600887298583984
1952,Normal,0.959925651550293
1953,Normal,0.9596230387687683
1954,Normal,0.9606512188911438
1955,Normal,0.9613201022148132
1956,Normal,0.960898220539093
1957,Normal,0.962497353553772
1958,Normal,0.9613440036773682
1959,Normal,0.9609889388084412
1960,Normal,0.9607729911804199
1961,Normal,0.9612696170806885
1962,Normal,0.9618786573410034
1963,Normal,0.9606867432594299
1964,Normal,0.9592999219894409
1965,Normal,0.9597577452659607
1966,Normal,0.9590187668800354
1967,Normal,0.9605706930160522
1968,Normal,0.9605341553688049
1969,Normal,0.9612359404563904
1970,Normal,0.9615888595581055
1971,Normal,0.9625275135040283
1972,Normal,0.9594514966011047
1973,Normal,0.9613889455795288
1974,Normal,0.9605314135551453
1975,Normal,0.9596933126449585
1976,Normal,0.9592871069908142
1977,Normal,0.9609577655792236
1978,Normal,0.9651040434837341
1979,Normal,0.9618158936500549
1980,Normal,0.9610521197319031
1981,Normal,0.9606373310089111
1982,Normal,0.9621747732162476
1983,Normal,0.9613450169563293
1984,Normal,0.959882915019989
1985,Normal,0.9641705751419067
1986,Normal,0.9599032402038574
1987,Normal,0.9596985578536987
1988,Normal,0.9588862061500549
1989,Normal,0.9601917862892151
1990,Normal,0.9600322246551514
1991,Normal,0.9597710371017456
1992,Normal,0.9598153829574585
1993,Normal,0.9605289697647095
1994,Normal,0.9609299302101135
1995,Normal,0.9610275030136108
1996,Normal,0.9636746644973755
1997,Normal,0.9612246155738831
1998,Normal,0.9610025882720947
1999,Normal,0.9606449007987976
2000,Normal,0.9610264897346497
2001,Normal,0.9602130055427551
2002,Normal,0.9591912627220154
2003,Normal,0.9597585201263428
2004,Normal,0.9587356448173523
2005,Normal,0.9602977633476257
2006,Normal,0.9604611396789551
2007,Normal,0.9611525535583496
2008,Normal,0.9614495635032654
2009,Normal,0.9625068306922913
2010,Normal,0.9605039358139038
2011,Normal,0.9612538814544678
2012,Normal,0.9602976441383362
2013,Normal,0.9596590399742126
2014,Normal,0.9592543244361877
2015,Normal,0.9609596729278564
2016,Normal,0.9639413356781006
2017,Normal,0.9615005850791931
2018,Normal,0.9610387086868286
2019,Normal,0.9605922102928162
2020,Normal,0.9612920880317688
2021,Normal,0.9621329307556152
2022,Normal,0.9610059261322021
2023,Normal,0.9616711139678955
2024,Normal,0.9608880281448364
2025,Normal,0.9635112285614014
2026,Normal,0.9599630236625671
2027,Normal,0.9598616361618042
2028,Normal,0.9591805934906006
2029,Normal,0.960168719291687
2030,Normal,0.9602002501487732
2031,Normal,0.959868311882019
2032,Normal,0.9596604704856873
2033,Normal,0.9604496955871582
2034,Normal,0.9613316655158997
2035,Normal,0.960878312587738
2036,Normal,0.9631369709968567
2037,Normal,0.9613881707191467
2038,Normal,0.960904598236084
2039,Normal,0.9606629610061646
2040,Normal,0.9608485102653503
2041,Normal,0.9630327820777893
2042,Normal,0.9609361290931702
2043,Normal,0.9594686031341553
2044,Normal,0.9598104357719421
2045,Normal,0.9590446352958679
2046,Normal,0.960262656211853
2047,Normal,0.9606614112854004
2048,Normal,0.9612672328948975
2049,Normal,0.9615837931632996
2050,Normal,0.9627604484558105
2051,Normal,0.959754228591919
2052,Normal,0.9616147875785828
2053,Normal,0.9603922963142395
2054,Normal,0.9603005051612854
2055,Normal,0.9592001438140869
2056,Normal,0.9609944224357605
2057,Normal,0.9663613438606262
2058,Normal,0.9619324803352356
2059,Normal,0.9610132575035095
2060,Normal,0.9607405662536621
2061,Normal,0.9612839818000793
2062,Normal,0.96075838804245
2063,Normal,0.9602701663970947
2064,Normal,0.959679365158081
2065,Normal,0.9632693529129028
2066,Normal,0.9598552584648132
2067,Normal,0.9596633315086365
2068,Normal,0.9588717222213745
2069,Normal,0.9600741863250732
2070,Normal,0.9592410326004028
2071,Normal,0.9595555067062378
2072,Normal,0.9603391885757446
2073,Normal,0.9607418775558472
2074,Normal,0.961176335811615
2075,Normal,0.9610550999641418
2076,Normal,0.9643884897232056
2077,Normal,0.9613168835639954
2078,Normal,0.9608204364776611
2079,Normal,0.9608234167098999
2080,Normal,0.9602310061454773
2081,Normal,0.9610924124717712
2082,Normal,0.960962176322937
2083,Normal,0.9602987170219421
2084,Normal,0.959330677986145
2085,Normal,0.9598710536956787
2086,Normal,0.9588600397109985
2087,Normal,0.9602014422416687
2088,Normal,0.9604184627532959
2089,Normal,0.9610108733177185
2090,Normal,0.9612100720405579
2091,Normal,0.9617029428482056
2092,Normal,0.9594576358795166
2093,Normal,0.9611256718635559
2094,Normal,0.9616327285766602
2095,Normal,0.9602774381637573
2096,Normal,0.959369421005249
2097,Normal,0.9609363079071045
2098,Normal,0.9658055305480957
2099,Normal,0.9617936015129089
2100,Normal,0.9609512686729431
2101,Normal,0.9606378674507141
2102,Normal,0.9611440896987915
2103,Normal,0.9611310958862305
2104,Normal,0.9600468277931213
2105,Normal,0.963320255279541
2106,Normal,0.9598267078399658
2107,Normal,0.9597427248954773
2108,Normal,0.9589964151382446
2109,Normal,0.9593747854232788
2110,Normal,0.9603212475776672
2111,Normal,0.9592916965484619
2112,Normal,0.9598840475082397
2113,Normal,0.9602721333503723
2114,Normal,0.9608554244041443
2115,Normal,0.9607837796211243
2116,Normal,0.9640853404998779
2117,Normal,0.9613088369369507
2118,Normal,0.9608975648880005
2119,Normal,0.9607033729553223
2120,Normal,0.9609372019767761
2121,Normal,0.9601020216941833
2122,Normal,0.9592296481132507
2123,Normal,0.959649920463562
2124,Normal,0.9587361812591553
2125,Normal,0.9601144194602966
2126,Normal,0.9608942866325378
2127,Normal,0.9614191651344299
2128,Normal,0.9617673754692078
2129,Normal,0.9629673361778259
2130,Normal,0.9601219892501831
2131,Normal,0.9614030718803406
2132,Normal,0.9605196118354797
2133,Normal,0.9602496027946472
2134,Normal,0.9592856764793396
2135,Normal,0.9608553051948547
2136,Normal,0.9628905653953552
2137,Normal,0.9617950320243835
2138,Normal,0.9610465168952942
2139,Normal,0.9607049822807312
2140,Normal,0.9611326456069946
2141,Normal,0.9612463116645813
2142,Normal,0.9602994918823242
2143,Normal,0.9634118676185608
2144,Normal,0.9597833156585693
2145,Normal,0.9594974517822266
2146,Normal,0.9588297605514526
2147,Normal,0.9602662920951843
2148,Normal,0.9604302048683167
2149,Normal,0.959815263748169
2150,Normal,0.9595625400543213
2151,Normal,0.96045982837677
2152,Normal,0.9615523815155029
2153,Normal,0.9608857035636902
2154,Normal,0.9623586535453796
2155,Normal,0.9613508582115173
2156,Normal,0.9609917998313904
2157,Normal,0.9607834219932556
2158,Normal,0.9612665772438049
2159,Normal,0.9613499641418457
2160,Normal,0.9607329368591309
2161,Normal,0.9592702388763428
2162,Normal,0.9597806930541992
2163,Normal,0.9590074419975281
2164,Normal,0.959881603717804
2165,Normal,0.9607433080673218
2166,Normal,0.9611776471138
2167,Normal,0.9614766836166382
2168,Normal,0.9623709321022034
2169,Normal,0.9617388844490051
2170,Normal,0.9613684415817261
2171,Normal,0.9607580304145813
2172,Normal,0.9601213335990906
2173,Normal,0.9598004817962646
2174,Normal,0.9609508514404297
2175,Normal,0.9626021385192871
2176,Normal,0.9618380665779114
2177,Normal,0.9609699249267578
2178,Normal,0.9608113765716553
2179,Normal,0.9614357948303223
2180,Normal,0.9603641629219055
2181,Normal,0.9595609903335571
2182,Normal,0.9605451822280884
2183,Normal,0.9633557200431824
2184,Normal,0.9599643349647522
2185,Normal,0.9591598510742188
2186,Normal,0.9597687125205994
2187,Normal,0.9599822163581848
2188,Normal,0.9607071876525879
2189,Normal,0.95926833152771
2190,Normal,0.9607884883880615
2191,Normal,0.9613064527511597
2192,Normal,0.9608129262924194
2193,Normal,0.9620790481567383
2194,Normal,0.9613204002380371
2195,Normal,0.9607992768287659
2196,Normal,0.9608681797981262
2197,Normal,0.960975706577301
2198,Normal,0.9600405693054199
2199,Normal,0.9593045711517334
2200,Normal,0.9595930576324463
2201,Normal,0.9587488174438477
2202,Normal,0.9599567651748657
2203,Normal,0.960727334022522
2204,Normal,0.9612416625022888
2205,Normal,0.9615335464477539
2206,Normal,0.9628041982650757
2207,Normal,0.9609617590904236
2208,Normal,0.9612323045730591
2209,Normal,0.9601132273674011
2210,Normal,0.9599632620811462
2211,Normal,0.9592922925949097
2212,Normal,0.9604905843734741
2213,Normal,0.9635369777679443
2214,Normal,0.9616266489028931
2215,Normal,0.9609092473983765
2216,Normal,0.9606369137763977
2217,Normal,0.9612535834312439
2218,Normal,0.9610970616340637
2219,Normal,0.9599609375
2220,Normal,0.9609515070915222
2221,Normal,0.9632331728935242
2222,Normal,0.9596394896507263
2223,Normal,0.959550678730011
2224,Normal,0.9587514996528625
2225,Normal,0.9600282907485962
2226,Normal,0.9594558477401733
2227,Normal,0.9592538475990295
2228,Normal,0.9598622918128967
2229,Normal,0.9607856273651123
2230,Normal,0.9606989622116089
2231,Normal,0.9625219702720642
2232,Normal,0.9610576629638672
2233,Normal,0.9607927203178406
2234,Normal,0.9605681300163269
2235,Normal,0.9615035653114319
2236,Normal,0.9623664021492004
2237,Normal,0.9603214859962463
2238,Normal,0.959252655506134
2239,Normal,0.9597684741020203
2240,Normal,0.9589081406593323
2241,Normal,0.9598922729492188
2242,Normal,0.960493803024292
2243,Normal,0.9610924124717712
2244,Normal,0.9613705277442932
2245,Normal,0.9623077511787415
2246,Normal,0.9602681994438171
2247,Normal,0.9612492918968201
2248,Normal,0.9606452584266663
2249,Normal,0.9601239562034607
2250,Normal,0.9598739147186279
2251,Normal,0.9607490301132202
2252,Normal,0.962623119354248
2253,Normal,0.9614182710647583
2254,Normal,0.9608790874481201
2255,Normal,0.9605352878570557
2256,Normal,0.9611054062843323
2257,Normal,0.9618698358535767
2258,Normal,0.9601737856864929
2259,Normal,0.9593522548675537
2260,Normal,0.9601241946220398
2261,Normal,0.9631862640380859
2262,Normal,0.9602057337760925
2263,Normal,0.9591166973114014
2264,Normal,0.9599311351776123
2265,Normal,0.9603053331375122
2266,Normal,0.9597621560096741
2267,Normal,0.9595195055007935
2268,Normal,0.9607868790626526
2269,Normal,0.961180567741394
2270,Normal,0.9608292579650879
2271,Normal,0.9620729088783264
2272,Normal,0.9611413478851318
2273,Normal,0.9606716632843018
2274,Normal,0.9607528448104858
2275,Normal,0.9601283669471741
2276,Normal,0.9607334733009338
2277,Normal,0.9615152478218079
2278,Normal,0.9601712226867676
2279,Normal,0.9593008160591125
2280,Normal,0.9597934484481812
2281,Normal,0.9588665962219238
2282,Normal,0.9601082801818848
2283,Normal,0.9605520963668823
2284,Normal,0.9610595107078552
2285,Normal,0.9613341093063354
2286,Normal,0.9623575210571289
2287,Normal,0.9601132273674011
2288,Normal,0.9611358046531677
2289,Normal,0.9602991938591003
2290,Normal,0.9599274396896362
2291,Normal,0.9597398638725281
2292,Normal,0.9607442617416382
2293,Normal,0.9647112488746643
2294,Normal,0.96189945936203
2295,Normal,0.9608073234558105
2296,Normal,0.960588276386261
2297,Normal,0.9616032242774963
2298,Normal,0.9610669016838074
2299,Normal,0.9597198367118835
2300,Normal,0.9600433111190796
2301,Normal,0.963901698589325
2302,Normal,0.9597726464271545
2303,Normal,0.9596201777458191
2304,Normal,0.958742082118988
2305,Normal,0.9594083428382874
2306,Normal,0.9601055383682251
2307,Normal,0.9593855142593384
2308,Normal,0.960359513759613
2309,Normal,0.9608635902404785
2310,Normal,0.9606705904006958
2311,Normal,0.9632990956306458
2312,Normal,0.961013913154602
2313,Normal,0.9607810378074646
2314,Normal,0.9605362415313721
2315,Normal,0.9605919122695923
2316,Normal,0.9598450660705566
2317,Normal,0.9591743350028992
2318,Normal,0.959632933139801
2319,Normal,0.9586623311042786
2320,Normal,0.9599848985671997
2321,Normal,0.9604215621948242
2322,Normal,0.9610578417778015
2323,Normal,0.9612798094749451
2324,Normal,0.9622634053230286
2325,Normal,0.9594935178756714
2326,Normal,0.9611387848854065
2327,Normal,0.9605160355567932
2328,Normal,0.9598808288574219
2329,Normal,0.9597220420837402
2330,Normal,0.9606050848960876
2331,Normal,0.9632068276405334
2332,Normal,0.9613391757011414
2333,Normal,0.9608097672462463
2334,Normal,0.9604892730712891
2335,Normal,0.9608503580093384
2336,Normal,0.9601470828056335
2337,Normal,0.9594705700874329
2338,Normal,0.9603130221366882
2339,Normal,0.9626980423927307
2340,Normal,0.9597132802009583
2341,Normal,0.9590584635734558
2342,Normal,0.9597703814506531
2343,Normal,0.9597074389457703
2344,Normal,0.9601852893829346
2345,Normal,0.9590505361557007
2346,Normal,0.9606348872184753
2347,Normal,0.9613245129585266
2348,Normal,0.9605892896652222
2349,Normal,0.9632608294487
2350,Normal,0.9612652659416199
2351,Normal,0.9607623219490051
2352,Normal,0.9607770442962646
2353,Normal,0.961068868637085
2354,Normal,0.9602090716362
2355,Normal,0.9601044058799744
2356,Normal,0.9592940211296082
2357,Normal,0.9595450758934021
2358,Normal,0.9589539766311646
2359,Normal,0.9599587321281433
2360,Normal,0.9605260491371155
2361,Normal,0.9610465168952942
2362,Normal,0.9612941145896912
2363,Normal,0.9624134302139282
2364,Normal,0.960849940776825
2365,Normal,0.961054801940918
2366,Normal,0.9609342217445374
2367,Normal,0.9602460861206055
2368,Normal,0.9590920209884644
2369,Normal,0.9606710076332092
2370,Normal,0.9658007025718689
2371,Normal,0.9616628289222717
2372,Normal,0.9608582854270935
2373,Normal,0.9606080651283264
2374,Normal,0.9604633450508118
2375,Normal,0.9601013660430908
2376,Normal,0.9606313109397888
2377,Normal,0.9632567167282104
2378,Normal,0.9597089886665344
2379,Normal,0.9595463871955872
2380,Normal,0.9588143229484558
2381,Normal,0.9604402184486389
2382,Normal,0.959945559501648
2383,Normal,0.9590139389038086
2384,Normal,0.9605240225791931
2385,Normal,0.9608172178268433
2386,Normal,0.9609358906745911
2387,Normal,0.9608709216117859
2388,Normal,0.9640236496925354
2389,Normal,0.9611459374427795
2390,Normal,0.9608264565467834
2391,Normal,0.9605520963668823
2392,Normal,0.9609587788581848
2393,Normal,0.9600578546524048
2394,Normal,0.9591467380523682
2395,Normal,0.9598532915115356
2396,Normal,0.9587559103965759
2397,Normal,0.9601201415061951
2398,Normal,0.9605061411857605
2399,Normal,0.9611730575561523
2400,Normal,0.9614629149436951
2401,Normal,0.9623327255249023
2402,Normal,0.9603118300437927
2403,Normal,0.9611279964447021
2404,Normal,0.9609991908073425
2405,Normal,0.959895133972168
2406,Normal,0.9594309329986572
2407,Normal,0.9606829881668091
2408,Normal,0.9654257893562317
2409,Normal,0.9614882469177246
2410,Normal,0.9609726667404175
2411,Normal,0.9605802297592163
2412,Normal,0.9612160921096802
2413,Normal,0.9611872434616089
2414,Normal,0.9607294201850891
2415,Normal,0.9633975625038147
2416,Normal,0.9599549770355225
2417,Normal,0.9594442248344421
2418,Normal,0.9596835970878601
2419,Normal,0.961105227470398
2420,Normal,0.9597142338752747
2421,Normal,0.9595089554786682
2422,Normal,0.9589939713478088
2423,Normal,0.9598968625068665
2424,Normal,0.9612696170806885
2425,Normal,0.9607279896736145
2426,Normal,0.9642633199691772
2427,Normal,0.9614014029502869
2428,Normal,0.9609524011611938
2429,Normal,0.9607775211334229
2430,Normal,0.9609436988830566
2431,Normal,0.9625719785690308
2432,Normal,0.9606078267097473
2433,Normal,0.9593164324760437
2434,Normal,0.9597589373588562
2435,Normal,0.9589691162109375
2436,Normal,0.9602723717689514
2437,Normal,0.9607023596763611
2438,Normal,0.9614186882972717
2439,Normal,0.9617653489112854
2440,Normal,0.9626609086990356
2441,Normal,0.960623562335968
2442,Normal,0.9613783955574036
2443,Normal,0.9606892466545105
2444,Normal,0.9604234099388123
2445,Normal,0.9592600464820862
2446,Normal,0.9608955979347229
2447,Normal,0.9634962677955627
2448,Normal,0.9618601202964783
2449,Normal,0.9610739350318909
2450,Normal,0.9607945680618286
2451,Normal,0.9613227248191833
2452,Normal,0.9610375165939331
2453,Normal,0.9604215621948242
2454,Normal,0.9606262445449829
2455,Normal,0.9636042714118958
2456,Normal,0.9598028659820557
2457,Normal,0.9596843123435974
2458,Normal,0.9588552117347717
2459,Normal,0.9608113765716553
2460,Normal,0.9601818919181824
2461,Normal,0.9590187668800354
2462,Normal,0.960552990436554
2463,Normal,0.9608812928199768
2464,Normal,0.9611773490905762
2465,Normal,0.9610694050788879
2466,Normal,0.962039053440094
2467,Normal,0.9611022472381592
2468,Normal,0.9607733488082886
2469,Normal,0.9609491229057312
2470,Normal,0.9601766467094421
2471,Normal,0.9607755541801453
2472,Normal,0.9612138867378235
2473,Normal,0.9604976177215576
2474,Normal,0.959186315536499
2475,Normal,0.9599558711051941
2476,Normal,0.9588310718536377
2477,Normal,0.9602367281913757
2478,Normal,0.9604658484458923
2479,Normal,0.9610368609428406
2480,Normal,0.9612659215927124
2481,Normal,0.9616899490356445
2482,Normal,0.960534393787384
2483,Normal,0.961249828338623
2484,Normal,0.9605352878570557
2485,Normal,0.96004718542099
2486,Normal,0.9590345621109009
2487,Normal,0.9609205722808838
2488,Normal,0.9629344344139099
2489,Normal,0.9617888331413269
2490,Normal,0.9609730839729309
2491,Normal,0.9606655240058899
2492,Normal,0.9615107178688049
2493,Normal,0.9613264799118042
2494,Normal,0.9595434665679932
2495,Normal,0.9599155783653259
2496,Normal,0.9633753299713135
2497,Normal,0.9600213766098022
2498,Normal,0.9590803980827332
2499,Normal,0.9594839811325073
2500,Normal,0.9618083834648132
2501,Normal,0.960542619228363
2502,Normal,0.9599120616912842
2503,Normal,0.9607527256011963
2504,Normal,0.9611515998840332
2505,Normal,0.9609097838401794
2506,Normal,0.960570216178894
2507,Normal,0.962328314781189
2508,Normal,0.9607484340667725
2509,Normal,0.9607380032539368
2510,Normal,0.9612247943878174
2511,Normal,0.9602113366127014
2512,Normal,0.9592918157577515
2513,Normal,0.9597111940383911
2514,Normal,0.958767294883728
2515,Normal,0.960479736328125
2516,Normal,0.9607241153717041
2517,Normal,0.9613315463066101
2518,Normal,0.9616167545318604
2519,Normal,0.9626242518424988
2520,Normal,0.9598729610443115
2521,Normal,0.961577832698822
2522,Normal,0.9606845378875732
2523,Normal,0.9599961638450623
2524,Normal,0.9602532386779785
2525,Normal,0.9609993100166321
2526,Normal,0.9611858129501343
2527,Normal,0.964030385017395
2528,Normal,0.9611161351203918
2529,Normal,0.9607546329498291
2530,Normal,0.9615735411643982
2531,Normal,0.960433840751648
2532,Normal,0.9595502614974976
2533,Normal,0.960196852684021
2534,Normal,0.9633099436759949
2535,Normal,0.9600525498390198
2536,Normal,0.9588333964347839
2537,Normal,0.9600371718406677
2538,Normal,0.9607647657394409
2539,Normal,0.9604762196540833
2540,Normal,0.9599707126617432
2541,Normal,0.9609708786010742
2542,Normal,0.9614229798316956
2543,Normal,0.9609872102737427
2544,Normal,0.9607141017913818
2545,Normal,0.9630838632583618
2546,Normal,0.960834264755249
2547,Normal,0.9608346223831177
2548,Normal,0.9611749053001404
2549,Normal,0.9617742896080017
2550,Normal,0.960453987121582
2551,Normal,0.9594138264656067
2552,Normal,0.9597100019454956
2553,Normal,0.9589791893959045
2554,Normal,0.9604020714759827
2555,Normal,0.9604787230491638
2556,Normal,0.9610503911972046
2557,Normal,0.9613250494003296
2558,Normal,0.9622916579246521
2559,Normal,0.9605913758277893
2560,Normal,0.9612740278244019
2561,Normal,0.9600130915641785
2562,Normal,0.9595093131065369
2563,Normal,0.9593194723129272
2564,Normal,0.9607831239700317
2565,Normal,0.9608411192893982
2566,Normal,0.9636131525039673
2567,Normal,0.9608303308486938
2568,Normal,0.960641086101532
2569,Normal,0.9618778824806213
2570,Normal,0.9602565169334412
2571,Normal,0.9594154953956604
2572,Normal,0.9604710340499878
2573,Normal,0.9632102847099304
2574,Normal,0.9600258469581604
2575,Normal,0.9591016173362732
2576,Normal,0.9602640271186829
2577,Normal,0.9600280523300171
2578,Normal,0.9600747227668762
2579,Normal,0.9594241380691528
2580,Normal,0.9607664942741394
2581,Normal,0.9611383676528931
2582,Normal,0.960834264755249
2583,Normal,0.9604485034942627
2584,Normal,0.9624686241149902
2585,Normal,0.9606348872184753
2586,Normal,0.9606664776802063
2587,Normal,0.9615082144737244
2588,Normal,0.9600620269775391
2589,Normal,0.9591859579086304
2590,Normal,0.95957350730896
2591,Normal,0.958703875541687
2592,Normal,0.960294246673584
2593,Normal,0.9604106545448303
2594,Normal,0.9611396789550781
2595,Normal,0.9614412784576416
2596,Normal,0.9626493453979492
2597,Normal,0.9611040949821472
2598,Normal,0.9612232446670532
2599,Normal,0.9607911705970764
2600,Normal,0.959574818611145
2601,Normal,0.9600393772125244
2602,Normal,0.960722029209137
2603,Normal,0.9605804681777954
2604,Normal,0.9639450311660767
2605,Normal,0.960862934589386
2606,Normal,0.9604374766349792
2607,Normal,0.9619524478912354
2608,Normal,0.9603604078292847
2609,Normal,0.9594400525093079
2610,Normal,0.9606000185012817
2611,Normal,0.963205873966217
2612,Normal,0.9600867033004761
2613,Normal,0.9588454365730286
2614,Normal,0.9600890278816223
2615,Normal,0.9606674909591675
2616,Normal,0.9602375030517578
2617,Normal,0.9589911103248596
2618,Normal,0.9608393311500549
2619,Normal,0.9610632658004761
2620,Normal,0.9608035087585449
2621,Normal,0.9602583050727844
2622,Normal,0.9629361629486084
2623,Normal,0.9607371091842651
2624,Normal,0.9604957699775696
2625,Normal,0.9605457186698914
2626,Normal,0.9621215462684631
2627,Normal,0.9603807330131531
2628,Normal,0.9591643810272217
2629,Normal,0.9598245024681091
2630,Normal,0.958886981010437
2631,Normal,0.9601680636405945
2632,Normal,0.9601550698280334
2633,Normal,0.9609153270721436
2634,Normal,0.9611412286758423
2635,Normal,0.9620581269264221
2636,Normal,0.9597286581993103
2637,Normal,0.9611210823059082
2638,Normal,0.9602148532867432
2639,Normal,0.9602068662643433
2640,Normal,0.9589678645133972
2641,Normal,0.9607006907463074
2642,Normal,0.9604469537734985
2643,Normal,0.9641022086143494
2644,Normal,0.9608521461486816
2645,Normal,0.9604700207710266
2646,Normal,0.9610438942909241
2647,Normal,0.9605735540390015
2648,Normal,0.960125207901001
2649,Normal,0.9594542980194092
2650,Normal,0.9596259593963623
2651,Normal,0.9630373120307922
2652,Normal,0.9599335789680481
2653,Normal,0.9591346383094788
2654,Normal,0.9600590467453003
2655,Normal,0.9604972004890442
2656,Normal,0.9600052833557129
2657,Normal,0.9593420624732971
2658,Normal,0.9607952237129211
2659,Normal,0.9610195755958557
2660,Normal,0.9608897566795349
2661,Normal,0.9603099226951599
2662,Normal,0.9624589085578918
2663,Normal,0.9605626463890076
2664,Normal,0.9607720971107483
2665,Normal,0.9600721001625061
2666,Normal,0.9606945514678955
2667,Normal,0.9601299166679382
2668,Normal,0.9601076245307922
2669,Normal,0.9592326879501343
2670,Normal,0.9598132967948914
2671,Normal,0.9588309526443481
2672,Normal,0.9602048397064209
2673,Normal,0.9603429436683655
2674,Normal,0.9609408378601074
2675,Normal,0.9611708521842957
2676,Normal,0.962046205997467
2677,Normal,0.9598265886306763
2678,Normal,0.9611237049102783
2679,Normal,0.9601014256477356
2680,Normal,0.9598298668861389
2681,Normal,0.9591159224510193
2682,Normal,0.9608016014099121
2683,Normal,0.9610138535499573
2684,Normal,0.9662283658981323
2685,Normal,0.9608681797981262
2686,Normal,0.9606053233146667
2687,Normal,0.9606105089187622
2688,Normal,0.9609687924385071
2689,Normal,0.9587981104850769
2690,Normal,0.9597141742706299
2691,Normal,0.9636021852493286
2692,Normal,0.9597823619842529
2693,Normal,0.9597289562225342
2694,Normal,0.9594183564186096
2695,Normal,0.9602734446525574
2696,Normal,0.9601210951805115
2697,Normal,0.9596816301345825
2698,Normal,0.9604685306549072
2699,Normal,0.9609137773513794
2700,Normal,0.9608590602874756
2701,Normal,0.9604949951171875
2702,Normal,0.9640649557113647
2703,Normal,0.960883617401123
2704,Normal,0.9606249332427979
2705,Normal,0.9611114859580994
2706,Normal,0.9601274132728577
2707,Normal,0.9593040347099304
2708,Normal,0.9597294926643372
2709,Normal,0.9587804675102234
2710,Normal,0.9603185057640076
2711,Normal,0.960536777973175
2712,Normal,0.9611841440200806
2713,Normal,0.9615069627761841
2714,Normal,0.9624252319335938
2715,Normal,0.9599756598472595
2716,Normal,0.961622953414917
2717,Normal,0.9607110619544983
2718,Normal,0.9599687457084656
2719,Normal,0.9595018625259399
2720,Normal,0.9609143137931824
2721,Normal,0.9610228538513184
2722,Normal,0.9654436707496643
2723,Normal,0.9610714316368103
2724,Normal,0.9608309864997864
2725,Normal,0.9613693356513977
2726,Normal,0.9604005217552185
2727,Normal,0.9595791101455688
2728,Normal,0.9599464535713196
2729,Normal,0.9631183743476868
2730,Normal,0.9600623250007629
2731,Normal,0.9591180682182312
2732,Normal,0.960196316242218
2733,Normal,0.9607096314430237
2734,Normal,0.9600387215614319
2735,Normal,0.959265410900116
2736,Normal,0.9595893025398254
2737,Normal,0.9617200493812561
2738,Normal,0.9609609842300415
2739,Normal,0.9608645439147949
2740,Normal,0.9646487832069397
2741,Normal,0.9609414935112
2742,Normal,0.9610540270805359
2743,Normal,0.9613022804260254
2744,Normal,0.9608140587806702
2745,Normal,0.9602845311164856
2746,Normal,0.9594842791557312
2747,Normal,0.9597212672233582
2748,Normal,0.9590639472007751
2749,Normal,0.9599980711936951
2750,Normal,0.9609334468841553
2751,Normal,0.961336076259613
2752,Normal,0.9616281390190125
2753,Normal,0.9627816677093506
2754,Normal,0.9610736966133118
2755,Normal,0.9614109992980957
2756,Normal,0.9604077935218811
2757,Normal,0.9602285027503967
2758,Normal,0.9592846035957336
2759,Normal,0.9607456922531128
2760,Normal,0.9612890481948853
2761,Normal,0.9638384580612183
2762,Normal,0.9608011841773987
2763,Normal,0.9608681797981262
2764,Normal,0.9608725905418396
2765,Normal,0.9610680937767029
2766,Normal,0.9596934914588928
2767,Normal,0.9605924487113953
2768,Normal,0.9632219076156616
2769,Normal,0.9598596692085266
2770,Normal,0.9588685631752014
2771,Normal,0.9594281911849976
2772,Normal,0.9597780704498291
2773,Normal,0.9603655934333801
2774,Normal,0.9593865275382996
2775,Normal,0.9602729082107544
2776,Normal,0.9608907699584961
2777,Normal,0.9607862830162048
2778,Normal,0.9605129361152649
2779,Normal,0.9623335599899292
2780,Normal,0.9606878161430359
2781,Normal,0.9606524109840393
2782,Normal,0.9610758423805237
2783,Normal,0.9601210951805115
2784,Normal,0.9591920971870422
2785,Normal,0.9597457647323608
2786,Normal,0.9587200880050659
2787,Normal,0.9598986506462097
2788,Normal,0.9606780409812927
2789,Normal,0.9611677527427673
2790,Normal,0.9614077806472778
2791,Normal,0.9622237682342529
2792,Normal,0.9605480432510376
2793,Normal,0.9613522887229919
2794,Normal,0.9629587531089783
2795,Normal,0.959926187992096
2796,Normal,0.9590920805931091
2797,Normal,0.9605210423469543
2798,Normal,0.9609196186065674
2799,Normal,0.9630860686302185
2800,Normal,0.9608263969421387
2801,Normal,0.9606902599334717
2802,Normal,0.961317241191864
2803,Normal,0.9602335691452026
2804,Normal,0.9595298171043396
2805,Normal,0.9597535729408264
2806,Normal,0.9632197022438049
2807,Normal,0.9599241018295288
2808,Normal,0.959068775177002
2809,Normal,0.9595823884010315
2810,Normal,0.9606473445892334
2811,Normal,0.9603413939476013
2812,Normal,0.9600590467453003
2813,Normal,0.9600200057029724
2814,Normal,0.9610950946807861
2815,Normal,0.9605700373649597
2816,Normal,0.9605603218078613
2817,Normal,0.9623066782951355
2818,Normal,0.9606121182441711
2819,Normal,0.960819661617279
2820,Normal,0.9608932733535767
2821,Normal,0.9623687863349915
2822,Normal,0.9603067636489868
2823,Normal,0.9593145251274109
2824,Normal,0.9596074223518372
2825,Normal,0.9588696956634521
2826,Normal,0.9598367810249329
2827,Normal,0.9607135653495789
2828,Normal,0.9612532258033752
2829,Normal,0.9615198969841003
2830,Normal,0.9626216888427734
2831,Normal,0.9599456787109375
2832,Normal,0.961353063583374
2833,Normal,0.960569441318512
2834,Normal,0.9596310257911682
2835,Normal,0.9595760703086853
2836,Normal,0.9607102870941162
2837,Normal,0.9608001708984375
2838,Normal,0.9640039205551147
2839,Normal,0.9607857465744019
2840,Normal,0.9606232643127441
2841,Normal,0.9610474109649658
2842,Normal,0.961086630821228
2843,Normal,0.9601805806159973
2844,Normal,0.9594577550888062
2845,Normal,0.9600238800048828
2846,Normal,0.9633410573005676
2847,Normal,0.9598481059074402
2848,Normal,0.9588778614997864
2849,Normal,0.9596917629241943
2850,Normal,0.9600297808647156
2851,Normal,0.9593711495399475
2852,Normal,0.9590626955032349
2853,Normal,0.96075838804245
2854,Normal,0.9611872434616089
2855,Normal,0.9608086347579956
2856,Normal,0.9604006409645081
2857,Normal,0.9625807404518127
2858,Normal,0.9605626463890076
2859,Normal,0.9607426524162292
2860,Normal,0.9600271582603455
2861,Normal,0.9607260227203369
2862,Normal,0.9613815546035767
2863,Normal,0.960246205329895
2864,Normal,0.9592466354370117
2865,Normal,0.9598150849342346
2866,Normal,0.9587969779968262
2867,Normal,0.9596474170684814
2868,Normal,0.9605513215065002
2869,Normal,0.9609785676002502
2870,Normal,0.9612777829170227
2871,Normal,0.9621256589889526
2872,Normal,0.9593297839164734
2873,Normal,0.9612210988998413
2874,Normal,0.9604021906852722
2875,Normal,0.9601752161979675
2876,Normal,0.9598714113235474
2877,Normal,0.9607875347137451
2878,Normal,0.9611422419548035
2879,Normal,0.9644029140472412
2880,Normal,0.9608413577079773
2881,Normal,0.9607223868370056
2882,Normal,0.9618293046951294
2883,Normal,0.9602149724960327
2884,Normal,0.9594056010246277
2885,Normal,0.9595841765403748
2886,Normal,0.9635121822357178
2887,Normal,0.9600182771682739
2888,Normal,0.9590368270874023
2889,Normal,0.9597890377044678
2890,Normal,0.9605503082275391
2891,Normal,0.9608924984931946
2892,Normal,0.9597915410995483
2893,Normal,0.9593343138694763
2894,Normal,0.96109938621521
2895,Normal,0.9607555270195007
2896,Normal,0.9606320858001709
2897,Normal,0.962812066078186
2898,Normal,0.9607382416725159
2899,Normal,0.9608592987060547
2900,Normal,0.9615188837051392
2901,Normal,0.9600324630737305
2902,Normal,0.9593120217323303
2903,Normal,0.9596000909805298
2904,Normal,0.9587779641151428
2905,Normal,0.9602562785148621
2906,Normal,0.9608381390571594
2907,Normal,0.9614003896713257
2908,Normal,0.9617522358894348
2909,Normal,0.9629661440849304
2910,Normal,0.9594632387161255
2911,Normal,0.9617803692817688
2912,Normal,0.960746169090271
2913,Normal,0.9604160785675049
2914,Normal,0.9596689939498901
2915,Normal,0.9608416557312012
2916,Normal,0.9611948728561401
2917,Normal,0.9650974869728088
2918,Normal,0.9610662460327148
2919,Normal,0.9607928991317749
2920,Normal,0.9621661305427551
2921,Normal,0.9603186249732971
2922,Normal,0.9595676064491272
2923,Normal,0.9593353867530823
2924,Normal,0.9633833169937134
2925,Normal,0.9601776003837585
2926,Normal,0.9588850140571594
2927,Normal,0.9600002765655518
2928,Normal,0.9606229066848755
2929,Normal,0.9604759812355042
2930,Normal,0.9596066474914551
2931,Normal,0.960930585861206
2932,Normal,0.9613219499588013
2933,Normal,0.9610252976417542
2934,Normal,0.9605925679206848
2935,Normal,0.9636990427970886
2936,Normal,0.9608843922615051
2937,Normal,0.9607455134391785
2938,Normal,0.9611467123031616
2939,Normal,0.9606249332427979
2940,Normal,0.9602696895599365
2941,Normal,0.9593198895454407
2942,Normal,0.9597743153572083
2943,Normal,0.9589806199073792
2944,Normal,0.9601504802703857
2945,Normal,0.9605994820594788
2946,Normal,0.9611000418663025
2947,Normal,0.9613569974899292
2948,Normal,0.9622191190719604
2949,Normal,0.960543155670166
2950,Normal,0.9612244963645935
2951,Normal,0.9605215191841125
2952,Normal,0.9601238965988159
2953,Normal,0.959658682346344
2954,Normal,0.9606850743293762
2955,Normal,0.9607539772987366
2956,Normal,0.9643000364303589
2957,Normal,0.9608425498008728
2958,Normal,0.9606733918190002
2959,Normal,0.9607684016227722
2960,Normal,0.9601013660430908
2961,Normal,0.9594694972038269
2962,Normal,0.9594542980194092
2963,Normal,0.9597004055976868
2964,Normal,0.9630420804023743
2965,Normal,0.9593108296394348
2966,Normal,0.9601746201515198
2967,Normal,0.9606772661209106
2968,Normal,0.9600790143013
2969,Normal,0.9597808122634888
2970,Normal,0.9591335654258728
2971,Normal,0.9610962867736816
2972,Normal,0.9607823491096497
2973,Normal,0.960623562335968
2974,Normal,0.9633440375328064
2975,Normal,0.9607555270195007
2976,Normal,0.9607776403427124
2977,Normal,0.960218608379364
2978,Normal,0.9599075317382812
2979,Normal,0.9592779874801636
2980,Normal,0.9594587087631226
2981,Normal,0.9587403535842896
2982,Normal,0.9600692391395569
2983,Normal,0.9606841802597046
2984,Normal,0.96125727891922
2985,Normal,0.961564838886261
2986,Normal,0.9625208377838135
2987,Normal,0.960070788860321
2988,Normal,0.9613908529281616
2989,Normal,0.9608151316642761
2990,Normal,0.9600462913513184
2991,Normal,0.9594008922576904
2992,Normal,0.9607134461402893
2993,Normal,0.9608889818191528
2994,Normal,0.9661837220191956
2995,Normal,0.9609020948410034
2996,Normal,0.9607183933258057
2997,Normal,0.9607697129249573
2998,Normal,0.9601811170578003
2999,Normal,0.9595293998718262
3000,Normal,0.9601377248764038
3001,Normal,0.9631849527359009
3002,Normal,0.9598622918128967
3003,Normal,0.9588657021522522
3004,Normal,0.9599056839942932
3005,Normal,0.9617195129394531
3006,Normal,0.9603463411331177
3007,Normal,0.9597904682159424
3008,Normal,0.9610453248023987
3009,Normal,0.9614744782447815
3010,Normal,0.9609155058860779
3011,Normal,0.9606481194496155
3012,Normal,0.964379608631134
3013,Normal,0.9609442353248596
3014,Normal,0.960715651512146
3015,Normal,0.9610621333122253
3016,Normal,0.9625503420829773
3017,Normal,0.9604288935661316
3018,Normal,0.9593896865844727
3019,Normal,0.9598656892776489
3020,Normal,0.9590237736701965
3021,Normal,0.9601825475692749
3022,Normal,0.9606612920761108
3023,Normal,0.9612619280815125
3024,Normal,0.9615461230278015
3025,Normal,0.9624577164649963
3026,Normal,0.9605674743652344
3027,Normal,0.9613949060440063
3028,Normal,0.9605386853218079
3029,Normal,0.9596114158630371
3030,Normal,0.9592979550361633
3031,Normal,0.9609487652778625
3032,Normal,0.9608815908432007
3033,Normal,0.9661752581596375
3034,Normal,0.9610883593559265
3035,Normal,0.9607603549957275
3036,Normal,0.961371123790741
3037,Normal,0.9610360860824585
3038,Normal,0.9602619409561157
3039,Normal,0.959556519985199
3040,Normal,0.9596638679504395
3041,Normal,0.9600714445114136
3042,Normal,0.9629133343696594
3043,Normal,0.9593652486801147
3044,Normal,0.960226833820343
3045,Normal,0.9605867266654968
3046,Normal,0.9605233669281006
3047,Normal,0.9592862129211426
3048,Normal,0.9597334861755371
3049,Normal,0.961087167263031
3050,Normal,0.9608615636825562
3051,Normal,0.9605900645256042
3052,Normal,0.9637083411216736
3053,Normal,0.9607122540473938
3054,Normal,0.9607688188552856
3055,Normal,0.9601425528526306
3056,Normal,0.9608181118965149
3057,Normal,0.9606539607048035
3058,Normal,0.9601653814315796
3059,Normal,0.9593468904495239
3060,Normal,0.9598047137260437
3061,Normal,0.9588721990585327
3062,Normal,0.9603275656700134
3063,Normal,0.9605781435966492
3064,Normal,0.9611451029777527
3065,Normal,0.961449146270752
3066,Normal,0.9624753594398499
3067,Normal,0.9610648155212402
3068,Normal,0.961273729801178
3069,Normal,0.9603307247161865
3070,Normal,0.9603649377822876
3071,Normal,0.9595052599906921
3072,Normal,0.9607418775558472
3073,Normal,0.9612680077552795
3074,Normal,0.9641122817993164
3075,Normal,0.960858941078186
3076,Normal,0.960726261138916
3077,Normal,0.9609889388084412
3078,Normal,0.9602217674255371
3079,Normal,0.9594469666481018
3080,Normal,0.9605249166488647
3081,Normal,0.9634328484535217
3082,Normal,0.9598737955093384
3083,Normal,0.9588558673858643
3084,Normal,0.9600356221199036
3085,Normal,0.9600762724876404
3086,Normal,0.9595032930374146
3087,Normal,0.9604947566986084
3088,Normal,0.9608951807022095
3089,Normal,0.9612122774124146
3090,Normal,0.9609023928642273
3091,Normal,0.9605973958969116
3092,Normal,0.9624471068382263
3093,Normal,0.9607499837875366
3094,Normal,0.9607395529747009
3095,Normal,0.9611585140228271
3096,Normal,0.9600974917411804
3097,Normal,0.9592283368110657
3098,Normal,0.9597445726394653
3099,Normal,0.9587609767913818
3100,Normal,0.9602110385894775
3101,Normal,0.960526704788208
3102,Normal,0.9610946178436279
3103,Normal,0.9613520503044128
3104,Normal,0.962236225605011
3105,Normal,0.9600952863693237
3106,Normal,0.9616376757621765
3107,Normal,0.961155891418457
3108,Normal,0.9604657292366028
3109,Normal,0.9590303897857666
3110,Normal,0.9605875015258789
3111,Normal,0.9608592987060547
3112,Normal,0.9630362391471863
3113,Normal,0.9608853459358215
3114,Normal,0.9606795907020569
3115,Normal,0.9613572359085083
3116,Normal,0.9601930975914001
3117,Normal,0.9595726132392883
3118,Normal,0.9596220254898071
3119,Normal,0.9586083292961121
3120,Normal,0.9628609418869019
3121,Normal,0.9592708945274353
3122,Normal,0.9601941108703613
3123,Normal,0.9607605338096619
3124,Normal,0.9604114294052124
3125,Normal,0.9604858756065369
3126,Normal,0.9598183631896973
3127,Normal,0.9611353874206543
3128,Normal,0.960740327835083
3129,Normal,0.9605576992034912
3130,Normal,0.9625065922737122
3131,Normal,0.9606695771217346
3132,Normal,0.9608169198036194
3133,Normal,0.9609651565551758
3134,Normal,0.9608935117721558
3135,Normal,0.960206925868988
3136,Normal,0.9593397974967957
3137,Normal,0.959670901298523
3138,Normal,0.958910346031189
3139,Normal,0.960398256778717
3140,Normal,0.9605207443237305
3141,Normal,0.9610908031463623
3142,Normal,0.9613794684410095
3143,Normal,0.9623662829399109
3144,Normal,0.9595129489898682
3145,Normal,0.9613890647888184
3146,Normal,0.9606620073318481
3147,Normal,0.9600864052772522
3148,Normal,0.9596770405769348
3149,Normal,0.9607111811637878
3150,Normal,0.9610140323638916
3151,Normal,0.9640340805053711
3152,Normal,0.960812509059906
3153,Normal,0.9606509804725647
3154,Normal,0.961086630821228
3155,Normal,0.9601715803146362
3156,Normal,0.9594529271125793
3157,Normal,0.9596141576766968
3158,Normal,0.9631996750831604
3159,Normal,0.9599178433418274
3160,Normal,0.9588262438774109
3161,Normal,0.9601228833198547
3162,Normal,0.9605836272239685
3163,Normal,0.9604224562644958
3164,Normal,0.9601517915725708
3165,Normal,0.959252119064331
3166,Normal,0.9609418511390686
3167,Normal,0.9607335925102234
3168,Normal,0.9604021906852722
3169,Normal,0.9607447981834412
3170,Normal,0.9627097249031067
3171,Normal,0.9609959721565247
3172,Normal,0.9615839123725891
3173,Normal,0.9600828886032104
3174,Normal,0.9592030644416809
3175,Normal,0.9596808552742004
3176,Normal,0.9587008953094482
3177,Normal,0.9601534008979797
3178,Normal,0.9605075716972351
3179,Normal,0.9611499309539795
3180,Normal,0.9614338278770447
3181,Normal,0.9622842669487
3182,Normal,0.9598122239112854
3183,Normal,0.9613226056098938
3184,Normal,0.9603972434997559
3185,Normal,0.9599855542182922
3186,Normal,0.9591088891029358
3187,Normal,0.9607459306716919
3188,Normal,0.9608016014099121
3189,Normal,0.9608275890350342
3190,Normal,0.9630509614944458
3191,Normal,0.9609850645065308
3192,Normal,0.9620836973190308
3193,Normal,0.9603297114372253
3194,Normal,0.9594690203666687
3195,Normal,0.959703803062439
3196,Normal,0.9594888687133789
3197,Normal,0.9629499912261963
3198,Normal,0.9593326449394226
3199,Normal,0.9604185819625854
3200,Normal,0.9609411954879761
3201,Normal,0.961365282535553
3202,Normal,0.9599851965904236
3203,Normal,0.9593746662139893
3204,Normal,0.9613742828369141
3205,Normal,0.9608425498008728
3206,Normal,0.9607440829277039
3207,Normal,0.960962176322937
3208,Normal,0.9626157283782959
3209,Normal,0.9611479640007019
3210,Normal,0.9617697596549988
3211,Normal,0.9627173542976379
3212,Normal,0.9605206251144409
3213,Normal,0.9593599438667297
3214,Normal,0.9596751928329468
3215,Normal,0.9590417742729187
3216,Normal,0.9604179263114929
3217,Normal,0.9606060981750488
3218,Normal,0.9612839818000793
3219,Normal,0.9616721868515015
3220,Normal,0.9629850387573242
3221,Normal,0.9599419236183167
3222,Normal,0.9617867469787598
3223,Normal,0.9609774947166443
3224,Normal,0.9604965448379517
3225,Normal,0.9596745371818542
3226,Normal,0.9610033631324768
3227,Normal,0.9608710408210754
3228,Normal,0.96092289686203
3229,Normal,0.9652641415596008
3230,Normal,0.9611351490020752
3231,Normal,0.9613008499145508
3232,Normal,0.9622588753700256
3233,Normal,0.9604510068893433
3234,Normal,0.9595116376876831
3235,Normal,0.9598840475082397
3236,Normal,0.9636021852493286
3237,Normal,0.9602655172348022
3238,Normal,0.9589884877204895
3239,Normal,0.9602633118629456
3240,Normal,0.9605631828308105
3241,Normal,0.9610605239868164
3242,Normal,0.9598760008811951
3243,Normal,0.959769070148468
3244,Normal,0.9609881639480591
3245,Normal,0.9610532522201538
3246,Normal,0.96035236120224
3247,Normal,0.9607780575752258
3248,Normal,0.9629999995231628
3249,Normal,0.9609922766685486
3250,Normal,0.9601808786392212
3251,Normal,0.9606305360794067
3252,Normal,0.9606801271438599
3253,Normal,0.9603080749511719
3254,Normal,0.9591997861862183
3255,Normal,0.9599295258522034
3256,Normal,0.9588711857795715
3257,Normal,0.9602522253990173
3258,Normal,0.96037757396698
3259,Normal,0.9609822034835815
3260,Normal,0.9613721966743469
3261,Normal,0.9620530605316162
3262,Normal,0.9610270261764526
3263,Normal,0.9611806273460388
3264,Normal,0.9606276750564575
3265,Normal,0.9597663879394531
3266,Normal,0.9600146412849426
3267,Normal,0.9610310196876526
3268,Normal,0.9610505700111389
3269,Normal,0.9609056115150452
3270,Normal,0.9637680053710938
3271,Normal,0.9611205458641052
3272,Normal,0.9609850645065308
3273,Normal,0.960218071937561
3274,Normal,0.959410548210144
3275,Normal,0.9594969153404236
3276,Normal,0.9604148268699646
3277,Normal,0.9628241062164307
3278,Normal,0.9592706561088562
3279,Normal,0.9601548314094543
3280,Normal,0.9605405330657959
3281,Normal,0.9615601897239685
3282,Normal,0.9608727097511292
3283,Normal,0.960807204246521
3284,Normal,0.9595460891723633
3285,Normal,0.9609127640724182
3286,Normal,0.9607776999473572
3287,Normal,0.9608185291290283
3288,Normal,0.9628169536590576
3289,Normal,0.9611100554466248
3290,Normal,0.9603559970855713
3291,Normal,0.9600323438644409
3292,Normal,0.9592727422714233
3293,Normal,0.9595455527305603
3294,Normal,0.9587113261222839
3295,Normal,0.9601658582687378
3296,Normal,0.9604135155677795
3297,Normal,0.961175262928009
3298,Normal,0.9615286588668823
3299,Normal,0.962488055229187
3300,Normal,0.9605273604393005
3301,Normal,0.961361825466156
3302,Normal,0.9606512784957886
3303,Normal,0.9603301882743835
3304,Normal,0.9598228335380554
3305,Normal,0.9607714414596558
3306,Normal,0.9607507586479187
3307,Normal,0.9607632160186768
3308,Normal,0.9650265574455261
3309,Normal,0.961024284362793
3310,Normal,0.960748016834259
3311,Normal,0.9601280689239502
3312,Normal,0.9594376683235168
3313,Normal,0.9605260491371155
3314,Normal,0.9631626009941101
3315,Normal,0.9597801566123962
3316,Normal,0.9588645100593567
3317,Normal,0.9599889516830444
3318,Normal,0.9604755640029907
3319,Normal,0.9609273076057434
3320,Normal,0.9600964784622192
3321,Normal,0.9597143530845642
3322,Normal,0.9607876539230347
3323,Normal,0.9607546329498291
3324,Normal,0.9602911472320557
3325,Normal,0.9606913328170776
3326,Normal,0.9634696245193481
3327,Normal,0.9609063863754272
3328,Normal,0.9609109163284302
3329,Normal,0.9606760740280151
3330,Normal,0.9601710438728333
3331,Normal,0.9592447876930237
3332,Normal,0.9597169160842896
3333,Normal,0.9589332342147827
3334,Normal,0.9601743221282959
3335,Normal,0.960149884223938
3336,Normal,0.9608224034309387
3337,Normal,0.9610986113548279
3338,Normal,0.9618762135505676
3339,Normal,0.9599010348320007
3340,Normal,0.9609859585762024
3341,Normal,0.960098147392273
3342,Normal,0.959571123123169
3343,Normal,0.959348201751709
3344,Normal,0.9606913328170776
3345,Normal,0.9606188535690308
3346,Normal,0.9607317447662354
3347,Normal,0.9640441536903381
3348,Normal,0.9608790874481201
3349,Normal,0.9608649015426636
3350,Normal,0.960070013999939
3351,Normal,0.9594122767448425
3352,Normal,0.9595032930374146
3353,Normal,0.9588867425918579
3354,Normal,0.9596096277236938
3355,Normal,0.9628603458404541
3356,Normal,0.9604701399803162
3357,Normal,0.9604412317276001
3358,Normal,0.9613146781921387
3359,Normal,0.9606202840805054
3360,Normal,0.9597133994102478
3361,Normal,0.9592615365982056
3362,Normal,0.9607126712799072
3363,Normal,0.9608064293861389
3364,Normal,0.960700511932373
3365,Normal,0.9636715054512024
3366,Normal,0.9610443115234375
3367,Normal,0.9606062173843384
3368,Normal,0.9599180817604065
3369,Normal,0.9593113660812378
3370,Normal,0.959496021270752
3371,Normal,0.9587280750274658
3372,Normal,0.9598702192306519
3373,Normal,0.9608290195465088
3374,Normal,0.961355447769165
3375,Normal,0.9615516066551208
3376,Normal,0.9624656438827515
3377,Normal,0.9599395990371704
3378,Normal,0.9613916277885437
3379,Normal,0.9609327912330627
3380,Normal,0.9603144526481628
3381,Normal,0.9596803188323975
3382,Normal,0.960760235786438
3383,Normal,0.9610970616340637
3384,Normal,0.9607585668563843
3385,Normal,0.9623900055885315
3386,Normal,0.9609994888305664
3387,Normal,0.9609542489051819
3388,Normal,0.9601579308509827
3389,Normal,0.9595322608947754
3390,Normal,0.9596641063690186
3391,Normal,0.9605646133422852
3392,Normal,0.9629026055335999
3393,Normal,0.9590473771095276
3394,Normal,0.9598471522331238
3395,Normal,0.9608135223388672
3396,Normal,0.9606790542602539
3397,Normal,0.9607924818992615
3398,Normal,0.9591710567474365
3399,Normal,0.9612014889717102
3400,Normal,0.9606738686561584
3401,Normal,0.960707426071167
3402,Normal,0.9608872532844543
3403,Normal,0.9622268676757812
3404,Normal,0.9610303640365601
3405,Normal,0.961195170879364
3406,Normal,0.9600957632064819
3407,Normal,0.9592902064323425
3408,Normal,0.9597581624984741
3409,Normal,0.9587916135787964
3410,Normal,0.9600453972816467
3411,Normal,0.9607511162757874
3412,Normal,0.9611804485321045
3413,Normal,0.961450457572937
3414,Normal,0.9624190330505371
3415,Normal,0.9605889320373535
3416,Normal,0.9618874788284302
3417,Normal,0.9621837735176086
3418,Normal,0.9612542390823364
3419,Normal,0.9604434370994568
3420,Normal,0.9596748352050781
3421,Normal,0.960702121257782
3422,Normal,0.9610409140586853
3423,Normal,0.9608384966850281
3424,Normal,0.9625727534294128
3425,Normal,0.9612815380096436
3426,Normal,0.9612970948219299
3427,Normal,0.9612571001052856
3428,Normal,0.9602635502815247
3429,Normal,0.959502637386322
3430,Normal,0.9596475958824158
3431,Normal,0.959187388420105
3432,Normal,0.9599655270576477
3433,Normal,0.9635169506072998
3434,Normal,0.9604408740997314
3435,Normal,0.960594117641449
3436,Normal,0.9617142081260681
3437,Normal,0.960189700126648
3438,Normal,0.9602466225624084
3439,Normal,0.9593019485473633
3440,Normal,0.9603891968727112
3441,Normal,0.96107417345047
3442,Normal,0.9605621099472046
3443,Normal,0.9618173241615295
3444,Normal,0.9607992768287659
3445,Normal,0.9601054191589355
3446,Normal,0.96089106798172
3447,Normal,0.9608633518218994
3448,Normal,0.9601851105690002
3449,Normal,0.9593080878257751
3450,Normal,0.9597352147102356
3451,Normal,0.9588208794593811
3452,Normal,0.9598249197006226
3453,Normal,0.9607529640197754
3454,Normal,0.9611693024635315
3455,Normal,0.9615275859832764
3456,Normal,0.962524950504303
3457,Normal,0.9603530764579773
3458,Normal,0.9617316126823425
3459,Normal,0.9605648517608643
3460,Normal,0.9601105451583862
3461,Normal,0.9598041772842407
3462,Normal,0.9604325294494629
3463,Normal,0.9609706997871399
3464,Normal,0.960693359375
3465,Normal,0.9634709358215332
3466,Normal,0.96109938621521
3467,Normal,0.9610162377357483
3468,Normal,0.9601485133171082
3469,Normal,0.9594923257827759
3470,Normal,0.959520697593689
3471,Normal,0.9595809578895569
3472,Normal,0.9631377458572388
3473,Normal,0.9589753150939941
3474,Normal,0.9597599506378174
3475,Normal,0.9607186317443848
3476,Normal,0.9602144360542297
3477,Normal,0.9602480530738831
3478,Normal,0.9597517251968384
3479,Normal,0.9611042141914368
3480,Normal,0.9606049060821533
3481,Normal,0.9605466723442078
3482,Normal,0.9606826901435852
3483,Normal,0.9626517295837402
3484,Normal,0.9609799981117249
3485,Normal,0.9614721536636353
3486,Normal,0.9600542187690735
3487,Normal,0.9591994881629944
3488,Normal,0.9596114754676819
3489,Normal,0.958681046962738
3490,Normal,0.9599087238311768
3491,Normal,0.9605433940887451
3492,Normal,0.9611451029777527
3493,Normal,0.9614512324333191
3494,Normal,0.9624416828155518
3495,Normal,0.9608973860740662
3496,Normal,0.9617043137550354
3497,Normal,0.9603127837181091
3498,Normal,0.9598328471183777
3499,Normal,0.9591817855834961
3500,Normal,0.9606542587280273
3501,Normal,0.9610602855682373
3502,Normal,0.960735023021698
3503,Normal,0.9630749225616455
3504,Normal,0.9610424637794495
3505,Normal,0.961944043636322
3506,Normal,0.9602137804031372
3507,Normal,0.9594873785972595
3508,Normal,0.9596169590950012
3509,Normal,0.9589243531227112
3510,Normal,0.9603649377822876
3511,Normal,0.9634259939193726
3512,Normal,0.9606137871742249
3513,Normal,0.9608629941940308
3514,Normal,0.9619135856628418
3515,Normal,0.9604435563087463
3516,Normal,0.9596211314201355
3517,Normal,0.9591744542121887
3518,Normal,0.9606442451477051
3519,Normal,0.9610707759857178
3520,Normal,0.9607388973236084
3521,Normal,0.9627351760864258
3522,Normal,0.9611390233039856
3523,Normal,0.9609804749488831
3524,Normal,0.9614251852035522
3525,Normal,0.960316002368927
3526,Normal,0.9594070315361023
3527,Normal,0.959656834602356
3528,Normal,0.958970844745636
3529,Normal,0.9602590799331665
3530,Normal,0.9607277512550354
3531,Normal,0.9612080454826355
3532,Normal,0.9615383744239807
3533,Normal,0.9626509547233582
3534,Normal,0.9606792330741882
3535,Normal,0.9616394639015198
3536,Normal,0.9602929949760437
3537,Normal,0.95968097448349
3538,Normal,0.95936119556427
3539,Normal,0.9605544805526733
3540,Normal,0.961030125617981
3541,Normal,0.9606561660766602
3542,Normal,0.9643170833587646
3543,Normal,0.9611380100250244
3544,Normal,0.9615992307662964
3545,Normal,0.9601808190345764
3546,Normal,0.9595587253570557
3547,Normal,0.9595852494239807
3548,Normal,0.9600556492805481
3549,Normal,0.963217556476593
3550,Normal,0.9589998722076416
3551,Normal,0.9602609276771545
3552,Normal,0.9607541561126709
3553,Normal,0.9613040089607239
3554,Normal,0.9600493907928467
3555,Normal,0.959755003452301
3556,Normal,0.9610801935195923
3557,Normal,0.96072918176651
3558,Normal,0.9606862664222717
3559,Normal,0.9607980847358704
3560,Normal,0.9635775089263916
3561,Normal,0.9610735177993774
3562,Normal,0.9606322646141052
3563,Normal,0.9599412679672241
3564,Normal,0.9592445492744446
3565,Normal,0.9595915079116821
3566,Normal,0.9587359428405762
3567,Normal,0.9600936770439148
3568,Normal,0.9606879353523254
3569,Normal,0.9612244963645935
3570,Normal,0.9614936113357544
3571,Normal,0.9624472260475159
3572,Normal,0.9618141055107117
3573,Normal,0.9615041017532349
3574,Normal,0.9603189826011658
3575,Normal,0.9603309631347656
3576,Normal,0.9591181874275208
3577,Normal,0.9607013463973999
3578,Normal,0.9608407020568848
3579,Normal,0.9607192873954773
3580,Normal,0.963502049446106
3581,Normal,0.9610251784324646
3582,Normal,0.9609066247940063
3583,Normal,0.960147500038147
3584,Normal,0.9594940543174744
3585,Normal,0.9594635367393494
3586,Normal,0.9589542746543884
3587,Normal,0.9622546434402466
3588,Normal,0.96295565366745
3589,Normal,0.9606431722640991
3590,Normal,0.9608116149902344
3591,Normal,0.9614784121513367
3592,Normal,0.9603132605552673
3593,Normal,0.9596308469772339
3594,Normal,0.9589299559593201
3595,Normal,0.9607686996459961
3596,Normal,0.9608494639396667
3597,Normal,0.96080482006073
3598,Normal,0.9627684354782104
3599,Normal,0.9610385894775391
3600,Normal,0.9602877497673035
3601,Normal,0.959955632686615
3602,Normal,0.9592942595481873
3603,Normal,0.9594984650611877
3604,Normal,0.9587349891662598
3605,Normal,0.9600969552993774
3606,Normal,0.9608221650123596
3607,Normal,0.9613260626792908
3608,Normal,0.9615936279296875
3609,Normal,0.9623759984970093
3610,Normal,0.9616111516952515
3611,Normal,0.961469829082489
3612,Normal,0.9619392156600952
3613,Normal,0.9611636996269226
3614,Normal,0.960331916809082
3615,Normal,0.9598397612571716
3616,Normal,0.9607644081115723
3617,Normal,0.9607342481613159
3618,Normal,0.9606754183769226
3619,Normal,0.9653280377388
3620,Normal,0.9612457156181335
3621,Normal,0.9612805247306824
3622,Normal,0.9604153633117676
3623,Normal,0.9602196216583252
3624,Normal,0.9595165252685547
3625,Normal,0.9595603346824646
3626,Normal,0.95964115858078
3627,Normal,0.9630846381187439
3628,Normal,0.9590423107147217
3629,Normal,0.9599786400794983
3630,Normal,0.9604236483573914
3631,Normal,0.9606918096542358
3632,Normal,0.9597289562225342
3633,Normal,0.959089457988739
3634,Normal,0.961061418056488
3635,Normal,0.960587739944458
3636,Normal,0.9604862928390503
3637,Normal,0.9605552554130554
3638,Normal,0.9637536406517029
3639,Normal,0.9609233140945435
3640,Normal,0.9600985646247864
3641,Normal,0.9607061147689819
3642,Normal,0.9607896208763123
3643,Normal,0.9602376222610474
3644,Normal,0.9593244194984436
3645,Normal,0.95986008644104
3646,Normal,0.9588397741317749
3647,Normal,0.9599506855010986
3648,Normal,0.96045982837677
3649,Normal,0.9610073566436768
3650,Normal,0.9613629579544067
3651,Normal,0.9620990753173828
3652,Normal,0.9606212973594666
3653,Normal,0.9611503481864929
3654,Normal,0.9604106545448303
3655,Normal,0.9592861533164978
3656,Normal,0.9600158333778381
3657,Normal,0.9606684446334839
3658,Normal,0.9608694911003113
3659,Normal,0.960813045501709
3660,Normal,0.9650216698646545
3661,Normal,0.9611425399780273
3662,Normal,0.9610742926597595
3663,Normal,0.9610363841056824
3664,Normal,0.9606870412826538
3665,Normal,0.9633179306983948
3666,Normal,0.9597976207733154
3667,Normal,0.9596306085586548
3668,Normal,0.959071934223175
3669,Normal,0.9593636989593506
3670,Normal,0.9601197838783264
3671,Normal,0.959234356880188
3672,Normal,0.9595953822135925
3673,Normal,0.9604525566101074
3674,Normal,0.961156964302063
3675,Normal,0.9606936573982239
3676,Normal,0.960521936416626
3677,Normal,0.9607768654823303
3678,Normal,0.9639290571212769
3679,Normal,0.9610814452171326
3680,Normal,0.9608818292617798
3681,Normal,0.960077702999115
3682,Normal,0.9591877460479736
3683,Normal,0.9595658183097839
3684,Normal,0.9586681723594666
3685,Normal,0.9602189064025879
3686,Normal,0.9605284333229065
3687,Normal,0.9612242579460144
3688,Normal,0.9615890979766846
3689,Normal,0.9627352952957153
3690,Normal,0.9608750343322754
3691,Normal,0.9613008499145508
3692,Normal,0.9601028561592102
3693,Normal,0.9606183171272278
3694,Normal,0.9592655897140503
3695,Normal,0.9606694579124451
3696,Normal,0.960865318775177
3697,Normal,0.9608624577522278
3698,Normal,0.9627096652984619
3699,Normal,0.9610203504562378
3700,Normal,0.9609816670417786
3701,Normal,0.9602106809616089
3702,Normal,0.9595637321472168
3703,Normal,0.9595624208450317
3704,Normal,0.9603297114372253
3705,Normal,0.9627414345741272
3706,Normal,0.9589895606040955
3707,Normal,0.9601253867149353
3708,Normal,0.960699737071991
3709,Normal,0.9605162143707275
3710,Normal,0.9609039425849915
3711,Normal,0.9591461420059204
3712,Normal,0.9608489274978638
3713,Normal,0.9607183933258057
3714,Normal,0.9604431986808777
3715,Normal,0.9607765078544617
3716,Normal,0.9619603753089905
3717,Normal,0.9608985781669617
3718,Normal,0.9610007405281067
3719,Normal,0.9609956741333008
3720,Normal,0.9602888226509094
3721,Normal,0.9591931104660034
3722,Normal,0.9596953988075256
3723,Normal,0.9589431285858154
3724,Normal,0.9603399634361267
3725,Normal,0.9603227972984314
3726,Normal,0.9608778953552246
3727,Normal,0.9612141251564026
3728,Normal,0.9620340466499329
3729,Normal,0.960566520690918
3730,Normal,0.9613257050514221
3731,Normal,0.9608031511306763
3732,Normal,0.9598234295845032
3733,Normal,0.9599746465682983
3734,Normal,0.9607496857643127
3735,Normal,0.960786759853363
3736,Normal,0.96072918176651
3737,Normal,0.9624254703521729
3738,Normal,0.9610406756401062
3739,Normal,0.9611886739730835
3740,Normal,0.9601679444313049
3741,Normal,0.9594833254814148
3742,Normal,0.9595458507537842
3743,Normal,0.9589311480522156
3744,Normal,0.9599496126174927
3745,Normal,0.9630865454673767
3746,Normal,0.9606889486312866
3747,Normal,0.9606956243515015
3748,Normal,0.9615883231163025
3749,Normal,0.9603807330131531
3750,Normal,0.9601133465766907
3751,Normal,0.9593999981880188
3752,Normal,0.9606593251228333
3753,Normal,0.9608572721481323
3754,Normal,0.9606969952583313
3755,Normal,0.9619702100753784
3756,Normal,0.9610626101493835
3757,Normal,0.9608556628227234
3758,Normal,0.9599764347076416
3759,Normal,0.9592857956886292
3760,Normal,0.9595505595207214
3761,Normal,0.9586650729179382
3762,Normal,0.9600754380226135
3763,Normal,0.9605447053909302
3764,Normal,0.9612051844596863
3765,Normal,0.961505115032196
3766,Normal,0.9623470306396484
3767,Normal,0.9600344300270081
3768,Normal,0.9614038467407227
3769,Normal,0.960623025894165
3770,Normal,0.9597966074943542
3771,Normal,0.9591278433799744
3772,Normal,0.9606370329856873
3773,Normal,0.9610045552253723
3774,Normal,0.9607506394386292
3775,Normal,0.9631147384643555
3776,Normal,0.9609618782997131
3777,Normal,0.9613105058670044
3778,Normal,0.9600759744644165
3779,Normal,0.9594504833221436
3780,Normal,0.9596829414367676
3781,Normal,0.9594703316688538
3782,Normal,0.9630388617515564
3783,Normal,0.9590421915054321
3784,Normal,0.9602581858634949
3785,Normal,0.9607932567596436
3786,Normal,0.961694061756134
3787,Normal,0.9606156945228577
3788,Normal,0.9603222608566284
3789,Normal,0.9594515562057495
3790,Normal,0.9608436226844788
3791,Normal,0.9608349800109863
3792,Normal,0.960870087146759
3793,Normal,0.9627208113670349
3794,Normal,0.9610297679901123
3795,Normal,0.961665153503418
3796,Normal,0.9599835276603699
3797,Normal,0.9593263864517212
3798,Normal,0.9597601294517517
3799,Normal,0.9588159918785095
3800,Normal,0.9602560997009277
3801,Normal,0.960608720779419
3802,Normal,0.9611945152282715
3803,Normal,0.9615009427070618
3804,Normal,0.9623731970787048
3805,Normal,0.9595536589622498
3806,Normal,0.961488664150238
3807,Normal,0.9621702432632446
3808,Normal,0.9605218172073364
3809,Normal,0.9603273272514343
3810,Normal,0.9599477648735046
3811,Normal,0.9607864022254944
3812,Normal,0.9607784152030945
3813,Normal,0.9607563614845276
3814,Normal,0.9626531004905701
3815,Normal,0.9610531330108643
3816,Normal,0.9611374735832214
3817,Normal,0.9618706107139587
3818,Normal,0.9602208137512207
3819,Normal,0.9594678282737732
3820,Normal,0.9597522616386414
3821,Normal,0.9591575860977173
3822,Normal,0.9596754908561707
3823,Normal,0.9632442593574524
3824,Normal,0.9606407284736633
3825,Normal,0.9605481028556824
3826,Normal,0.9615862369537354
3827,Normal,0.9600830078125
3828,Normal,0.9594565033912659
3829,Normal,0.9610348343849182
3830,Normal,0.9604021906852722
3831,Normal,0.9608511328697205
3832,Normal,0.9605146646499634
3833,Normal,0.9619825482368469
3834,Normal,0.9608070254325867
3835,Normal,0.9600697755813599
3836,Normal,0.9607557058334351
3837,Normal,0.9614189267158508
3838,Normal,0.9601437449455261
3839,Normal,0.9593321084976196
3840,Normal,0.9597141742706299
3841,Normal,0.9588465690612793
3842,Normal,0.9602760076522827
3843,Normal,0.9604556560516357
3844,Normal,0.9610168933868408
3845,Normal,0.9614616632461548
3846,Normal,0.96250319480896
3847,Normal,0.9608821868896484
3848,Normal,0.9613152742385864
3849,Normal,0.9602954387664795
3850,Normal,0.9597591757774353
3851,Normal,0.9596450924873352
3852,Normal,0.9605846405029297
3853,Normal,0.9609180688858032
3854,Normal,0.9607219696044922
3855,Normal,0.9632771015167236
3856,Normal,0.9609456658363342
3857,Normal,0.9616546630859375
3858,Normal,0.9601361751556396
3859,Normal,0.9594635367393494
3860,Normal,0.9596213698387146
3861,Normal,0.9588069915771484
3862,Normal,0.9601842164993286
3863,Normal,0.9628622531890869
3864,Normal,0.9605906009674072
3865,Normal,0.9607235789299011
3866,Normal,0.9614895582199097
3867,Normal,0.9603290557861328
3868,Normal,0.9601576328277588
3869,Normal,0.9600775241851807
3870,Normal,0.9607928991317749
3871,Normal,0.9604920148849487
3872,Normal,0.9607387781143188
3873,Normal,0.961763858795166
3874,Normal,0.9607044458389282
3875,Normal,0.9605859518051147
3876,Normal,0.960015058517456
3877,Normal,0.9590915441513062
3878,Normal,0.9595617651939392
3879,Normal,0.9586123824119568
3880,Normal,0.960093080997467
3881,Normal,0.9602341055870056
3882,Normal,0.9609915614128113
3883,Normal,0.9612438678741455
3884,Normal,0.961961030960083
3885,Normal,0.9594783782958984
3886,Normal,0.961237370967865
3887,Normal,0.96026611328125
3888,Normal,0.9597169160842896
3889,Normal,0.9589520692825317
3890,Normal,0.9606536030769348
3891,Normal,0.9605053663253784
3892,Normal,0.9606066346168518
3893,Normal,0.9616983532905579
3894,Normal,0.960568368434906
3895,Normal,0.9607685804367065
3896,Normal,0.9600450992584229
3897,Normal,0.9593020081520081
3898,Normal,0.959549605846405
3899,Normal,0.9588657021522522
3900,Normal,0.9624638557434082
3901,Normal,0.9592342376708984
3902,Normal,0.960118293762207
3903,Normal,0.9604107737541199
3904,Normal,0.9605711102485657
3905,Normal,0.9604448676109314
3906,Normal,0.9596356749534607
3907,Normal,0.9609994292259216
3908,Normal,0.9606608748435974
3909,Normal,0.9603945016860962
3910,Normal,0.9606870412826538
3911,Normal,0.9630037546157837
3912,Normal,0.9609472155570984
3913,Normal,0.9609772562980652
3914,Normal,0.9601205587387085
3915,Normal,0.9601293802261353
3916,Normal,0.9592587947845459
3917,Normal,0.9596142172813416
3918,Normal,0.9589725732803345
3919,Normal,0.9602971076965332
3920,Normal,0.9602882862091064
3921,Normal,0.9609222412109375
3922,Normal,0.9611990451812744
3923,Normal,0.9622083902359009
3924,Normal,0.9593517184257507
3925,Normal,0.9612675309181213
3926,Normal,0.9604900479316711
3927,Normal,0.9603546857833862
3928,Normal,0.9593549370765686
3929,Normal,0.9606947898864746
3930,Normal,0.9608139395713806
3931,Normal,0.9607430696487427
3932,Normal,0.9645445346832275
3933,Normal,0.9609643816947937
3934,Normal,0.9605594277381897
3935,Normal,0.9601302146911621
3936,Normal,0.9594708681106567
3937,Normal,0.9594442248344421
3938,Normal,0.9586852192878723
3939,Normal,0.9627587795257568
3940,Normal,0.9590204954147339
3941,Normal,0.9602618217468262
3942,Normal,0.960615336894989
3943,Normal,0.9613433480262756
3944,Normal,0.9609212279319763
3945,Normal,0.9602898359298706
3946,Normal,0.9594867825508118
3947,Normal,0.960853099822998
3948,Normal,0.9607573747634888
3949,Normal,0.960844099521637
3950,Normal,0.9636591076850891
3951,Normal,0.9610038995742798
3952,Normal,0.96098792552948
3953,Normal,0.9600375890731812
3954,Normal,0.9592758417129517
3955,Normal,0.959733784198761
3956,Normal,0.95872962474823
3957,Normal,0.9601739645004272
3958,Normal,0.9604776501655579
3959,Normal,0.9611396789550781
3960,Normal,0.9614549875259399
3961,Normal,0.9622017741203308
3962,Normal,0.9596633315086365
3963,Normal,0.9616963267326355
3964,Normal,0.9609978795051575
3965,Normal,0.960371732711792
3966,Normal,0.9592204093933105
3967,Normal,0.9608971476554871
3968,Normal,0.9610829949378967
3969,Normal,0.9609220027923584
3970,Normal,0.965474009513855
3971,Normal,0.9611825346946716
3972,Normal,0.9612969756126404
3973,Normal,0.9612603783607483
3974,Normal,0.9612246751785278
3975,Normal,0.9604578614234924
3976,Normal,0.959771990776062
3977,Normal,0.9599164128303528
3978,Normal,0.9592294096946716
3979,Normal,0.9601522088050842
3980,Normal,0.9634162783622742
3981,Normal,0.9604381322860718
3982,Normal,0.9594563841819763
3983,Normal,0.9593921899795532
3984,Normal,0.9603655934333801
3985,Normal,0.9607639908790588
3986,Normal,0.9617345929145813
3987,Normal,0.9608966708183289
3988,Normal,0.9609248638153076
3989,Normal,0.9607864022254944
3990,Normal,0.9657156467437744
3991,Normal,0.9611726999282837
3992,Normal,0.96104896068573
3993,Normal,0.9602929353713989
3994,Normal,0.9594554305076599
3995,Normal,0.9597023725509644
3996,Normal,0.9590578675270081
3997,Normal,0.9600825309753418
3998,Normal,0.9611589312553406
3999,Normal,0.9614513516426086
4000,Normal,0.9617366790771484
4001,Normal,0.9629070162773132
4002,Normal,0.9602393507957458
4003,Normal,0.9618088006973267
4004,Normal,0.9621555209159851
4005,Normal,0.9600668549537659
4006,Normal,0.9601112604141235
4007,Normal,0.9597715735435486
4008,Normal,0.96073317527771
4009,Normal,0.9609947800636292
4010,Normal,0.9607251286506653
4011,Normal,0.9634129405021667
4012,Normal,0.9612812995910645
4013,Normal,0.9612359404563904
4014,Normal,0.9607247114181519
4015,Normal,0.9601430892944336
4016,Normal,0.959442675113678
4017,Normal,0.9594774842262268
4018,Normal,0.9588671326637268
4019,Normal,0.959725558757782
4020,Normal,0.9631098508834839
4021,Normal,0.9604805111885071
4022,Normal,0.9606724381446838
4023,Normal,0.9614896774291992
4024,Normal,0.960183322429657
4025,Normal,0.959858238697052
4026,Normal,0.9588770270347595
4027,Normal,0.9604400396347046
4028,Normal,0.9606900215148926
4029,Normal,0.9605331420898438
4030,Normal,0.9615252614021301
4031,Normal,0.9607861042022705
4032,Normal,0.9600038528442383
4033,Normal,0.9606412053108215
4034,Normal,0.9609061479568481
4035,Normal,0.9601187109947205
4036,Normal,0.9592272043228149
4037,Normal,0.9597475528717041
4038,Normal,0.9587611556053162
4039,Normal,0.9596349000930786
4040,Normal,0.9606249332427979
4041,Normal,0.9609912633895874
4042,Normal,0.9613308906555176
4043,Normal,0.962103545665741
4044,Normal,0.9617332816123962
4045,Normal,0.9614719152450562
4046,Normal,0.9606166481971741
4047,Normal,0.9596979022026062
4048,Normal,0.9593840837478638
4049,Normal,0.960479736328125
4050,Normal,0.9609582424163818
4051,Normal,0.9607071876525879
4052,Normal,0.9623339176177979
4053,Normal,0.9609169363975525
4054,Normal,0.9610244035720825
4055,Normal,0.9601172804832458
4056,Normal,0.9594907760620117
4057,Normal,0.9595426917076111
4058,Normal,0.9590357542037964
4059,Normal,0.9603334665298462
4060,Normal,0.9629596471786499
4061,Normal,0.9606374502182007
4062,Normal,0.9608192443847656
4063,Normal,0.9617145657539368
4064,Normal,0.9608163833618164
4065,Normal,0.9599981904029846
4066,Normal,0.9599742293357849
4067,Normal,0.9607398509979248
4068,Normal,0.9606991410255432
4069,Normal,0.9607572555541992
4070,Normal,0.9617844223976135
4071,Normal,0.960929811000824
4072,Normal,0.9608874320983887
4073,Normal,0.959930956363678
4074,Normal,0.9591826796531677
4075,Normal,0.9594733119010925
4076,Normal,0.9586344957351685
4077,Normal,0.959967315196991
4078,Normal,0.960747241973877
4079,Normal,0.9613121747970581
4080,Normal,0.9615803956985474
4081,Normal,0.9624858498573303
4082,Normal,0.9607559442520142
4083,Normal,0.961328387260437
4084,Normal,0.9601287841796875
4085,Normal,0.9598618745803833
4086,Normal,0.9600287079811096
4087,Normal,0.9607417583465576
4088,Normal,0.9606881737709045
4089,Normal,0.960660994052887
4090,Normal,0.9619707465171814
4091,Normal,0.9607517719268799
4092,Normal,0.9611529111862183
4093,Normal,0.9600858688354492
4094,Normal,0.9593326449394226
4095,Normal,0.9595530033111572
4096,Normal,0.9587793350219727
4097,Normal,0.9605795741081238
4098,Normal,0.9627313017845154
4099,Normal,0.9605399966239929
4100,Normal,0.9607945680618286
4101,Normal,0.9613991975784302
4102,Normal,0.9608391523361206
4103,Normal,0.9605365991592407
4104,Normal,0.9598590135574341
4105,Normal,0.9607320427894592
4106,Normal,0.9604176878929138
4107,Normal,0.9606780409812927
4108,Normal,0.9617673754692078
4109,Normal,0.9607231616973877
4110,Normal,0.9607649445533752
4111,Normal,0.9614056944847107
4112,Normal,0.9602579474449158
4113,Normal,0.9591341018676758
4114,Normal,0.9596232175827026
4115,Normal,0.9588500261306763
4116,Normal,0.9600628018379211
4117,Normal,0.9603930711746216
4118,Normal,0.9609785079956055
4119,Normal,0.9612768888473511
4120,Normal,0.9621018171310425
4121,Normal,0.960261344909668
4122,Normal,0.9611777663230896
4123,Normal,0.960413932800293
4124,Normal,0.9598161578178406
4125,Normal,0.9605149030685425
4126,Normal,0.9608182311058044
4127,Normal,0.9604437351226807
4128,Normal,0.960637092590332
4129,Normal,0.9622165560722351
4130,Normal,0.9607481360435486
4131,Normal,0.9616383910179138
4132,Normal,0.9601621031761169
4133,Normal,0.9593508839607239
4134,Normal,0.9597046971321106
4135,Normal,0.9591105580329895
4136,Normal,0.9598290324211121
4137,Normal,0.9630666375160217
4138,Normal,0.9610407948493958
4139,Normal,0.9603312611579895
4140,Normal,0.959496796131134
4141,Normal,0.9601779580116272
4142,Normal,0.9606128931045532
4143,Normal,0.9613732099533081
4144,Normal,0.9607483744621277
4145,Normal,0.960623025894165
4146,Normal,0.9607539772987366
4147,Normal,0.9622167944908142
4148,Normal,0.9609092473983765
4149,Normal,0.9613447785377502
4150,Normal,0.9600438475608826
4151,Normal,0.9592202305793762
4152,Normal,0.9595047831535339
4153,Normal,0.9587072730064392
4154,Normal,0.9602033495903015
4155,Normal,0.9606108069419861
4156,Normal,0.9611796736717224
4157,Normal,0.9614533185958862
4158,Normal,0.962589681148529
4159,Normal,0.9600023627281189
4160,Normal,0.9614861607551575
4161,Normal,0.9605704545974731
4162,Normal,0.959947943687439
4163,Normal,0.9597811102867126
4164,Normal,0.9607136845588684
4165,Normal,0.9609249830245972
4166,Normal,0.960773766040802
4167,Normal,0.9630700945854187
4168,Normal,0.9608418941497803
4169,Normal,0.9618496298789978
4170,Normal,0.9603304862976074
4171,Normal,0.9594582915306091
4172,Normal,0.9594424962997437
4173,Normal,0.9586613774299622
4174,Normal,0.959625780582428
4175,Normal,0.9630821347236633
4176,Normal,0.9607275724411011
4177,Normal,0.9608358144760132
4178,Normal,0.9615353941917419
4179,Normal,0.9604768753051758
4180,Normal,0.9605945348739624
4181,Normal,0.9595130681991577
4182,Normal,0.9606824517250061
4183,Normal,0.9606600999832153
4184,Normal,0.96073317527771
4185,Normal,0.962252140045166
4186,Normal,0.9608253836631775
4187,Normal,0.9604228734970093
4188,Normal,0.959882915019989
4189,Normal,0.9591662287712097
4190,Normal,0.9596418142318726
4191,Normal,0.9587056040763855
4192,Normal,0.9598881006240845
4193,Normal,0.9604588150978088
4194,Normal,0.9610825181007385
4195,Normal,0.9613261818885803
4196,Normal,0.9621312618255615
4197,Normal,0.9604799151420593
4198,Normal,0.9611383676528931
4199,Normal,0.9617850184440613
4200,Normal,0.9603344798088074
4201,Normal,0.9605032801628113
4202,Normal,0.9591683149337769
4203,Normal,0.9606183171272278
4204,Normal,0.9606444835662842
4205,Normal,0.9605789184570312
4206,Normal,0.9621191620826721
4207,Normal,0.9608632326126099
4208,Normal,0.9610270261764526
4209,Normal,0.9603381156921387
4210,Normal,0.9599894881248474
4211,Normal,0.9594210982322693
4212,Normal,0.959550678730011
4213,Normal,0.9591091871261597
4214,Normal,0.9597601294517517
4215,Normal,0.9603601098060608
4216,Normal,0.9630750417709351
4217,Normal,0.9600988030433655
4218,Normal,0.9611891508102417
4219,Normal,0.960005521774292
4220,Normal,0.9597172141075134
4221,Normal,0.959629476070404
4222,Normal,0.9601860642433167
4223,Normal,0.9608361721038818
4224,Normal,0.9604251980781555
4225,Normal,0.9618004560470581
4226,Normal,0.9606533050537109
4227,Normal,0.9599065780639648
4228,Normal,0.9606246948242188
4229,Normal,0.95999675989151
4230,Normal,0.9599592685699463
4231,Normal,0.9593275785446167
4232,Normal,0.9595146775245667
4233,Normal,0.9587986469268799
4234,Normal,0.9598357081413269
4235,Normal,0.9604493975639343
4236,Normal,0.9609581232070923
4237,Normal,0.9613265991210938
4238,Normal,0.962090015411377
4239,Normal,0.9601779580116272
4240,Normal,0.9611812829971313
4241,Normal,0.960548460483551
4242,Normal,0.9596766233444214
4243,Normal,0.9592486023902893
4244,Normal,0.9602215886116028
4245,Normal,0.9607378840446472
4246,Normal,0.9604926705360413
4247,Normal,0.9622704386711121
4248,Normal,0.9609434604644775
4249,Normal,0.9602147340774536
4250,Normal,0.9598546028137207
4251,Normal,0.9594323635101318
4252,Normal,0.9592776894569397
4253,Normal,0.9586881995201111
4254,Normal,0.9597753286361694
4255,Normal,0.9626433253288269
4256,Normal,0.9604339599609375
4257,Normal,0.9605820178985596
4258,Normal,0.9613602161407471
4259,Normal,0.9605617523193359
4260,Normal,0.9597040414810181
4261,Normal,0.9589353203773499
4262,Normal,0.960513174533844
4263,Normal,0.9604783058166504
4264,Normal,0.9606494307518005
4265,Normal,0.9616299867630005
4266,Normal,0.9607351422309875
4267,Normal,0.9606201648712158
4268,Normal,0.9597830176353455
4269,Normal,0.9590871930122375
4270,Normal,0.9595333337783813
4271,Normal,0.9585621953010559
4272,Normal,0.9596995711326599
4273,Normal,0.9603880047798157
4274,Normal,0.9610203504562378
4275,Normal,0.9613003730773926
4276,Normal,0.9618000984191895
4277,Normal,0.9606343507766724
4278,Normal,0.9610621333122253
4279,Normal,0.9602836966514587
4280,Normal,0.9594419002532959
4281,Normal,0.959290623664856
4282,Normal,0.9605534076690674
4283,Normal,0.9604780673980713
4284,Normal,0.9606276750564575
4285,Normal,0.9618476629257202
4286,Normal,0.9606591463088989
4287,Normal,0.9608251452445984
4288,Normal,0.9599188566207886
4289,Normal,0.9593020081520081
4290,Normal,0.9595088958740234
4291,Normal,0.9590433239936829
4292,Normal,0.9596904516220093
4293,Normal,0.9605129361152649
4294,Normal,0.9628760814666748
4295,Normal,0.9604394435882568
4296,Normal,0.961329996585846
4297,Normal,0.9602157473564148
4298,Normal,0.9600508213043213
4299,Normal,0.9592143893241882
4300,Normal,0.9605863094329834
4301,Normal,0.9606986045837402
4302,Normal,0.960634708404541
4303,Normal,0.961607813835144
4304,Normal,0.9608138203620911
4305,Normal,0.9606918096542358
4306,Normal,0.9602654576301575
4307,Normal,0.9599425792694092
4308,Normal,0.9591524004936218
4309,Normal,0.9594846367835999
4310,Normal,0.9588431715965271
4311,Normal,0.9601370692253113
4312,Normal,0.9604006409645081
4313,Normal,0.9609965682029724
4314,Normal,0.9612587690353394
4315,Normal,0.9620050191879272
4316,Normal,0.9603323936462402
4317,Normal,0.9611037969589233
4318,Normal,0.9601395726203918
4319,Normal,0.959865152835846
4320,Normal,0.9594991207122803
4321,Normal,0.9605835676193237
4322,Normal,0.9607533812522888
4323,Normal,0.9605388045310974
4324,Normal,0.9640780687332153
4325,Normal,0.9608880281448364
4326,Normal,0.9606477618217468
4327,Normal,0.9599456787109375
4328,Normal,0.9594851732254028
4329,Normal,0.9594196677207947
4330,Normal,0.9588072896003723
4331,Normal,0.9590445160865784
4332,Normal,0.9626861214637756
4333,Normal,0.9606679081916809
4334,Normal,0.9606400728225708
4335,Normal,0.9613563418388367
4336,Normal,0.960252583026886
4337,Normal,0.9597628116607666
4338,Normal,0.9589912295341492
4339,Normal,0.9606814384460449
4340,Normal,0.9608897566795349
4341,Normal,0.9607642889022827
4342,Normal,0.9634775519371033
4343,Normal,0.9609609842300415
4344,Normal,0.9609747529029846
4345,Normal,0.9598766565322876
4346,Normal,0.959228515625
4347,Normal,0.959658682346344
4348,Normal,0.9586696624755859
4349,Normal,0.9600368142127991
4350,Normal,0.9606269001960754
4351,Normal,0.9611552357673645
4352,Normal,0.9614094495773315
4353,Normal,0.962079644203186
4354,Normal,0.9613098502159119
4355,Normal,0.9616230130195618
4356,Normal,0.9610955119132996
4357,Normal,0.9601659774780273
4358,Normal,0.9598696231842041
4359,Normal,0.9607143402099609
4360,Normal,0.9609403014183044
4361,Normal,0.9607391953468323
4362,Normal,0.9642520546913147
4363,Normal,0.9609290361404419
4364,Normal,0.9612405896186829
4365,Normal,0.9600384831428528
4366,Normal,0.9593942165374756
4367,Normal,0.9595823884010315
4368,Normal,0.9591560363769531
4369,Normal,0.9600444436073303
4370,Normal,0.9603089690208435
4371,Normal,0.9633312821388245
4372,Normal,0.9606806635856628
4373,Normal,0.9616259336471558
4374,Normal,0.9601677060127258
4375,Normal,0.9598458409309387
4376,Normal,0.959456741809845
4377,Normal,0.9606667160987854
4378,Normal,0.9607774019241333
4379,Normal,0.9606977105140686
4380,Normal,0.9630106091499329
4381,Normal,0.960967481136322
4382,Normal,0.9608226418495178
4383,Normal,0.9598317742347717
4384,Normal,0.9592469930648804
4385,Normal,0.9594622254371643
4386,Normal,0.9587555527687073
4387,Normal,0.9600255489349365
4388,Normal,0.9605845212936401
4389,Normal,0.9613164663314819
4390,Normal,0.96159428358078
4391,Normal,0.9624791145324707
4392,Normal,0.9600597023963928
4393,Normal,0.9613595604896545
4394,Normal,0.9618690609931946
4395,Normal,0.9600233435630798
4396,Normal,0.9600447416305542
4397,Normal,0.9594208598136902
4398,Normal,0.9599364399909973
4399,Normal,0.9608166813850403
4400,Normal,0.9607552886009216
4401,Normal,0.9644342660903931
4402,Normal,0.961024820804596
4403,Normal,0.9610794186592102
4404,Normal,0.9610584378242493
4405,Normal,0.9602271914482117
4406,Normal,0.9594524502754211
4407,Normal,0.9596051573753357
4408,Normal,0.9588775634765625
4409,Normal,0.9598639607429504
4410,Normal,0.9629942178726196
4411,Normal,0.9606313109397888
4412,Normal,0.9606121182441711
4413,Normal,0.9613327383995056
4414,Normal,0.9601578116416931
4415,Normal,0.9598602056503296
4416,Normal,0.9591314792633057
4417,Normal,0.9597299695014954
4418,Normal,0.9603947401046753
4419,Normal,0.9608916640281677
4420,Normal,0.96297687292099
4421,Normal,0.9608954787254333
4422,Normal,0.9600152969360352
4423,Normal,0.9606473445892334
4424,Normal,0.9616581201553345
4425,Normal,0.960289716720581
4426,Normal,0.9592557549476624
4427,Normal,0.9598539471626282
4428,Normal,0.958868682384491
4429,Normal,0.9603708386421204
4430,Normal,0.9605684876441956
4431,Normal,0.961017370223999
4432,Normal,0.9613937139511108
4433,Normal,0.9621150493621826
4434,Normal,0.9605501890182495
4435,Normal,0.9612450003623962
4436,Normal,0.9606196284294128
4437,Normal,0.9603226184844971
4438,Normal,0.9595425724983215
4439,Normal,0.9599294066429138
4440,Normal,0.960433840751648
4441,Normal,0.9609618782997131
4442,Normal,0.9641229510307312
4443,Normal,0.960990846157074
4444,Normal,0.9619274139404297
4445,Normal,0.9603287577629089
4446,Normal,0.9594674110412598
4447,Normal,0.9597811102867126
4448,Normal,0.9591034054756165
4449,Normal,0.9601820111274719
4450,Normal,0.9605838656425476
4451,Normal,0.9630415439605713
4452,Normal,0.960722804069519
4453,Normal,0.9615789651870728
4454,Normal,0.9608225226402283
4455,Normal,0.9599173069000244
4456,Normal,0.9590275287628174
4457,Normal,0.9602235555648804
4458,Normal,0.9606099724769592
4459,Normal,0.9612151384353638
4460,Normal,0.9632108211517334
4461,Normal,0.9610371589660645
4462,Normal,0.9617227911949158
4463,Normal,0.9601691365242004
4464,Normal,0.9592567086219788
4465,Normal,0.9596421122550964
4466,Normal,0.958767831325531
4467,Normal,0.9603745937347412
4468,Normal,0.9607821106910706
4469,Normal,0.9614703059196472
4470,Normal,0.9617829322814941
4471,Normal,0.9629426002502441
4472,Normal,0.9613889455795288
4473,Normal,0.9615306854248047
4474,Normal,0.9602019786834717
4475,Normal,0.9601190090179443
4476,Normal,0.9598438143730164
4477,Normal,0.9601280689239502
4478,Normal,0.9607114791870117
4479,Normal,0.9610998034477234
4480,Normal,0.9633615016937256
4481,Normal,0.9609240889549255
4482,Normal,0.9622805118560791
4483,Normal,0.9604203104972839
4484,Normal,0.9594794511795044
4485,Normal,0.9597386121749878
4486,Normal,0.9589093327522278
4487,Normal,0.9606348276138306
4488,Normal,0.9629969596862793
4489,Normal,0.960791826248169
4490,Normal,0.9609081745147705
4491,Normal,0.9614741206169128
4492,Normal,0.9601390361785889
4493,Normal,0.9603016972541809
4494,Normal,0.9602783918380737
4495,Normal,0.9601216912269592
4496,Normal,0.9603980183601379
4497,Normal,0.9611934423446655
4498,Normal,0.9626467823982239
4499,Normal,0.9609655141830444
4500,Normal,0.9609561562538147
4501,Normal,0.960647463798523
4502,Normal,0.9602010250091553
4503,Normal,0.959154486656189
4504,Normal,0.9596959352493286
4505,Normal,0.9589442014694214
4506,Normal,0.9603732824325562
4507,Normal,0.9603696465492249
4508,Normal,0.9609698057174683
4509,Normal,0.9613400101661682
4510,Normal,0.9621918797492981
4511,Normal,0.959440290927887
4512,Normal,0.9612390398979187
4513,Normal,0.9602428078651428
4514,Normal,0.9595338702201843
4515,Normal,0.9590985774993896
4516,Normal,0.960025429725647
4517,Normal,0.9604555368423462
4518,Normal,0.9609431624412537
4519,Normal,0.9631196856498718
4520,Normal,0.9609965682029724
4521,Normal,0.9607447385787964
4522,Normal,0.9600202441215515
4523,Normal,0.9594666361808777
4524,Normal,0.959664523601532
4525,Normal,0.9590941071510315
4526,Normal,0.960111141204834
4527,Normal,0.9592082500457764
4528,Normal,0.9628551602363586
4529,Normal,0.9607001543045044
4530,Normal,0.9615641832351685
4531,Normal,0.9606972932815552
4532,Normal,0.9595096111297607
4533,Normal,0.9595432281494141
4534,Normal,0.9599260091781616
4535,Normal,0.9605872631072998
4536,Normal,0.9611478447914124
4537,Normal,0.962873101234436
4538,Normal,0.9610586166381836
4539,Normal,0.960196316242218
4540,Normal,0.9598694443702698
4541,Normal,0.9592328071594238
4542,Normal,0.9595779180526733
4543,Normal,0.958676815032959
4544,Normal,0.9601356387138367
4545,Normal,0.9606927037239075
4546,Normal,0.9613267183303833
4547,Normal,0.9615849852561951
4548,Normal,0.9623221158981323
4549,Normal,0.9599881768226624
4550,Normal,0.9613844156265259
4551,Normal,0.9604904055595398
4552,Normal,0.9605120420455933
4553,Normal,0.959549605846405
4554,Normal,0.9600028991699219
4555,Normal,0.9608463048934937
4556,Normal,0.9610772728919983
4557,Normal,0.9630156755447388
4558,Normal,0.9610384702682495
4559,Normal,0.960568904876709
4560,Normal,0.9600152969360352
4561,Normal,0.9593677520751953
4562,Normal,0.9595702290534973
4563,Normal,0.9588318467140198
4564,Normal,0.9599874019622803
4565,Normal,0.9600456357002258
4566,Normal,0.9629538655281067
4567,Normal,0.9607334733009338
4568,Normal,0.9613441228866577
4569,Normal,0.9604063630104065
4570,Normal,0.959821879863739
4571,Normal,0.9599117040634155
4572,Normal,0.9599233865737915
4573,Normal,0.9605280160903931
4574,Normal,0.9611058831214905
4575,Normal,0.9625828266143799
4576,Normal,0.9610111713409424
4577,Normal,0.9608520269393921
4578,Normal,0.9598863124847412
4579,Normal,0.959177553653717
4580,Normal,0.9596761465072632
4581,Normal,0.9587455987930298
4582,Normal,0.959968090057373
4583,Normal,0.9604926705360413
4584,Normal,0.9611794352531433
4585,Normal,0.9614530801773071
4586,Normal,0.9620134234428406
4587,Normal,0.9603904485702515
4588,Normal,0.961126446723938
4589,Normal,0.9619401693344116
4590,Normal,0.960507869720459
4591,Normal,0.9610640406608582
4592,Normal,0.9596856832504272
4593,Normal,0.9600568413734436
4594,Normal,0.9605641961097717
4595,Normal,0.960967481136322
4596,Normal,0.9625222682952881
4597,Normal,0.9610583186149597
4598,Normal,0.9610080122947693
4599,Normal,0.961061954498291
4600,Normal,0.9603485465049744
4601,Normal,0.9594901204109192
4602,Normal,0.9598419666290283
4603,Normal,0.9592077136039734
4604,Normal,0.9602067470550537
4605,Normal,0.9603086113929749
4606,Normal,0.9629327654838562
4607,Normal,0.9605454802513123
4608,Normal,0.9612436294555664
4609,Normal,0.960350751876831
4610,Normal,0.9604025483131409
4611,Normal,0.9593880772590637
4612,Normal,0.959778904914856
4613,Normal,0.9607031345367432
4614,Normal,0.9609388709068298
4615,Normal,0.9624792337417603
4616,Normal,0.9610098600387573
4617,Normal,0.9600825309753418
4618,Normal,0.9607724547386169
4619,Normal,0.9606990814208984
4620,Normal,0.9601200222969055
4621,Normal,0.9593372344970703
4622,Normal,0.9598040580749512
4623,Normal,0.9588823914527893
4624,Normal,0.9600181579589844
4625,Normal,0.9608470797538757
4626,Normal,0.9612066149711609
4627,Normal,0.9615382552146912
4628,Normal,0.962202787399292
4629,Normal,0.960959792137146
4630,Normal,0.9611305594444275
4631,Normal,0.9606691598892212
4632,Normal,0.9611022472381592
4633,Normal,0.9592030644416809
4634,Normal,0.9598336219787598
4635,Normal,0.9608781933784485
4636,Normal,0.9609357714653015
4637,Normal,0.9654462337493896
4638,Normal,0.961334764957428
4639,Normal,0.9608898758888245
4640,Normal,0.9601659774780273
4641,Normal,0.9596195220947266
4642,Normal,0.9595796465873718
4643,Normal,0.958853542804718
4644,Normal,0.9594050645828247
4645,Normal,0.960716962814331
4646,Normal,0.9630791544914246
4647,Normal,0.9606519937515259
4648,Normal,0.961529016494751
4649,Normal,0.9604591727256775
4650,Normal,0.960722029209137
4651,Normal,0.9595623016357422
4652,Normal,0.9604796171188354
4653,Normal,0.9608739018440247
4654,Normal,0.9607987403869629
4655,Normal,0.9635854959487915
4656,Normal,0.9610969424247742
4657,Normal,0.9611939787864685
4658,Normal,0.9599781632423401
4659,Normal,0.9592629671096802
4660,Normal,0.959740161895752
4661,Normal,0.9587568044662476
4662,Normal,0.9599223732948303
4663,Normal,0.9609638452529907
4664,Normal,0.9613667130470276
4665,Normal,0.9616018533706665
4666,Normal,0.962306559085846
4667,Normal,0.960675835609436
4668,Normal,0.9615068435668945
4669,Normal,0.9606553912162781
4670,Normal,0.9605202078819275
4671,Normal,0.959578812122345
4672,Normal,0.9604349732398987
4673,Normal,0.9608801603317261
4674,Normal,0.9607557058334351
4675,Normal,0.9641437530517578
4676,Normal,0.960936963558197
4677,Normal,0.9614207148551941
4678,Normal,0.9601106643676758
4679,Normal,0.9594997763633728
4680,Normal,0.9597471952438354
4681,Normal,0.9591817855834961
4682,Normal,0.9597681760787964
4683,Normal,0.9599834680557251
4684,Normal,0.9636198878288269
4685,Normal,0.9607564806938171
4686,Normal,0.9606977105140686
4687,Normal,0.9590869545936584
4688,Normal,0.9609315991401672
4689,Normal,0.9616464972496033
4690,Normal,0.9606831073760986
4691,Normal,0.9607770442962646
4692,Normal,0.9609032869338989
4693,Normal,0.9638127684593201
4694,Normal,0.9611333012580872
4695,Normal,0.961174488067627
4696,Normal,0.9599643349647522
4697,Normal,0.9593648910522461
4698,Normal,0.9596903324127197
4699,Normal,0.958855390548706
4700,Normal,0.9603756070137024
4701,Normal,0.9612510204315186
4702,Normal,0.9616198539733887
4703,Normal,0.9618651866912842
4704,Normal,0.962812066078186
4705,Normal,0.9600971937179565
4706,Normal,0.9616855382919312
4707,Normal,0.9609547257423401
4708,Normal,0.9602898359298706
4709,Normal,0.9592351317405701
4710,Normal,0.9611626863479614
4711,Normal,0.9610192179679871
4712,Normal,0.9610758423805237
4713,Normal,0.9608529806137085
4714,Normal,0.9628875255584717
4715,Normal,0.961113691329956
4716,Normal,0.9615896344184875
4717,Normal,0.9604095816612244
4718,Normal,0.9614839553833008
4719,Normal,0.9592813849449158
4720,Normal,0.9589270949363708
4721,Normal,0.9598101377487183
4722,Normal,0.9601250886917114
4723,Normal,0.9634671807289124
4724,Normal,0.9607565999031067
4725,Normal,0.9618130326271057
4726,Normal,0.9610840678215027
4727,Normal,0.960601806640625
4728,Normal,0.960003674030304
4729,Normal,0.960747241973877
4730,Normal,0.9607546329498291
4731,Normal,0.960908830165863
4732,Normal,0.9623188972473145
4733,Normal,0.9608657956123352
4734,Normal,0.9617601633071899
4735,Normal,0.960369348526001
4736,Normal,0.9592896103858948
4737,Normal,0.9598835110664368
4738,Normal,0.958953320980072
4739,Normal,0.9601747393608093
4740,Normal,0.9617466330528259
4741,Normal,0.9610188007354736
4742,Normal,0.9613642692565918
4743,Normal,0.9616179466247559
4744,Normal,0.9625455737113953
4745,Normal,0.9595234394073486
4746,Normal,0.9612810015678406
4747,Normal,0.9612850546836853
4748,Normal,0.9594602584838867
4749,Normal,0.9615440368652344
4750,Normal,0.9612282514572144
4751,Normal,0.9611270427703857
4752,Normal,0.9644564390182495
4753,Normal,0.9611104726791382
4754,Normal,0.9625161290168762
4755,Normal,0.960386335849762
4756,Normal,0.9594038724899292
4757,Normal,0.9599975943565369
4758,Normal,0.9591719508171082
4759,Normal,0.9601369500160217
4760,Normal,0.9612613916397095
4761,Normal,0.9602165222167969
4762,Normal,0.9642900824546814
4763,Normal,0.9631391763687134
4764,Normal,0.9607101678848267
4765,Normal,0.9612798690795898
4766,Normal,0.9599823355674744
4767,Normal,0.9599577188491821
4768,Normal,0.9610288143157959
4769,Normal,0.9615302085876465
4770,Normal,0.9658589959144592
4771,Normal,0.9614652991294861
4772,Normal,0.9620375633239746
4773,Normal,0.960274875164032
4774,Normal,0.9594893455505371
4775,Normal,0.9598458409309387
4776,Normal,0.9591211676597595
4777,Normal,0.960837721824646
4778,Normal,0.9613680243492126
4779,Normal,0.961928129196167
4780,Normal,0.9621767401695251
4781,Normal,0.9638410210609436
4782,Normal,0.9596794247627258
4783,Normal,0.9621789455413818
4784,Normal,0.9623664617538452
4785,Normal,0.9611920118331909
4786,Normal,0.9609236717224121
4787,Normal,0.9601635336875916
4788,Normal,0.9602513313293457
4789,Normal,0.9610896706581116
4790,Normal,0.9613529443740845
4791,Normal,0.9635059833526611
4792,Normal,0.9612634778022766
4793,Normal,0.9623541235923767
4794,Normal,0.9613867402076721
4795,Normal,0.9608672857284546
4796,Normal,0.9596697688102722
4797,Normal,0.9599712491035461
4798,Normal,0.9590141773223877
4799,Normal,0.9605030417442322
4800,Normal,0.9593860507011414
4801,Normal,0.9639222025871277
4802,Normal,0.9607902765274048
4803,Normal,0.9617584347724915
4804,Normal,0.9609060287475586
4805,Normal,0.9603427052497864
4806,Normal,0.9592697620391846
4807,Normal,0.9599040150642395
4808,Normal,0.960733950138092
4809,Normal,0.9612915515899658
4810,Normal,0.9626407027244568
4811,Normal,0.9610499143600464
4812,Normal,0.9602541923522949
4813,Normal,0.9608094096183777
4814,Normal,0.9608244895935059
4815,Normal,0.9603342413902283
4816,Normal,0.9593912363052368
4817,Normal,0.9600211381912231
4818,Normal,0.9589244723320007
4819,Normal,0.960412323474884
4820,Normal,0.9609018564224243
4821,Normal,0.9612259268760681
4822,Normal,0.9615888595581055
4823,Normal,0.9621164798736572
4824,Normal,0.9605505466461182
4825,Normal,0.9612407684326172
4826,Normal,0.9604769945144653
4827,Normal,0.9609139561653137
4828,Normal,0.9595253467559814
4829,Normal,0.9600233435630798
4830,Normal,0.9609145522117615
4831,Normal,0.9612398147583008
4832,Normal,0.9639195203781128
4833,Normal,0.9613298177719116
4834,Normal,0.9609866142272949
4835,Normal,0.9602543115615845
4836,Normal,0.9595483541488647
4837,Normal,0.9597118496894836
4838,Normal,0.9591155648231506
4839,Normal,0.959842324256897
4840,Normal,0.961031436920166
4841,Normal,0.960641086101532
4842,Normal,0.9635102152824402
4843,Normal,0.9619528651237488
4844,Normal,0.9616296291351318
4845,Normal,0.960813045501709
4846,Normal,0.9603309631347656
4847,Normal,0.9602217674255371
4848,Normal,0.9608785510063171
4849,Normal,0.9615297913551331
4850,Normal,0.9635469317436218
4851,Normal,0.9612512588500977
4852,Normal,0.9605428576469421
4853,Normal,0.9600507020950317
4854,Normal,0.9592556357383728
4855,Normal,0.9596421122550964
4856,Normal,0.9587862491607666
4857,Normal,0.9603770971298218
4858,Normal,0.9611722826957703
4859,Normal,0.9617260098457336
4860,Normal,0.9620121121406555
4861,Normal,0.9628961682319641
4862,Normal,0.9601847529411316
4863,Normal,0.961622953414917
4864,Normal,0.9603539109230042
4865,Normal,0.9599694013595581
4866,Normal,0.9593756794929504
4867,Normal,0.9603425860404968
4868,Normal,0.9609566926956177
4869,Normal,0.9612727165222168
4870,Normal,0.9630750417709351
4871,Normal,0.9611380100250244
4872,Normal,0.9606002569198608
4873,Normal,0.9601007699966431
4874,Normal,0.9594818949699402
4875,Normal,0.9597439169883728
4876,Normal,0.9588852524757385
4877,Normal,0.9598181247711182
4878,Normal,0.960213303565979
4879,Normal,0.9635003805160522
4880,Normal,0.9607741832733154
4881,Normal,0.961566686630249
4882,Normal,0.9600697159767151
4883,Normal,0.9606842994689941
4884,Normal,0.9597487449645996
4885,Normal,0.9600711464881897
4886,Normal,0.9607369899749756
4887,Normal,0.9612950086593628
4888,Normal,0.9624929428100586
4889,Normal,0.9610925316810608
4890,Normal,0.9608676433563232
4891,Normal,0.9598613977432251
4892,Normal,0.9591671228408813
4893,Normal,0.9597457647323608
4894,Normal,0.9586796760559082
4895,Normal,0.9599729180335999
4896,Normal,0.9610124230384827
4897,Normal,0.9614103436470032
4898,Normal,0.9615976810455322
4899,Normal,0.9622519016265869
4900,Normal,0.9600136876106262
4901,Normal,0.9614003300666809
4902,Normal,0.9612881541252136
4903,Normal,0.9611838459968567
4904,Normal,0.9595873355865479
4905,Normal,0.9611263275146484
4906,Normal,0.960862934589386
4907,Normal,0.9607243537902832
4908,Normal,0.9611719250679016
4909,Normal,0.9628004431724548
4910,Normal,0.9611465334892273
4911,Normal,0.9611940979957581
4912,Normal,0.9612302184104919
4913,Normal,0.9606725573539734
4914,Normal,0.9634741544723511
4915,Normal,0.9598292112350464
4916,Normal,0.9598114490509033
4917,Normal,0.9591476917266846
4918,Normal,0.9594770669937134
4919,Normal,0.960467517375946
4920,Normal,0.9608898758888245
4921,Normal,0.9593968391418457
4922,Normal,0.9610805511474609
4923,Normal,0.961452305316925
4924,Normal,0.9604393839836121
4925,Normal,0.9614943861961365
4926,Normal,0.961150586605072
4927,Normal,0.9628502130508423
4928,Normal,0.9612054228782654
4929,Normal,0.9610195755958557
4930,Normal,0.9602192640304565
4931,Normal,0.9592636227607727
4932,Normal,0.9598375558853149
4933,Normal,0.9590409994125366
4934,Normal,0.9607664942741394
4935,Normal,0.9609703421592712
4936,Normal,0.9614420533180237
4937,Normal,0.9619104266166687
4938,Normal,0.9633635878562927
4939,Normal,0.9606190919876099
4940,Normal,0.9614576101303101
4941,Normal,0.9604582786560059
4942,Normal,0.9604330658912659
4943,Normal,0.9592219591140747
4944,Normal,0.9601126313209534
4945,Normal,0.9611576199531555
4946,Normal,0.9615362882614136
4947,Normal,0.9665964245796204
4948,Normal,0.9614911079406738
4949,Normal,0.9612939953804016
4950,Normal,0.9604201316833496
4951,Normal,0.9596594572067261
4952,Normal,0.9595966935157776
4953,Normal,0.9588412642478943
4954,Normal,0.9602640867233276
4955,Normal,0.9609756469726562
4956,Normal,0.9606593251228333
4957,Normal,0.9637569785118103
4958,Normal,0.9618626236915588
4959,Normal,0.960392951965332
4960,Normal,0.9606391191482544
4961,Normal,0.958880603313446
4962,Normal,0.9600593447685242
4963,Normal,0.9608866572380066
4964,Normal,0.9613436460494995
4965,Normal,0.9648967981338501
4966,Normal,0.961280107498169
4967,Normal,0.9612382650375366
4968,Normal,0.959989607334137
4969,Normal,0.9592258930206299
4970,Normal,0.9597417116165161
4971,Normal,0.9587317109107971
4972,Normal,0.9603810906410217
4973,Normal,0.9612507224082947
4974,Normal,0.9610219597816467
4975,Normal,0.961416482925415
4976,Normal,0.9615861177444458
4977,Normal,0.9621549844741821
4978,Normal,0.9603478908538818
4979,Normal,0.962325394153595
4980,Normal,0.9614929556846619
4981,Normal,0.9596524238586426
4982,Normal,0.959252119064331
4983,Normal,0.9602097868919373
4984,Normal,0.9611478447914124
4985,Normal,0.9611717462539673
4986,Normal,0.9670609831809998
4987,Normal,0.9614059329032898
4988,Normal,0.9614217877388
4989,Normal,0.9600980281829834
4990,Normal,0.9596627354621887
4991,Normal,0.9597082138061523
4992,Normal,0.9591755867004395
4993,Normal,0.9602855443954468
4994,Normal,0.9619883894920349
4995,Normal,0.959210991859436
4996,Normal,0.9631536602973938
4997,Normal,0.9609323740005493
4998,Normal,0.961201548576355
4999,Normal,0.9603509306907654
5000,Normal,0.9597811102867126
5001,Normal,0.9599534273147583
5002,Normal,0.9599564075469971
5003,Normal,0.9608778953552246
5004,Normal,0.9613344073295593
5005,Normal,0.9657425880432129
5006,Normal,0.9607766270637512
5007,Normal,0.9602199196815491
5008,Normal,0.9611043334007263
5009,Normal,0.9611400365829468
5010,Normal,0.9602811336517334
5011,Normal,0.9594310522079468
5012,Normal,0.9597938656806946
5013,Normal,0.9589475989341736
5014,Normal,0.960603654384613
5015,Normal,0.9609451293945312
5016,Normal,0.961372435092926
5017,Normal,0.9618343114852905
5018,Normal,0.9626334309577942
5019,Normal,0.9593573212623596
5020,Normal,0.9615465402603149
5021,Normal,0.9608262777328491
5022,Normal,0.9607591032981873
5023,Normal,0.9600745439529419
5024,Normal,0.9599644541740417
5025,Normal,0.9609617590904236
5026,Normal,0.9614185094833374
5027,Normal,0.9647144675254822
5028,Normal,0.9613998532295227
5029,Normal,0.9613451957702637
5030,Normal,0.9601678252220154
5031,Normal,0.9595213532447815
5032,Normal,0.9596670269966125
5033,Normal,0.9588330388069153
5034,Normal,0.9600911140441895
5035,Normal,0.9595991969108582
5036,Normal,0.9635744094848633
5037,Normal,0.960756242275238
5038,Normal,0.9618582129478455
5039,Normal,0.9608286619186401
5040,Normal,0.9593183994293213
5041,Normal,0.9595007300376892
5042,Normal,0.9602116942405701
5043,Normal,0.9614425897598267
5044,Normal,0.9612414240837097
5045,Normal,0.9638941884040833
5046,Normal,0.9612263441085815
5047,Normal,0.9615974426269531
5048,Normal,0.9600040912628174
5049,Normal,0.9592632055282593
5050,Normal,0.9596702456474304
5051,Normal,0.9587751030921936
5052,Normal,0.9601387977600098
5053,Normal,0.9609004259109497
5054,Normal,0.9608423113822937
5055,Normal,0.9612124562263489
5056,Normal,0.9614422917366028
5057,Normal,0.9622669219970703
5058,Normal,0.9599268436431885
5059,Normal,0.9603000283241272
5060,Normal,0.9601373672485352
5061,Normal,0.9592632055282593
5062,Normal,0.9600048661231995
5063,Normal,0.9609814882278442
5064,Normal,0.961187481880188
5065,Normal,0.9653051495552063
5066,Normal,0.9612564444541931
5067,Normal,0.9621922969818115
5068,Normal,0.9599802494049072
5069,Normal,0.9594310522079468
5070,Normal,0.9596527814865112
5071,Normal,0.959122359752655
5072,Normal,0.9601978063583374
5073,Normal,0.9609459042549133
5074,Normal,0.9605030417442322
5075,Normal,0.9640638828277588
5076,Normal,0.9622034430503845
5077,Normal,0.9604200124740601
5078,Normal,0.960211992263794
5079,Normal,0.9588396549224854
5080,Normal,0.9597967267036438
5081,Normal,0.9608521461486816
5082,Normal,0.9612016677856445
5083,Normal,0.964420735836029
5084,Normal,0.9612768888473511
5085,Normal,0.9616362452507019
5086,Normal,0.9609756469726562
5087,Normal,0.9603947997093201
5088,Normal,0.9594494104385376
5089,Normal,0.9598323106765747
5090,Normal,0.9590330123901367
5091,Normal,0.9606356620788574
5092,Normal,0.9608327746391296
5093,Normal,0.9614047408103943
5094,Normal,0.9617747664451599
5095,Normal,0.9627182483673096
5096,Normal,0.9598844647407532
5097,Normal,0.9614977240562439
5098,Normal,0.9605519771575928
5099,Normal,0.960252046585083
5100,Normal,0.9594560861587524
5101,Normal,0.9600583910942078
5102,Normal,0.961118221282959
5103,Normal,0.9611682295799255
5104,Normal,0.963484525680542
5105,Normal,0.9611895680427551
5106,Normal,0.9619476795196533
5107,Normal,0.9604292511940002
5108,Normal,0.9596515893936157
5109,Normal,0.9598211050033569
5110,Normal,0.9589733481407166
5111,Normal,0.9604929089546204
5112,Normal,0.9609438180923462
5113,Normal,0.9600887894630432
5114,Normal,0.9634642601013184
5115,Normal,0.9617955684661865
5116,Normal,0.9604765176773071
5117,Normal,0.9602155089378357
5118,Normal,0.958953857421875
5119,Normal,0.9602975249290466
5120,Normal,0.9616385698318481
5121,Normal,0.9612756967544556
5122,Normal,0.9637735486030579
5123,Normal,0.961258053779602
5124,Normal,0.9607069492340088
5125,Normal,0.9598974585533142
5126,Normal,0.9591554999351501
5127,Normal,0.9596770405769348
5128,Normal,0.9586649537086487
5129,Normal,0.9600873589515686
5130,Normal,0.9609429240226746
5131,Normal,0.9609619975090027
5132,Normal,0.9613037109375
5133,Normal,0.9614214897155762
5134,Normal,0.9620134234428406
5135,Normal,0.9611812829971313
5136,Normal,0.9604411125183105
5137,Normal,0.960513710975647
5138,Normal,0.9600670337677002
5139,Normal,0.960226833820343
5140,Normal,0.9609569311141968
5141,Normal,0.961223840713501
5142,Normal,0.9639841914176941
5143,Normal,0.9612714052200317
5144,Normal,0.9606473445892334
5145,Normal,0.9598534107208252
5146,Normal,0.9594674706459045
5147,Normal,0.9595459699630737
5148,Normal,0.9591397047042847
5149,Normal,0.9599834680557251
5150,Normal,0.9612516760826111
5151,Normal,0.9594533443450928
5152,Normal,0.9627721905708313
5153,Normal,0.9608821868896484
5154,Normal,0.9603185057640076
5155,Normal,0.959527313709259
5156,Normal,0.9588546752929688
5157,Normal,0.9599462151527405
5158,Normal,0.9612471461296082
5159,Normal,0.9612242579460144
5160,Normal,0.9637565016746521
5161,Normal,0.9613098502159119
5162,Normal,0.9600772857666016
5163,Normal,0.9596136808395386
5164,Normal,0.9593809247016907
5165,Normal,0.9594131708145142
5166,Normal,0.9589203000068665
5167,Normal,0.9599997997283936
5168,Normal,0.96077960729599
5169,Normal,0.9610723853111267
5170,Normal,0.9613432288169861
5171,Normal,0.9615475535392761
5172,Normal,0.9623515605926514
5173,Normal,0.9594563245773315
5174,Normal,0.9623432159423828
5175,Normal,0.9606092572212219
5176,Normal,0.9602700471878052
5177,Normal,0.959814727306366
5178,Normal,0.9603347778320312
5179,Normal,0.9609660506248474
5180,Normal,0.9609518647193909
5181,Normal,0.9635815024375916
5182,Normal,0.9614819884300232
5183,Normal,0.9603619575500488
5184,Normal,0.9611690044403076
5185,Normal,0.9598760008811951
5186,Normal,0.9595670700073242
5187,Normal,0.9588980674743652
5188,Normal,0.959473192691803
5189,Normal,0.9606219530105591
5190,Normal,0.9615572094917297
5191,Normal,0.9629004001617432
5192,Normal,0.9607212543487549
5193,Normal,0.9613850116729736
5194,Normal,0.9606175422668457
5195,Normal,0.9593786001205444
5196,Normal,0.9588323831558228
5197,Normal,0.960010826587677
5198,Normal,0.9608039259910583
5199,Normal,0.9609133005142212
5200,Normal,0.9615008234977722
5201,Normal,0.9601643085479736
5202,Normal,0.9625463485717773
5203,Normal,0.9608707427978516
5204,Normal,0.9609747529029846
5205,Normal,0.9601054191589355
5206,Normal,0.95920330286026
5207,Normal,0.9599235653877258
5208,Normal,0.9588595032691956
5209,Normal,0.9603498578071594
5210,Normal,0.9607760906219482
5211,Normal,0.9607705473899841
5212,Normal,0.9609683752059937
5213,Normal,0.9611840844154358
5214,Normal,0.9616756439208984
5215,Normal,0.9608434438705444
5216,Normal,0.9617384672164917
5217,Normal,0.9601323008537292
5218,Normal,0.9590264558792114
5219,Normal,0.9603031277656555
5220,Normal,0.9606262445449829
5221,Normal,0.961101233959198
5222,Normal,0.9630388617515564
5223,Normal,0.9610965251922607
5224,Normal,0.9609308242797852
5225,Normal,0.9600191712379456
5226,Normal,0.9594905376434326
5227,Normal,0.9596676826477051
5228,Normal,0.9590054750442505
5229,Normal,0.9600158333778381
5230,Normal,0.9607805609703064
5231,Normal,0.9610294699668884
5232,Normal,0.9631522297859192
5233,Normal,0.9621707797050476
5234,Normal,0.9608985781669617
5235,Normal,0.9594319462776184
5236,Normal,0.9596605896949768
5237,Normal,0.960182785987854
5238,Normal,0.9606845378875732
5239,Normal,0.9613261818885803
5240,Normal,0.9629178643226624
5241,Normal,0.9610922336578369
5242,Normal,0.960740864276886
5243,Normal,0.9599316120147705
5244,Normal,0.9593249559402466
5245,Normal,0.9594927430152893
5246,Normal,0.9588894844055176
5247,Normal,0.9599635601043701
5248,Normal,0.9611064195632935
5249,Normal,0.9616225957870483
5250,Normal,0.961840033531189
5251,Normal,0.9626584649085999
5252,Normal,0.961346447467804
5253,Normal,0.9616803526878357
5254,Normal,0.9606648683547974
5255,Normal,0.9609986543655396
5256,Normal,0.9593556523323059
5257,Normal,0.9604059457778931
5258,Normal,0.9610878229141235
5259,Normal,0.9612343907356262
5260,Normal,0.964029848575592
5261,Normal,0.961243748664856
5262,Normal,0.9607306122779846
5263,Normal,0.9599049091339111
5264,Normal,0.9594947099685669
5265,Normal,0.9597184062004089
5266,Normal,0.9588899612426758
5267,Normal,0.9596287608146667
5268,Normal,0.960948646068573
5269,Normal,0.9616900682449341
5270,Normal,0.9632798433303833
5271,Normal,0.961850643157959
5272,Normal,0.9608123898506165
5273,Normal,0.9603851437568665
5274,Normal,0.9590653777122498
5275,Normal,0.960162341594696
5276,Normal,0.9614742398262024
5277,Normal,0.9611713886260986
5278,Normal,0.9627639055252075
5279,Normal,0.9610454440116882
5280,Normal,0.9610794186592102
5281,Normal,0.9599443674087524
5282,Normal,0.9591963887214661
5283,Normal,0.9597758650779724
5284,Normal,0.958676278591156
5285,Normal,0.9598916172981262
5286,Normal,0.9611455202102661
5287,Normal,0.9609716534614563
5288,Normal,0.9613602161407471
5289,Normal,0.9615235328674316
5290,Normal,0.9622336626052856
5291,Normal,0.9604426622390747
5292,Normal,0.9610888361930847
5293,Normal,0.9602079391479492
5294,Normal,0.9604970812797546
5295,Normal,0.9593797326087952
5296,Normal,0.9603375196456909
5297,Normal,0.9608526825904846
5298,Normal,0.9611570835113525
5299,Normal,0.9627126455307007
5300,Normal,0.9610155820846558
5301,Normal,0.9612654447555542
5302,Normal,0.9600918889045715
5303,Normal,0.9594923853874207
5304,Normal,0.9597947597503662
5305,Normal,0.9591990113258362
5306,Normal,0.959745466709137
5307,Normal,0.9610366225242615
5308,Normal,0.9604236483573914
5309,Normal,0.9642142653465271
5310,Normal,0.9621488451957703
5311,Normal,0.9600045680999756
5312,Normal,0.960740327835083
5313,Normal,0.9590736031532288
5314,Normal,0.9599304795265198
5315,Normal,0.9610271453857422
5316,Normal,0.9612395763397217
5317,Normal,0.962573766708374
5318,Normal,0.961281418800354
5319,Normal,0.9609565734863281
5320,Normal,0.9599456787109375
5321,Normal,0.9594311714172363
5322,Normal,0.9598380327224731
5323,Normal,0.9589547514915466
5324,Normal,0.9599922299385071
5325,Normal,0.9617145657539368
5326,Normal,0.9611959457397461
5327,Normal,0.9615103006362915
5328,Normal,0.9616971015930176
5329,Normal,0.9627888798713684
5330,Normal,0.9606029987335205
5331,Normal,0.9608685374259949
5332,Normal,0.9610097408294678
5333,Normal,0.9593285918235779
5334,Normal,0.9602276086807251
5335,Normal,0.9611437320709229
5336,Normal,0.9613664746284485
5337,Normal,0.9638818502426147
5338,Normal,0.9613261818885803
5339,Normal,0.9612734913825989
5340,Normal,0.9599993824958801
5341,Normal,0.959478497505188
5342,Normal,0.9597418308258057
5343,Normal,0.9588996767997742
5344,Normal,0.9596617817878723
5345,Normal,0.9610204100608826
5346,Normal,0.9607784152030945
5347,Normal,0.9641669392585754
5348,Normal,0.9624329805374146
5349,Normal,0.9605306386947632
5350,Normal,0.959663450717926
5351,Normal,0.9595324397087097
5352,Normal,0.9599822163581848
5353,Normal,0.9615203142166138
5354,Normal,0.9612719416618347
5355,Normal,0.9636170268058777
5356,Normal,0.9612274765968323
5357,Normal,0.9616974592208862
5358,Normal,0.9594122171401978
5359,Normal,0.9594736695289612
5360,Normal,0.9588626623153687
5361,Normal,0.9594470858573914
5362,Normal,0.9608998894691467
5363,Normal,0.9620797634124756
5364,Normal,0.9611148238182068
5365,Normal,0.9614794254302979
5366,Normal,0.9615828990936279
5367,Normal,0.9626546502113342
5368,Normal,0.9611660242080688
5369,Normal,0.9623000025749207
5370,Normal,0.9610661268234253
5371,Normal,0.9599319100379944
5372,Normal,0.9597594738006592
5373,Normal,0.9601693749427795
5374,Normal,0.9611634612083435
5375,Normal,0.9612804651260376
5376,Normal,0.9640603065490723
5377,Normal,0.9613315463066101
5378,Normal,0.9620538353919983
5379,Normal,0.9600732326507568
5380,Normal,0.9595327973365784
5381,Normal,0.9598435163497925
5382,Normal,0.9592050909996033
5383,Normal,0.9599120616912842
5384,Normal,0.9622935056686401
5385,Normal,0.9610632658004761
5386,Normal,0.96320641040802
5387,Normal,0.96089768409729
5388,Normal,0.9610635638237
5389,Normal,0.9607861042022705
5390,Normal,0.960500955581665
5391,Normal,0.9596961140632629
5392,Normal,0.9598494172096252
5393,Normal,0.9611529111862183
5394,Normal,0.9614596962928772
5395,Normal,0.9640074968338013
5396,Normal,0.9613316655158997
5397,Normal,0.961064338684082
5398,Normal,0.9602611660957336
5399,Normal,0.961822509765625
5400,Normal,0.9600111246109009
5401,Normal,0.9595401287078857
5402,Normal,0.9599097371101379
5403,Normal,0.9590280652046204
5404,Normal,0.9605104327201843
5405,Normal,0.9621829390525818
5406,Normal,0.9611478447914124
5407,Normal,0.9613771438598633
5408,Normal,0.9617579579353333
5409,Normal,0.9629294276237488
5410,Normal,0.960813581943512
5411,Normal,0.9610053300857544
5412,Normal,0.959962010383606
5413,Normal,0.9604765176773071
5414,Normal,0.960383415222168
5415,Normal,0.9611051082611084
5416,Normal,0.9612942934036255
5417,Normal,0.9650940299034119
5418,Normal,0.9616509079933167
5419,Normal,0.9622403383255005
5420,Normal,0.9602131247520447
5421,Normal,0.9595969915390015
5422,Normal,0.9596908688545227
5423,Normal,0.9588646292686462
5424,Normal,0.9598053693771362
5425,Normal,0.9620277881622314
5426,Normal,0.9591075778007507
5427,Normal,0.9624484181404114
5428,Normal,0.9609981775283813
5429,Normal,0.9609552621841431
5430,Normal,0.9596067667007446
5431,Normal,0.9596547484397888
5432,Normal,0.9600960612297058
5433,Normal,0.9608924984931946
5434,Normal,0.961361825466156
5435,Normal,0.9641558527946472
5436,Normal,0.9613875150680542
5437,Normal,0.9606494307518005
5438,Normal,0.959761381149292
5439,Normal,0.960908055305481
5440,Normal,0.9591351747512817
5441,Normal,0.9589786529541016
5442,Normal,0.9597291946411133
5443,Normal,0.9608287811279297
5444,Normal,0.9610552191734314
5445,Normal,0.9613389372825623
5446,Normal,0.9614824056625366
5447,Normal,0.9623088836669922
5448,Normal,0.9606383442878723
5449,Normal,0.960882842540741
5450,Normal,0.9597928524017334
5451,Normal,0.9594560861587524
5452,Normal,0.9603173136711121
5453,Normal,0.9608291387557983
5454,Normal,0.961223840713501
5455,Normal,0.964905321598053
5456,Normal,0.9611856937408447
5457,Normal,0.9604840278625488
5458,Normal,0.9589982628822327
5459,Normal,0.9596277475357056
5460,Normal,0.9595775604248047
5461,Normal,0.9593818783760071
5462,Normal,0.9600560665130615
5463,Normal,0.9616554379463196
5464,Normal,0.9602701663970947
5465,Normal,0.962909996509552
5466,Normal,0.9606728553771973
5467,Normal,0.9598104357719421
5468,Normal,0.9596970081329346
5469,Normal,0.959457278251648
5470,Normal,0.9601024389266968
5471,Normal,0.9605411887168884
5472,Normal,0.961194634437561
5473,Normal,0.9639936089515686
5474,Normal,0.961170494556427
5475,Normal,0.9600620269775391
5476,Normal,0.9596612453460693
5477,Normal,0.9593371152877808
5478,Normal,0.9593496322631836
5479,Normal,0.9588949680328369
5480,Normal,0.9598026275634766
5481,Normal,0.9608665704727173
5482,Normal,0.9610835313796997
5483,Normal,0.9613329768180847
5484,Normal,0.9615694880485535
5485,Normal,0.9625805020332336
5486,Normal,0.9603585600852966
5487,Normal,0.9607552886009216
5488,Normal,0.9609130024909973
5489,Normal,0.9604344964027405
5490,Normal,0.9593631625175476
5491,Normal,0.9604301452636719
5492,Normal,0.960580050945282
5493,Normal,0.9610736966133118
5494,Normal,0.9647564888000488
5495,Normal,0.9610779285430908
5496,Normal,0.9603875875473022
5497,Normal,0.9600010514259338
5498,Normal,0.9594908952713013
5499,Normal,0.9596278667449951
5500,Normal,0.9589148163795471
5501,Normal,0.9597599506378174
5502,Normal,0.9614691734313965
5503,Normal,0.9599372148513794
5504,Normal,0.9625966548919678
5505,Normal,0.960820198059082
5506,Normal,0.9605436325073242
5507,Normal,0.9607200622558594
5508,Normal,0.9590455293655396
5509,Normal,0.9600508213043213
5510,Normal,0.9614614844322205
5511,Normal,0.9610323309898376
5512,Normal,0.9638968110084534
5513,Normal,0.9611733555793762
5514,Normal,0.9608374834060669
5515,Normal,0.9592902660369873
5516,Normal,0.9595314860343933
5517,Normal,0.9589142799377441
5518,Normal,0.9594432711601257
5519,Normal,0.960502028465271
5520,Normal,0.9611382484436035
5521,Normal,0.9609728455543518
5522,Normal,0.9612765908241272
5523,Normal,0.9613925814628601
5524,Normal,0.9623363614082336
5525,Normal,0.9610423445701599
5526,Normal,0.9603130221366882
5527,Normal,0.9607287645339966
5528,Normal,0.9594301581382751
5529,Normal,0.9603738188743591
5530,Normal,0.9615676999092102
5531,Normal,0.961380124092102
5532,Normal,0.9667218327522278
5533,Normal,0.961334764957428
5534,Normal,0.9608280062675476
5535,Normal,0.9597563147544861
5536,Normal,0.9595502614974976
5537,Normal,0.9594693779945374
5538,Normal,0.9591065645217896
5539,Normal,0.9596766233444214
5540,Normal,0.9615821242332458
5541,Normal,0.9604761004447937
5542,Normal,0.9629459977149963
5543,Normal,0.9607619047164917
5544,Normal,0.9604673981666565
5545,Normal,0.960727334022522
5546,Normal,0.9589499235153198
5547,Normal,0.9600359797477722
5548,Normal,0.9606552720069885
5549,Normal,0.9613466262817383
5550,Normal,0.9661789536476135
5551,Normal,0.9612166881561279
5552,Normal,0.9605531692504883
5553,Normal,0.9593747854232788
5554,Normal,0.9591643810272217
5555,Normal,0.9588539004325867
5556,Normal,0.9593294858932495
5557,Normal,0.960695743560791
5558,Normal,0.9610304236412048
5559,Normal,0.9610476493835449
5560,Normal,0.9613512754440308
5561,Normal,0.9615479707717896
5562,Normal,0.9625135660171509
5563,Normal,0.961083173751831
5564,Normal,0.9620057344436646
5565,Normal,0.9612314105033875
5566,Normal,0.9597217440605164
5567,Normal,0.9598731398582458
5568,Normal,0.9603736996650696
5569,Normal,0.9608286619186401
5570,Normal,0.9612888097763062
5571,Normal,0.9640671014785767
5572,Normal,0.9612513780593872
5573,Normal,0.9606782793998718
5574,Normal,0.9599083065986633
5575,Normal,0.9595153331756592
5576,Normal,0.9596512317657471
5577,Normal,0.9588698744773865
5578,Normal,0.9599496126174927
5579,Normal,0.9612327218055725
5580,Normal,0.961012065410614
5581,Normal,0.9624485373497009
5582,Normal,0.960781455039978
5583,Normal,0.9607141017913818
5584,Normal,0.9606165289878845
5585,Normal,0.9607400894165039
5586,Normal,0.9592230319976807
5587,Normal,0.960069477558136
5588,Normal,0.9606103897094727
5589,Normal,0.9612298011779785
5590,Normal,0.9622320532798767
5591,Normal,0.9609534740447998
5592,Normal,0.9610307812690735
5593,Normal,0.9601553082466125
5594,Normal,0.9597898125648499
5595,Normal,0.9593750834465027
5596,Normal,0.9596072435379028
5597,Normal,0.9588832855224609
5598,Normal,0.9600644111633301
5599,Normal,0.9611378908157349
5600,Normal,0.9611630439758301
5601,Normal,0.9608262777328491
5602,Normal,0.9610468745231628
5603,Normal,0.9612627029418945
5604,Normal,0.9618014097213745
5605,Normal,0.9604508876800537
5606,Normal,0.9618198275566101
5607,Normal,0.9607048630714417
5608,Normal,0.9599286317825317
5609,Normal,0.9602745771408081
5610,Normal,0.9609318375587463
5611,Normal,0.9614660739898682
5612,Normal,0.9620564579963684
5613,Normal,0.9614078998565674
5614,Normal,0.9613916277885437
5615,Normal,0.9595804214477539
5616,Normal,0.9595435261726379
5617,Normal,0.9589326977729797
5618,Normal,0.9592953324317932
5619,Normal,0.9602413773536682
5620,Normal,0.9615169763565063
5621,Normal,0.9597187638282776
5622,Normal,0.962636411190033
5623,Normal,0.9608089923858643
5624,Normal,0.960203230381012
5625,Normal,0.9597736597061157
5626,Normal,0.9597638845443726
5627,Normal,0.9603297114372253
5628,Normal,0.9607961177825928
5629,Normal,0.9614970684051514
5630,Normal,0.9617756009101868
5631,Normal,0.961179792881012
5632,Normal,0.9608620405197144
5633,Normal,0.9593984484672546
5634,Normal,0.9591899514198303
5635,Normal,0.9587817788124084
5636,Normal,0.9592718482017517
5637,Normal,0.960588276386261
5638,Normal,0.9608129262924194
5639,Normal,0.9609310626983643
5640,Normal,0.9612342715263367
5641,Normal,0.9613538384437561
5642,Normal,0.9621464014053345
5643,Normal,0.9606028199195862
5644,Normal,0.9604831337928772
5645,Normal,0.9600585699081421
5646,Normal,0.9596629738807678
5647,Normal,0.9604470729827881
5648,Normal,0.9607360363006592
5649,Normal,0.9614330530166626
5650,Normal,0.9616437554359436
5651,Normal,0.9608863592147827
5652,Normal,0.9609127640724182
5653,Normal,0.9598138332366943
5654,Normal,0.9593630433082581
5655,Normal,0.9595075249671936
5656,Normal,0.9587997198104858
5657,Normal,0.9598646759986877
5658,Normal,0.9610959887504578
5659,Normal,0.9600314497947693
5660,Normal,0.9621684551239014
5661,Normal,0.9607122540473938
5662,Normal,0.9601444005966187
5663,Normal,0.9600633382797241
5664,Normal,0.9595912098884583
5665,Normal,0.9603636860847473
5666,Normal,0.9602601528167725
5667,Normal,0.9614200592041016
5668,Normal,0.9620665907859802
5669,Normal,0.9608821868896484
5670,Normal,0.9599227905273438
5671,Normal,0.9591612219810486
5672,Normal,0.959259569644928
5673,Normal,0.9586087465286255
5674,Normal,0.9597523808479309
5675,Normal,0.9623884558677673
5676,Normal,0.9607966542243958
5677,Normal,0.9608637690544128
5678,Normal,0.9608383774757385
5679,Normal,0.9611414670944214
5680,Normal,0.9613288044929504
5681,Normal,0.9619970917701721
5682,Normal,0.9602562785148621
5683,Normal,0.9603477716445923
5684,Normal,0.9599118232727051
5685,Normal,0.9594683647155762
5686,Normal,0.9605557322502136
5687,Normal,0.9606277942657471
5688,Normal,0.9614599347114563
5689,Normal,0.9625809192657471
5690,Normal,0.9610310196876526
5691,Normal,0.9600159525871277
5692,Normal,0.9592615365982056
5693,Normal,0.9595522284507751
5694,Normal,0.9590276479721069
5695,Normal,0.9599658846855164
5696,Normal,0.9622227549552917
5697,Normal,0.9618836045265198
5698,Normal,0.9603719711303711
5699,Normal,0.9629185199737549
5700,Normal,0.9609005451202393
5701,Normal,0.9605053663253784
5702,Normal,0.9602465033531189
5703,Normal,0.9591162204742432
5704,Normal,0.9603800773620605
5705,Normal,0.9605526328086853
5706,Normal,0.9615530371665955
5707,Normal,0.9622767567634583
5708,Normal,0.9610821008682251
5709,Normal,0.9599905014038086
5710,Normal,0.9592204093933105
5711,Normal,0.9592280983924866
5712,Normal,0.9587344527244568
5713,Normal,0.9598935842514038
5714,Normal,0.9623973965644836
5715,Normal,0.9609854221343994
5716,Normal,0.9610281586647034
5717,Normal,0.9613983035087585
5718,Normal,0.9615448713302612
5719,Normal,0.9626285433769226
5720,Normal,0.9602909088134766
5721,Normal,0.9602065086364746
5722,Normal,0.9602470993995667
5723,Normal,0.959821343421936
5724,Normal,0.9608338475227356
5725,Normal,0.9607382416725159
5726,Normal,0.9617208242416382
5727,Normal,0.9652119874954224
5728,Normal,0.9610612988471985
5729,Normal,0.9619304537773132
5730,Normal,0.9600338935852051
5731,Normal,0.9594206213951111
5732,Normal,0.9596928358078003
5733,Normal,0.9588873386383057
5734,Normal,0.9600589275360107
5735,Normal,0.9612290859222412
5736,Normal,0.9598817229270935
5737,Normal,0.9624590277671814
5738,Normal,0.9605306386947632
5739,Normal,0.9595955610275269
5740,Normal,0.9588590264320374
5741,Normal,0.9609076976776123
5742,Normal,0.960401177406311
5743,Normal,0.9605939984321594
5744,Normal,0.9618924260139465
5745,Normal,0.9625282883644104
5746,Normal,0.9609005451202393
5747,Normal,0.9601476192474365
5748,Normal,0.9592282176017761
5749,Normal,0.9594150185585022
5750,Normal,0.9587406516075134
5751,Normal,0.9599583745002747
5752,Normal,0.960055410861969
5753,Normal,0.9609910249710083
5754,Normal,0.9608602523803711
5755,Normal,0.9611907005310059
5756,Normal,0.9612720608711243
5757,Normal,0.9621036648750305
5758,Normal,0.9595434665679932
5759,Normal,0.9620240330696106
5760,Normal,0.9608503580093384
5761,Normal,0.9597843289375305
5762,Normal,0.9593433737754822
5763,Normal,0.9605648517608643
5764,Normal,0.9607663750648499
5765,Normal,0.9619380831718445
5766,Normal,0.9618058204650879
5767,Normal,0.9610528945922852
5768,Normal,0.960654079914093
5769,Normal,0.9594377279281616
5770,Normal,0.9595928192138672
5771,Normal,0.9590840935707092
5772,Normal,0.9594645500183105
5773,Normal,0.960335910320282
5774,Normal,0.9612421989440918
5775,Normal,0.9593601822853088
5776,Normal,0.9625482559204102
5777,Normal,0.9604901671409607
5778,Normal,0.9602035284042358
5779,Normal,0.9596492648124695
5780,Normal,0.9610615968704224
5781,Normal,0.9611186385154724
5782,Normal,0.9633694887161255
5783,Normal,0.9610992670059204
5784,Normal,0.963927149772644
5785,Normal,0.9620453119277954
5786,Normal,0.9608733654022217
5787,Normal,0.9602195024490356
5788,Normal,0.9609549045562744
5789,Normal,0.9603485465049744
5790,Normal,0.9594268798828125
5791,Normal,0.9598190188407898
5792,Normal,0.9590005278587341
5793,Normal,0.9594939351081848
5794,Normal,0.9606072902679443
5795,Normal,0.9611648917198181
5796,Normal,0.9609156250953674
5797,Normal,0.9611307382583618
5798,Normal,0.9613725543022156
5799,Normal,0.962164580821991
5800,Normal,0.9592922925949097
5801,Normal,0.9608403444290161
5802,Normal,0.9598788619041443
5803,Normal,0.9597879648208618
5804,Normal,0.9600675106048584
5805,Normal,0.9606232643127441
5806,Normal,0.9606480002403259
5807,Normal,0.9632604122161865
5808,Normal,0.9613077640533447
5809,Normal,0.9607734084129333
5810,Normal,0.960141122341156
5811,Normal,0.959526777267456
5812,Normal,0.9596350193023682
5813,Normal,0.9587537050247192
5814,Normal,0.9599399566650391
5815,Normal,0.9610397815704346
5816,Normal,0.9589009881019592
5817,Normal,0.9618522524833679
5818,Normal,0.9609590172767639
5819,Normal,0.9594445824623108
5820,Normal,0.9591889381408691
5821,Normal,0.9610031247138977
5822,Normal,0.9603322744369507
5823,Normal,0.9605380296707153
5824,Normal,0.9607545137405396
5825,Normal,0.9624989032745361
5826,Normal,0.9609701037406921
5827,Normal,0.960128903388977
5828,Normal,0.9593092799186707
5829,Normal,0.9594986438751221
5830,Normal,0.9587709307670593
5831,Normal,0.9600155353546143
5832,Normal,0.9608042240142822
5833,Normal,0.9607054591178894
5834,Normal,0.9608338475227356
5835,Normal,0.9612255692481995
5836,Normal,0.961297869682312
5837,Normal,0.9618840217590332
5838,Normal,0.9596453309059143
5839,Normal,0.9605582356452942
5840,Normal,0.9609813690185547
5841,Normal,0.959128201007843
5842,Normal,0.9623767733573914
5843,Normal,0.9613555669784546
5844,Normal,0.9649124145507812
5845,Normal,0.9631931185722351
5846,Normal,0.961268424987793
5847,Normal,0.9600902199745178
5848,Normal,0.9594154953956604
5849,Normal,0.9595276117324829
5850,Normal,0.9590949416160583
5851,Normal,0.9599825739860535
5852,Normal,0.9605447053909302
5853,Normal,0.9615682363510132
5854,Normal,0.9597823619842529
5855,Normal,0.9627548456192017
5856,Normal,0.9604700207710266
5857,Normal,0.9592552781105042
5858,Normal,0.9591742753982544
5859,Normal,0.961005449295044
5860,Normal,0.9599313735961914
5861,Normal,0.9607528448104858
5862,Normal,0.9606873989105225
5863,Normal,0.9622728824615479
5864,Normal,0.9611279964447021
5865,Normal,0.9607539772987366
5866,Normal,0.9594345688819885
5867,Normal,0.9592856764793396
5868,Normal,0.9588592648506165
5869,Normal,0.9593903422355652
5870,Normal,0.9609626531600952
5871,Normal,0.9616711139678955
5872,Normal,0.9611552357673645
5873,Normal,0.9613693356513977
5874,Normal,0.9615533947944641
5875,Normal,0.9626116752624512
5876,Normal,0.9602245688438416
5877,Normal,0.9608972668647766
5878,Normal,0.9608792066574097
5879,Normal,0.9596571922302246
5880,Normal,0.9595285058021545
5881,Normal,0.9600257277488708
5882,Normal,0.9608302116394043
5883,Normal,0.9605441689491272
5884,Normal,0.9626083374023438
5885,Normal,0.9610896706581116
5886,Normal,0.9609247446060181
5887,Normal,0.9601143002510071
5888,Normal,0.959557831287384
5889,Normal,0.9597107172012329
5890,Normal,0.958936870098114
5891,Normal,0.9596649408340454
5892,Normal,0.9618263840675354
5893,Normal,0.9597743153572083
5894,Normal,0.9626860022544861
5895,Normal,0.9606145620346069
5896,Normal,0.9599390625953674
5897,Normal,0.9593156576156616
5898,Normal,0.9610982537269592
5899,Normal,0.959896445274353
5900,Normal,0.960567057132721
5901,Normal,0.960713803768158
5902,Normal,0.9614167213439941
5903,Normal,0.9609149694442749
5904,Normal,0.9600754976272583
5905,Normal,0.9592483043670654
5906,Normal,0.9598122239112854
5907,Normal,0.9589216113090515
5908,Normal,0.9598849415779114
5909,Normal,0.9616976976394653
5910,Normal,0.9612312316894531
5911,Normal,0.9609147310256958
5912,Normal,0.9612722992897034
5913,Normal,0.9613476395606995
5914,Normal,0.962123453617096
5915,Normal,0.9620745778083801
5916,Normal,0.9610880613327026
5917,Normal,0.9602031111717224
5918,Normal,0.9601222276687622
5919,Normal,0.9601359367370605
5920,Normal,0.9607593417167664
5921,Normal,0.9606819748878479
5922,Normal,0.9620925188064575
5923,Normal,0.9609273076057434
5924,Normal,0.9610384702682495
5925,Normal,0.9609504342079163
5926,Normal,0.9603307247161865
5927,Normal,0.9595277309417725
5928,Normal,0.959753692150116
5929,Normal,0.9592404961585999
5930,Normal,0.9596942663192749
5931,Normal,0.9612470865249634
5932,Normal,0.9619966745376587
5933,Normal,0.959678590297699
5934,Normal,0.9629159569740295
5935,Normal,0.9604458212852478
5936,Normal,0.9594196677207947
5937,Normal,0.959963321685791
5938,Normal,0.9609834551811218
5939,Normal,0.9598414301872253
5940,Normal,0.9607647657394409
5941,Normal,0.9604266881942749
5942,Normal,0.9621180295944214
5943,Normal,0.9609187245368958
5944,Normal,0.9599324464797974
5945,Normal,0.9592500329017639
5946,Normal,0.9595166444778442
5947,Normal,0.9588508009910583
5948,Normal,0.9596092104911804
5949,Normal,0.9614480137825012
5950,Normal,0.9615174531936646
5951,Normal,0.9611479640007019
5952,Normal,0.9613670110702515
5953,Normal,0.9615715742111206
5954,Normal,0.9628335237503052
5955,Normal,0.9596110582351685
5956,Normal,0.9622762799263
5957,Normal,0.9609699845314026
5958,Normal,0.9595487117767334
5959,Normal,0.959753155708313
5960,Normal,0.9600712060928345
5961,Normal,0.9602423310279846
5962,Normal,0.9610297083854675
5963,Normal,0.9627930521965027
5964,Normal,0.9610590934753418
5965,Normal,0.9610980749130249
5966,Normal,0.9594648480415344
5967,Normal,0.9595158696174622
5968,Normal,0.958800196647644
5969,Normal,0.9593650102615356
5970,Normal,0.9602057337760925
5971,Normal,0.9614194631576538
5972,Normal,0.9597659707069397
5973,Normal,0.9628944993019104
5974,Normal,0.9607781767845154
5975,Normal,0.9609017372131348
5976,Normal,0.9608756899833679
5977,Normal,0.9599571824073792
5978,Normal,0.959747850894928
5979,Normal,0.9599831104278564
5980,Normal,0.9604590535163879
5981,Normal,0.9605244994163513
5982,Normal,0.9611747860908508
5983,Normal,0.9601624608039856
5984,Normal,0.9618417024612427
5985,Normal,0.9606991410255432
5986,Normal,0.9601877331733704
5987,Normal,0.9592072367668152
5988,Normal,0.9598315358161926
5989,Normal,0.9588837027549744
5990,Normal,0.9597728848457336
5991,Normal,0.9626744985580444
5992,Normal,0.9616510272026062
5993,Normal,0.9609196186065674
5994,Normal,0.96107417345047
5995,Normal,0.9612330794334412
5996,Normal,0.9618064165115356
5997,Normal,0.9596748352050781
5998,Normal,0.9605236053466797
5999,Normal,0.959822416305542
6000,Normal,0.9594058394432068
6001,Normal,0.9600379467010498
6002,Normal,0.9605464935302734
6003,Normal,0.9607122540473938
6004,Normal,0.9619532227516174
6005,Normal,0.9608997702598572
6006,Normal,0.9604401588439941
6007,Normal,0.959298849105835
6008,Normal,0.9596763849258423
6009,Normal,0.9588826298713684
6010,Normal,0.9594087600708008
6011,Normal,0.9621540904045105
6012,Normal,0.9615330100059509
6013,Normal,0.9614109992980957
6014,Normal,0.9598039984703064
6015,Normal,0.9628177285194397
6016,Normal,0.9610759019851685
6017,Normal,0.9602656364440918
6018,Normal,0.960766613483429
6019,Normal,0.9599958658218384
6020,Normal,0.9602982997894287
6021,Normal,0.9607570171356201
6022,Normal,0.9616166353225708
6023,Normal,0.9607671499252319
6024,Normal,0.9599957466125488
6025,Normal,0.9591861963272095
6026,Normal,0.9594419002532959
6027,Normal,0.9586771130561829
6028,Normal,0.9598875641822815
6029,Normal,0.9626040458679199
6030,Normal,0.9608636498451233
6031,Normal,0.9609299302101135
6032,Normal,0.9614337086677551
6033,Normal,0.9615820050239563
6034,Normal,0.9625723361968994
6035,Normal,0.9595397114753723
6036,Normal,0.9605320692062378
6037,Normal,0.9597203135490417
6038,Normal,0.9601944088935852
6039,Normal,0.9601401090621948
6040,Normal,0.9605624079704285
6041,Normal,0.9609534740447998
6042,Normal,0.9620019793510437
6043,Normal,0.9608088731765747
6044,Normal,0.9620413184165955
6045,Normal,0.9593870639801025
6046,Normal,0.9596790075302124
6047,Normal,0.9587940573692322
6048,Normal,0.959542989730835
6049,Normal,0.9607148170471191
6050,Normal,0.9616559147834778
6051,Normal,0.9594109654426575
6052,Normal,0.9623259902000427
6053,Normal,0.9609146118164062
6054,Normal,0.9609677791595459
6055,Normal,0.9605924487113953
6056,Normal,0.9595744013786316
6057,Normal,0.9600620269775391
6058,Normal,0.9602183699607849
6059,Normal,0.961012065410614
6060,Normal,0.9614312648773193
6061,Normal,0.9606220722198486
6062,Normal,0.9602013230323792
6063,Normal,0.9591310620307922
6064,Normal,0.959595799446106
6065,Normal,0.9586532711982727
6066,Normal,0.9599399566650391
6067,Normal,0.9603308439254761
6068,Normal,0.9608649015426636
6069,Normal,0.960911214351654
6070,Normal,0.9607760906219482
6071,Normal,0.9611080884933472
6072,Normal,0.9612218141555786
6073,Normal,0.9618392586708069
6074,Normal,0.9600130915641785
6075,Normal,0.9611825346946716
6076,Normal,0.9607177376747131
6077,Normal,0.96000736951828
6078,Normal,0.9602537751197815
6079,Normal,0.9603994488716125
6080,Normal,0.9608834981918335
6081,Normal,0.9625781774520874
6082,Normal,0.9607334136962891
6083,Normal,0.9602891802787781
6084,Normal,0.9592390656471252
6085,Normal,0.9597891569137573
6086,Normal,0.9590498805046082
6087,Normal,0.9600292444229126
6088,Normal,0.9604024291038513
6089,Normal,0.9621037840843201
6090,Normal,0.9601826667785645
6091,Normal,0.962817907333374
6092,Normal,0.9606265425682068
6093,Normal,0.9600288271903992
6094,Normal,0.958871066570282
6095,Normal,0.9611009359359741
6096,Normal,0.959991991519928
6097,Normal,0.9607844352722168
6098,Normal,0.9612007141113281
6099,Normal,0.9618725776672363
6100,Normal,0.9609463214874268
6101,Normal,0.9602758884429932
6102,Normal,0.9593226313591003
6103,Normal,0.9595771431922913
6104,Normal,0.9587859511375427
6105,Normal,0.9600504636764526
6106,Normal,0.9600838422775269
6107,Normal,0.961250364780426
6108,Normal,0.960986316204071
6109,Normal,0.9613826870918274
6110,Normal,0.9614711403846741
6111,Normal,0.9624236822128296
6112,Normal,0.9606415033340454
6113,Normal,0.9610484838485718
6114,Normal,0.9611178636550903
6115,Normal,0.9598181247711182
6116,Normal,0.960329532623291
6117,Normal,0.9612720608711243
6118,Normal,0.9614233374595642
6119,Normal,0.9629862904548645
6120,Normal,0.961058497428894
6121,Normal,0.9606320858001709
6122,Normal,0.9594287872314453
6123,Normal,0.9596952795982361
6124,Normal,0.9588433504104614
6125,Normal,0.9595252275466919
6126,Normal,0.9606810212135315
6127,Normal,0.9619901776313782
6128,Normal,0.9598192572593689
6129,Normal,0.9624367356300354
6130,Normal,0.960833728313446
6131,Normal,0.9610622525215149
6132,Normal,0.9589501023292542
6133,Normal,0.9611420035362244
6134,Normal,0.9601535201072693
6135,Normal,0.9622305035591125
6136,Normal,0.9614064693450928
6137,Normal,0.9621343612670898
6138,Normal,0.9610527753829956
6139,Normal,0.9611539840698242
6140,Normal,0.9600671529769897
6141,Normal,0.9593351483345032
6142,Normal,0.9599997997283936
6143,Normal,0.9589733481407166
6144,Normal,0.9603462219238281
6145,Normal,0.9614216685295105
6146,Normal,0.9609225392341614
6147,Normal,0.9613885283470154
6148,Normal,0.9614703059196472
6149,Normal,0.9621520042419434
6150,Normal,0.9594926238059998
6151,Normal,0.9624273180961609
6152,Normal,0.9607722163200378
6153,Normal,0.9610086679458618
6154,Normal,0.9596284031867981
6155,Normal,0.9600613713264465
6156,Normal,0.9608935117721558
6157,Normal,0.9607579112052917
6158,Normal,0.9629785418510437
6159,Normal,0.9612348675727844
6160,Normal,0.9607199430465698
6161,Normal,0.9595244526863098
6162,Normal,0.9598789811134338
6163,Normal,0.9591110944747925
6164,Normal,0.960005521774292
6165,Normal,0.9612370133399963
6166,Normal,0.9622392058372498
6167,Normal,0.9615551233291626
6168,Normal,0.959881067276001
6169,Normal,0.9628216624259949
6170,Normal,0.9614300727844238
6171,Normal,0.9612507224082947
6172,Normal,0.9592693448066711
6173,Normal,0.9614477753639221
6174,Normal,0.9599037766456604
6175,Normal,0.9609386324882507
6176,Normal,0.9610270261764526
6177,Normal,0.9625478982925415
6178,Normal,0.9611121416091919
6179,Normal,0.9605409502983093
6180,Normal,0.9609355330467224
6181,Normal,0.9607870578765869
6182,Normal,0.9594298601150513
6183,Normal,0.9600599408149719
6184,Normal,0.9590393900871277
6185,Normal,0.9610289335250854
6186,Normal,0.9613304734230042
6187,Normal,0.962982714176178
6188,Normal,0.9611022472381592
6189,Normal,0.9614142179489136
6190,Normal,0.9615058898925781
6191,Normal,0.9620676040649414
6192,Normal,0.9594762921333313
6193,Normal,0.9608547687530518
6194,Normal,0.9609740972518921
6195,Normal,0.9592236876487732
6196,Normal,0.9603413939476013
6197,Normal,0.9613149166107178
6198,Normal,0.9614564776420593
6199,Normal,0.9624898433685303
6200,Normal,0.9614202380180359
6201,Normal,0.9613997340202332
6202,Normal,0.9595447778701782
6203,Normal,0.9597405195236206
6204,Normal,0.9587790369987488
6205,Normal,0.9595927000045776
6206,Normal,0.961080014705658
6207,Normal,0.9623212218284607
6208,Normal,0.9589180946350098
6209,Normal,0.9620464444160461
6210,Normal,0.961131751537323
6211,Normal,0.9614591598510742
6212,Normal,0.9602184891700745
6213,Normal,0.9614571928977966
6214,Normal,0.9602946639060974
6215,Normal,0.9609975218772888
6216,Normal,0.9620362520217896
6217,Normal,0.9632828235626221
6218,Normal,0.9612663388252258
6219,Normal,0.960748016834259
6220,Normal,0.9593541622161865
6221,Normal,0.9597328305244446
6222,Normal,0.9588238596916199
6223,Normal,0.9604896306991577
6224,Normal,0.962089478969574
6225,Normal,0.9623476266860962
6226,Normal,0.9609426259994507
6227,Normal,0.9615334272384644
6228,Normal,0.9615098237991333
6229,Normal,0.962112307548523
6230,Normal,0.9617279767990112
6231,Normal,0.9603532552719116
6232,Normal,0.9607046842575073
6233,Normal,0.9600462913513184
6234,Normal,0.9601362943649292
6235,Normal,0.9607827663421631
6236,Normal,0.9612985253334045
6237,Normal,0.9626510739326477
6238,Normal,0.9611100554466248
6239,Normal,0.9604817032814026
6240,Normal,0.9593839645385742
6241,Normal,0.9597926735877991
6242,Normal,0.9590715169906616
6243,Normal,0.9601702690124512
6244,Normal,0.9616693258285522
6245,Normal,0.9622564315795898
6246,Normal,0.9616612792015076
6247,Normal,0.9606769680976868
6248,Normal,0.9631171822547913
6249,Normal,0.9608110785484314
6250,Normal,0.9612877368927002
6251,Normal,0.9594108462333679
6252,Normal,0.9599370956420898
6253,Normal,0.9610909223556519
6254,Normal,0.9613630771636963
6255,Normal,0.9625434875488281
6256,Normal,0.9611533284187317
6257,Normal,0.9602434635162354
6258,Normal,0.9593269228935242
6259,Normal,0.9594816565513611
6260,Normal,0.9587777256965637
6261,Normal,0.960142970085144
6262,Normal,0.9616865515708923
6263,Normal,0.9612789154052734
6264,Normal,0.9610414505004883
6265,Normal,0.9611429572105408
6266,Normal,0.9610210061073303
6267,Normal,0.9613310098648071
6268,Normal,0.9632980823516846
6269,Normal,0.9604777693748474
6270,Normal,0.9608666300773621
6271,Normal,0.9614467024803162
6272,Normal,0.9601593613624573
6273,Normal,0.9605722427368164
6274,Normal,0.9609039425849915
6275,Normal,0.9614103436470032
6276,Normal,0.9623059034347534
6277,Normal,0.9610371589660645
6278,Normal,0.9615191221237183
6279,Normal,0.9594458937644958
6280,Normal,0.9598488807678223
6281,Normal,0.9590893387794495
6282,Normal,0.9598236083984375
6283,Normal,0.9611069560050964
6284,Normal,0.9628525376319885
6285,Normal,0.9601801633834839
6286,Normal,0.9626818895339966
6287,Normal,0.9608121514320374
6288,Normal,0.9613379240036011
6289,Normal,0.9604353904724121
6290,Normal,0.9612207412719727
6291,Normal,0.9600748419761658
6292,Normal,0.9605156779289246
6293,Normal,0.960965633392334
6294,Normal,0.9626532793045044
6295,Normal,0.9610919952392578
6296,Normal,0.9604231119155884
6297,Normal,0.9593605995178223
6298,Normal,0.9597666263580322
6299,Normal,0.9587463736534119
6300,Normal,0.959953248500824
6301,Normal,0.9630993604660034
6302,Normal,0.9610536694526672
6303,Normal,0.9609074592590332
6304,Normal,0.9607937932014465
6305,Normal,0.960993766784668
6306,Normal,0.9627155065536499
6307,Normal,0.9603398442268372
6308,Normal,0.9607199430465698
6309,Normal,0.9601133465766907
6310,Normal,0.9595046043395996
6311,Normal,0.9603263139724731
6312,Normal,0.9606711268424988
6313,Normal,0.9610666632652283
6314,Normal,0.9617104530334473
6315,Normal,0.9607546329498291
6316,Normal,0.9602463245391846
6317,Normal,0.9593000411987305
6318,Normal,0.9599233865737915
6319,Normal,0.9590489864349365
6320,Normal,0.9600138664245605
6321,Normal,0.9627923965454102
6322,Normal,0.9611502289772034
6323,Normal,0.9614444971084595
6324,Normal,0.9601858258247375
6325,Normal,0.9624317288398743
6326,Normal,0.9605348110198975
6327,Normal,0.9605249166488647
6328,Normal,0.9605061411857605
6329,Normal,0.9602552056312561
6330,Normal,0.9604851007461548
6331,Normal,0.9613186717033386
6332,Normal,0.9621624946594238
6333,Normal,0.960921049118042
6334,Normal,0.960213303565979
6335,Normal,0.959322988986969
6336,Normal,0.9596165418624878
6337,Normal,0.9587423205375671
6338,Normal,0.9599352478981018
6339,Normal,0.9622349143028259
6340,Normal,0.9606727361679077
6341,Normal,0.9624982476234436
6342,Normal,0.9611194133758545
6343,Normal,0.9609721302986145
6344,Normal,0.9610878229141235
6345,Normal,0.9634031057357788
6346,Normal,0.9595321416854858
6347,Normal,0.9609163999557495
6348,Normal,0.9595852494239807
6349,Normal,0.9599561095237732
6350,Normal,0.9604671597480774
6351,Normal,0.9604805707931519
6352,Normal,0.9610286951065063
6353,Normal,0.960168182849884
6354,Normal,0.9608078002929688
6355,Normal,0.9601373672485352
6356,Normal,0.9593349695205688
6357,Normal,0.9596138000488281
6358,Normal,0.9589517712593079
6359,Normal,0.9599897265434265
6360,Normal,0.9624530673027039
6361,Normal,0.9610828757286072
6362,Normal,0.9612641334533691
6363,Normal,0.9593021273612976
6364,Normal,0.9619640111923218
6365,Normal,0.9611942768096924
6366,Normal,0.9605892896652222
6367,Normal,0.959339439868927
6368,Normal,0.9609464406967163
6369,Normal,0.9604673981666565
6370,Normal,0.9605341553688049
6371,Normal,0.9615790843963623
6372,Normal,0.9606291055679321
6373,Normal,0.9606548547744751
6374,Normal,0.9599074125289917
6375,Normal,0.9606241583824158
6376,Normal,0.9605319499969482
6377,Normal,0.9604635834693909
6378,Normal,0.9591912627220154
6379,Normal,0.9601626396179199
6380,Normal,0.9590092301368713
6381,Normal,0.9603049159049988
6382,Normal,0.9604525566101074
6383,Normal,0.9603550434112549
6384,Normal,0.9606726765632629
6385,Normal,0.9617887735366821
6386,Normal,0.9602901339530945
6387,Normal,0.9612195491790771
6388,Normal,0.9609451293945312
6389,Normal,0.960720956325531
6390,Normal,0.9601556062698364
6391,Normal,0.9606800079345703
6392,Normal,0.9606091976165771
6393,Normal,0.9614602327346802
6394,Normal,0.9617895483970642
6395,Normal,0.9606175422668457
6396,Normal,0.9607684016227722
6397,Normal,0.959349513053894
6398,Normal,0.9600284099578857
6399,Normal,0.9591924548149109
6400,Normal,0.9601306915283203
6401,Normal,0.9602096080780029
6402,Normal,0.9610519409179688
6403,Normal,0.961434006690979
6404,Normal,0.9602317810058594
6405,Normal,0.9622002243995667
6406,Normal,0.9608302116394043
6407,Normal,0.9610338807106018
6408,Normal,0.958884596824646
6409,Normal,0.9604415893554688
6410,Normal,0.9603618383407593
6411,Normal,0.9608299732208252
6412,Normal,0.9598782062530518
6413,Normal,0.9606845378875732
6414,Normal,0.9603708386421204
6415,Normal,0.9592786431312561
6416,Normal,0.9596287608146667
6417,Normal,0.9588860869407654
6418,Normal,0.9600185751914978
6419,Normal,0.9599434733390808
6420,Normal,0.9606502056121826
6421,Normal,0.9610366225242615
6422,Normal,0.9610527753829956
6423,Normal,0.9610324501991272
6424,Normal,0.962605893611908
6425,Normal,0.9602044224739075
6426,Normal,0.960157036781311
6427,Normal,0.9606383442878723
6428,Normal,0.9594284296035767
6429,Normal,0.9606322646141052
6430,Normal,0.9608107209205627
6431,Normal,0.9610424637794495
6432,Normal,0.9597680568695068
6433,Normal,0.9605375528335571
6434,Normal,0.9603040218353271
6435,Normal,0.9592787623405457
6436,Normal,0.9597131609916687
6437,Normal,0.9589987993240356
6438,Normal,0.9601699113845825
6439,Normal,0.959999680519104
6440,Normal,0.9610118269920349
6441,Normal,0.961654007434845
6442,Normal,0.9601595997810364
6443,Normal,0.961841344833374
6444,Normal,0.960377037525177
6445,Normal,0.9609010815620422
6446,Normal,0.9595981240272522
6447,Normal,0.9607657194137573
6448,Normal,0.9603127241134644
6449,Normal,0.9612685441970825
6450,Normal,0.9606794714927673
6451,Normal,0.9606034755706787
6452,Normal,0.9605254530906677
6453,Normal,0.9592085480690002
6454,Normal,0.9598005414009094
6455,Normal,0.9587212800979614
6456,Normal,0.9599806070327759
6457,Normal,0.9610457420349121
6458,Normal,0.9607762694358826
6459,Normal,0.9609986543655396
6460,Normal,0.9607798457145691
6461,Normal,0.961182177066803
6462,Normal,0.9606915712356567
6463,Normal,0.9619536399841309
6464,Normal,0.9605506658554077
6465,Normal,0.9610837697982788
6466,Normal,0.9604983329772949
6467,Normal,0.9593035578727722
6468,Normal,0.960793673992157
6469,Normal,0.9608356356620789
6470,Normal,0.9615412354469299
6471,Normal,0.9599364399909973
6472,Normal,0.9605989456176758
6473,Normal,0.9605464935302734
6474,Normal,0.9591349959373474
6475,Normal,0.960304319858551
6476,Normal,0.9592850208282471
6477,Normal,0.96039879322052
6478,Normal,0.9609805941581726
6479,Normal,0.9614500999450684
6480,Normal,0.9607831239700317
6481,Normal,0.9622251987457275
6482,Normal,0.9614638686180115
6483,Normal,0.9612902402877808
6484,Normal,0.9595121741294861
6485,Normal,0.9613203406333923
6486,Normal,0.960184633731842
6487,Normal,0.9609183669090271
6488,Normal,0.9610680937767029
6489,Normal,0.9611075520515442
6490,Normal,0.9608187675476074
6491,Normal,0.9604617953300476
6492,Normal,0.9593348503112793
6493,Normal,0.9598091244697571
6494,Normal,0.9589592218399048
6495,Normal,0.9600909948348999
6496,Normal,0.9609790444374084
6497,Normal,0.9639418721199036
6498,Normal,0.9612590670585632
6499,Normal,0.9610849618911743
6500,Normal,0.9610998034477234
6501,Normal,0.9634616374969482
6502,Normal,0.9614052772521973
6503,Normal,0.9613894820213318
6504,Normal,0.9594465494155884
6505,Normal,0.9596882462501526
6506,Normal,0.9605997204780579
6507,Normal,0.9605396389961243
6508,Normal,0.9609002470970154
6509,Normal,0.9606771469116211
6510,Normal,0.9604537487030029
6511,Normal,0.960576057434082
6512,Normal,0.9592747092247009
6513,Normal,0.9600610136985779
6514,Normal,0.9590237140655518
6515,Normal,0.9597534537315369
6516,Normal,0.9610365033149719
6517,Normal,0.9616990089416504
6518,Normal,0.9616362452507019
6519,Normal,0.9608853459358215
6520,Normal,0.9618331789970398
6521,Normal,0.961199939250946
6522,Normal,0.9615819454193115
6523,Normal,0.9592133164405823
6524,Normal,0.9605880379676819
6525,Normal,0.9605247974395752
6526,Normal,0.9615535140037537
6527,Normal,0.9604645371437073
6528,Normal,0.9607019424438477
6529,Normal,0.9605364799499512
6530,Normal,0.9592365622520447
6531,Normal,0.9597449898719788
6532,Normal,0.9587903022766113
6533,Normal,0.9599045515060425
6534,Normal,0.961830198764801
6535,Normal,0.961441159248352
6536,Normal,0.9629388451576233
6537,Normal,0.960902214050293
6538,Normal,0.9611485004425049
6539,Normal,0.960766077041626
6540,Normal,0.9629745483398438
6541,Normal,0.9606543779373169
6542,Normal,0.9602289199829102
6543,Normal,0.9602836966514587
6544,Normal,0.9593762159347534
6545,Normal,0.9607049822807312
6546,Normal,0.9610710740089417
6547,Normal,0.9616160988807678
6548,Normal,0.960034191608429
6549,Normal,0.9606832265853882
6550,Normal,0.9603933095932007
6551,Normal,0.9592788815498352
6552,Normal,0.9599947929382324
6553,Normal,0.9591352939605713
6554,Normal,0.9596056938171387
6555,Normal,0.9617725610733032
6556,Normal,0.96190345287323
6557,Normal,0.9614224433898926
6558,Normal,0.9599646329879761
6559,Normal,0.9623768925666809
6560,Normal,0.9609643816947937
6561,Normal,0.9610549807548523
6562,Normal,0.9602933526039124
6563,Normal,0.9611790180206299
6564,Normal,0.9604303240776062
6565,Normal,0.9608745574951172
6566,Normal,0.9616963267326355
6567,Normal,0.9608297944068909
6568,Normal,0.9621002674102783
6569,Normal,0.9605723023414612
6570,Normal,0.9607486724853516
6571,Normal,0.9606267809867859
6572,Normal,0.9592333436012268
6573,Normal,0.9599842429161072
6574,Normal,0.9590818881988525
6575,Normal,0.9602466225624084
6576,Normal,0.9619175791740417
6577,Normal,0.9614933133125305
6578,Normal,0.961118757724762
6579,Normal,0.9609919190406799
6580,Normal,0.9608022570610046
6581,Normal,0.9625621438026428
6582,Normal,0.9600157737731934
6583,Normal,0.9605507850646973
6584,Normal,0.9609572291374207
6585,Normal,0.9597569704055786
6586,Normal,0.9606909155845642
6587,Normal,0.9608213901519775
6588,Normal,0.9615971446037292
6589,Normal,0.9601666331291199
6590,Normal,0.9606149196624756
6591,Normal,0.9615992307662964
6592,Normal,0.9605064392089844
6593,Normal,0.9592636227607727
6594,Normal,0.9599599242210388
6595,Normal,0.9589586853981018
6596,Normal,0.9595515727996826
6597,Normal,0.9625459313392639
6598,Normal,0.9606199264526367
6599,Normal,0.9608118534088135
6600,Normal,0.9590725898742676
6601,Normal,0.9607768654823303
6602,Normal,0.9610239267349243
6603,Normal,0.961776614189148
6604,Normal,0.9607284069061279
6605,Normal,0.9603267908096313
6606,Normal,0.9616341590881348
6607,Normal,0.9615122675895691
6608,Normal,0.9606607556343079
6609,Normal,0.9603859186172485
6610,Normal,0.9592326879501343
6611,Normal,0.9598554968833923
6612,Normal,0.9588379859924316
6613,Normal,0.9598633646965027
6614,Normal,0.9638746976852417
6615,Normal,0.9616667032241821
6616,Normal,0.9607121348381042
6617,Normal,0.9611350297927856
6618,Normal,0.9604865312576294
6619,Normal,0.9624949097633362
6620,Normal,0.9594212770462036
6621,Normal,0.9610376358032227
6622,Normal,0.9612272381782532
6623,Normal,0.9603272080421448
6624,Normal,0.9609354734420776
6625,Normal,0.9607121348381042
6626,Normal,0.9617921710014343
6627,Normal,0.9612773656845093
6628,Normal,0.9606786966323853
6629,Normal,0.960721492767334
6630,Normal,0.9592888951301575
6631,Normal,0.9602712392807007
6632,Normal,0.9590860605239868
6633,Normal,0.9598817229270935
6634,Normal,0.9634529948234558
6635,Normal,0.9622823596000671
6636,Normal,0.9617951512336731
6637,Normal,0.9599321484565735
6638,Normal,0.9628651142120361
6639,Normal,0.9610655903816223
6640,Normal,0.9614267349243164
6641,Normal,0.9593545794487
6642,Normal,0.9107934236526489
6643,Normal,0.9612061977386475
6644,Normal,0.9686532616615295
6645,Normal,0.9613043665885925
6646,Normal,0.9610570073127747
6647,Normal,0.9605082869529724
6648,Normal,0.9594019651412964
6649,Normal,0.9599394202232361
6650,Normal,0.9590686559677124
6651,Normal,0.9603804349899292
6652,Normal,0.9639273881912231
6653,Normal,0.9621559977531433
6654,Normal,0.9613844156265259
6655,Normal,0.9613755345344543
6656,Normal,0.9614534378051758
6657,Normal,0.9612213969230652
6658,Normal,0.9641576409339905
6659,Normal,0.9597298502922058
6660,Normal,0.9610407948493958
6661,Normal,0.9600845575332642
6662,Normal,0.9601494669914246
6663,Normal,0.8957887291908264
6664,Normal,0.9617593288421631
6665,Normal,0.969312846660614
6666,Normal,0.9616016745567322
6667,Normal,0.9612167477607727
6668,Normal,0.9607071876525879
6669,Normal,0.9594801068305969
6670,Normal,0.9600723385810852
6671,Normal,0.9592666029930115
6672,Normal,0.9602217078208923
6673,Normal,0.9642329812049866
6674,Normal,0.9625276923179626
6675,Normal,0.9593959450721741
6676,Normal,0.9629588723182678
6677,Normal,0.9621459245681763
6678,Normal,0.9612120389938354
6679,Normal,0.9612525701522827
6680,Normal,0.9614977240562439
6681,Normal,0.9204050898551941
6682,Normal,0.961437463760376
6683,Normal,0.9684211015701294
6684,Normal,0.9611583948135376
6685,Normal,0.9610784649848938
6686,Normal,0.9606752991676331
6687,Normal,0.9595034718513489
6688,Normal,0.9598888754844666
6689,Normal,0.9590011835098267
6690,Normal,0.9604557752609253
6691,Normal,0.960882306098938
6692,Normal,0.9619226455688477
6693,Normal,0.9609653949737549
6694,Normal,0.9611756801605225
6695,Normal,0.9608099460601807
6696,Normal,0.9625842571258545
6697,Normal,0.9613265991210938
6698,Normal,0.9605801105499268
6699,Normal,0.9609452486038208
6700,Normal,0.9599114656448364
6701,Normal,0.9615724682807922
6702,Normal,0.9612298607826233
6703,Normal,0.9679787158966064
6704,Normal,0.9609604477882385
6705,Normal,0.960668683052063
6706,Normal,0.9604533314704895
6707,Normal,0.9593168497085571
6708,Normal,0.9599510431289673
6709,Normal,0.9591740369796753
6710,Normal,0.9599877595901489
6711,Normal,0.9603304862976074
6712,Normal,0.9639562964439392
6713,Normal,0.9611755609512329
6714,Normal,0.9625657200813293
6715,Normal,0.9602988362312317
6716,Normal,0.9606736302375793
6717,Normal,0.958722710609436
6718,Normal,0.96097332239151
6719,Normal,0.9444997906684875
6720,Normal,0.961169421672821
6721,Normal,0.9683465361595154
6722,Normal,0.9613981246948242
6723,Normal,0.96072918176651
6724,Normal,0.9604803919792175
6725,Normal,0.9594888091087341
6726,Normal,0.9596522450447083
6727,Normal,0.9589201807975769
6728,Normal,0.9600304961204529
6729,Normal,0.9601393342018127
6730,Normal,0.9612064361572266
6731,Normal,0.9625542163848877
6732,Normal,0.9611761569976807
6733,Normal,0.9609186053276062
6734,Normal,0.960889458656311
6735,Normal,0.9631044268608093
6736,Normal,0.9608923196792603
6737,Normal,0.9609023928642273
6738,Normal,0.9611635804176331
6739,Normal,0.9595651626586914
6740,Normal,0.9431601762771606
6741,Normal,0.9613977670669556
6742,Normal,0.9690930247306824
6743,Normal,0.9617043137550354
6744,Normal,0.960813045501709
6745,Normal,0.9604912400245667
6746,Normal,0.9595152139663696
6747,Normal,0.9599670767784119
6748,Normal,0.9591234922409058
6749,Normal,0.9598879814147949
6750,Normal,0.9601297974586487
6751,Normal,0.9615209698677063
6752,Normal,0.9613216519355774
6753,Normal,0.9607647657394409
6754,Normal,0.9619417190551758
6755,Normal,0.9604857563972473
6756,Normal,0.9610597491264343
6757,Normal,0.959257960319519
6758,Normal,0.9610532522201538
6759,Normal,0.9391825795173645
6760,Normal,0.9611595273017883
6761,Normal,0.9614580273628235
6762,Normal,0.9607879519462585
6763,Normal,0.9692714214324951
6764,Normal,0.960210919380188
6765,Normal,0.9605700373649597
6766,Normal,0.9604871869087219
6767,Normal,0.959194540977478
6768,Normal,0.9603728652000427
6769,Normal,0.9590886831283569
6770,Normal,0.960055947303772
6771,Normal,0.9610536694526672
6772,Normal,0.9606752991676331
6773,Normal,0.9605893492698669
6774,Normal,0.9609045386314392
6775,Normal,0.9600381851196289
6776,Normal,0.9609353542327881
6777,Normal,0.9597688317298889
6778,Normal,0.9607362747192383
6779,Normal,0.9594758152961731
6780,Normal,0.9597912430763245
6781,Normal,0.9634288549423218
6782,Normal,0.9612275958061218
6783,Normal,0.9685774445533752
6784,Normal,0.9615610837936401
6785,Normal,0.9600473046302795
6786,Normal,0.9605422019958496
6787,Normal,0.9594147205352783
6788,Normal,0.9601524472236633
6789,Normal,0.9591757655143738
6790,Normal,0.9597682952880859
6791,Normal,0.960650622844696
6792,Normal,0.9613451957702637
6793,Normal,0.961416482925415
6794,Normal,0.9602548480033875
6795,Normal,0.9624041318893433
6796,Normal,0.9609031081199646
6797,Normal,0.9610168933868408
6798,Normal,0.9591180086135864
6799,Normal,0.9305095672607422
6800,Normal,0.9612993597984314
6801,Normal,0.9688476920127869
6802,Normal,0.96169114112854
6803,Normal,0.9608896374702454
6804,Normal,0.9603896737098694
6805,Normal,0.9595199823379517
6806,Normal,0.9597718119621277
6807,Normal,0.9590466022491455
6808,Normal,0.9602093696594238
6809,Normal,0.9605770707130432
6810,Normal,0.9614270925521851
6811,Normal,0.9613015651702881
6812,Normal,0.9611454010009766
6813,Normal,0.9611318707466125
6814,Normal,0.9632459282875061
6815,Normal,0.9606946706771851
6816,Normal,0.9608537554740906
6817,Normal,0.9608924984931946
6818,Normal,0.9593612551689148
6819,Normal,0.9563155770301819
6820,Normal,0.9614507555961609
6821,Normal,0.9684693217277527
6822,Normal,0.9616653919219971
6823,Normal,0.9607426524162292
6824,Normal,0.960479736328125
6825,Normal,0.9594541192054749
6826,Normal,0.9598286747932434
6827,Normal,0.959151566028595
6828,Normal,0.9602708220481873
6829,Normal,0.9606611132621765
6830,Normal,0.9656875133514404
6831,Normal,0.9614258408546448
6832,Normal,0.9604810476303101
6833,Normal,0.9623490571975708
6834,Normal,0.960825502872467
6835,Normal,0.9596960544586182
6836,Normal,0.9587967991828918
6837,Normal,0.9196014404296875
6838,Normal,0.9611114859580994
6839,Normal,0.968285858631134
6840,Normal,0.9616935849189758
6841,Normal,0.960942268371582
6842,Normal,0.9607031345367432
6843,Normal,0.9594017863273621
6844,Normal,0.9600865244865417
6845,Normal,0.9588710069656372
6846,Normal,0.9604942202568054
6847,Normal,0.9619246125221252
6848,Normal,0.9623335599899292
6849,Normal,0.9610641598701477
6850,Normal,0.9605480432510376
6851,Normal,0.9613233208656311
6852,Normal,0.9603986740112305
6853,Normal,0.9621439576148987
6854,Normal,0.9599825739860535
6855,Normal,0.9606261253356934
6856,Normal,0.9598889946937561
6857,Normal,0.9593175053596497
6858,Normal,0.8738613724708557
6859,Normal,0.961439847946167
6860,Normal,0.9675093293190002
6861,Normal,0.9618873596191406
6862,Normal,0.9605273604393005
6863,Normal,0.9609935879707336
6864,Normal,0.9593886137008667
6865,Normal,0.9602274894714355
6866,Normal,0.9592186808586121
6867,Normal,0.9605716466903687
6868,Normal,0.9620249271392822
6869,Normal,0.9625148773193359
6870,Normal,0.9592967629432678
6871,Normal,0.9624190330505371
6872,Normal,0.9617147445678711
6873,Normal,0.9602221250534058
6874,Normal,0.9592318534851074
6875,Normal,0.9613150358200073
6876,Normal,0.9608091115951538
6877,Normal,0.9613789319992065
6878,Normal,0.9617699980735779
6879,Normal,0.9616241455078125
6880,Normal,0.9607985019683838
6881,Normal,0.9605022668838501
6882,Normal,0.9595282673835754
6883,Normal,0.9599230289459229
6884,Normal,0.9589664340019226
6885,Normal,0.9604135155677795
6886,Normal,0.9619754552841187
6887,Normal,0.9626482129096985
6888,Normal,0.961056649684906
6889,Normal,0.9612740278244019
6890,Normal,0.9608127474784851
6891,Normal,0.9628270864486694
6892,Normal,0.9594892263412476
6893,Normal,0.960975706577301
6894,Normal,0.9612435102462769
6895,Normal,0.9593168497085571
6896,Normal,0.9608992338180542
6897,Normal,0.961183488368988
6898,Normal,0.9618680477142334
6899,Normal,0.960224986076355
6900,Normal,0.9605346918106079
6901,Normal,0.9606695771217346
6902,Normal,0.9593715667724609
6903,Normal,0.9603320360183716
6904,Normal,0.9589470624923706
6905,Normal,0.9604673981666565
6906,Normal,0.962101936340332
6907,Normal,0.9620069265365601
6908,Normal,0.9594854712486267
6909,Normal,0.9612873792648315
6910,Normal,0.9610074162483215
6911,Normal,0.9613233804702759
6912,Normal,0.9588132500648499
6913,Normal,0.9612388014793396
6914,Normal,0.9608011841773987
6915,Normal,0.9598731398582458
6916,Normal,0.9608572721481323
6917,Normal,0.9608299136161804
6918,Normal,0.9603682160377502
6919,Normal,0.9611981511116028
6920,Normal,0.9592925906181335
6921,Normal,0.9599348902702332
6922,Normal,0.9587821960449219
6923,Normal,0.9605153799057007
6924,Normal,0.963846743106842
6925,Normal,0.9613341093063354
6926,Normal,0.9629757404327393
6927,Normal,0.9600396752357483
6928,Normal,0.9613791704177856
6929,Normal,0.9599030613899231
6930,Normal,0.9613932371139526
6931,Normal,0.9598827362060547
6932,Normal,0.9608338475227356
6933,Normal,0.9617824554443359
6934,Normal,0.9612545371055603
6935,Normal,0.9607269167900085
6936,Normal,0.9606742858886719
6937,Normal,0.9608729481697083
6938,Normal,0.9602484107017517
6939,Normal,0.9603356719017029
6940,Normal,0.9612041115760803
6941,Normal,0.9592130780220032
6942,Normal,0.9605911374092102
6943,Normal,0.9590566754341125
6944,Normal,0.9605141282081604
6945,Normal,0.9633803963661194
6946,Normal,0.9666730761528015
6947,Normal,0.9612295627593994
6948,Normal,0.9607751965522766
6949,Normal,0.9617278575897217
6950,Normal,0.961060643196106
6951,Normal,0.9618167877197266
6952,Normal,0.9595556259155273
6953,Normal,0.9613965749740601
6954,Normal,0.9606031179428101
6955,Normal,0.961250901222229
6956,Normal,0.9609832167625427
6957,Normal,0.9620832800865173
6958,Normal,0.9607353806495667
6959,Normal,0.96039879322052
6960,Normal,0.9603630304336548
6961,Normal,0.9610148072242737
6962,Normal,0.959201991558075
6963,Normal,0.9607357978820801
6964,Normal,0.9589939713478088
6965,Normal,0.9604503512382507
6966,Normal,0.9629368782043457
6967,Normal,0.9608882069587708
6968,Normal,0.9610762596130371
6969,Normal,0.9612275958061218
6970,Normal,0.9607956409454346
6971,Normal,0.9626886248588562
6972,Normal,0.9602261781692505
6973,Normal,0.9610909223556519
6974,Normal,0.9610157012939453
6975,Normal,0.9604772925376892
6976,Normal,0.9605004787445068
6977,Normal,0.960940957069397
6978,Normal,0.9607284069061279
6979,Normal,0.9604649543762207
6980,Normal,0.9605018496513367
6981,Normal,0.9612056612968445
6982,Normal,0.9593290090560913
6983,Normal,0.9603965878486633
6984,Normal,0.9589688777923584
6985,Normal,0.9601542949676514
6986,Normal,0.9626796841621399
6987,Normal,0.9610124826431274
6988,Normal,0.9605010747909546
6989,Normal,0.9618571400642395
6990,Normal,0.9610226154327393
6991,Normal,0.9614977240562439
6992,Normal,0.95970219373703
6993,Normal,0.9612299799919128
6994,Normal,0.960768461227417
6995,Normal,0.9603844881057739
6996,Normal,0.9608166813850403
6997,Normal,0.9607456922531128
6998,Normal,0.9597590565681458
6999,Normal,0.9610257148742676
7000,Normal,0.959330141544342
7001,Normal,0.9603809714317322
7002,Normal,0.9587632417678833
7003,Normal,0.9600793719291687
7004,Normal,0.960661768913269
7005,Normal,0.9605038166046143
7006,Normal,0.9603360295295715
7007,Normal,0.9611657857894897
7008,Normal,0.9601442217826843
7009,Normal,0.9614256620407104
7010,Normal,0.9614938497543335
7011,Normal,0.9608513712882996
7012,Normal,0.9609726667404175
7013,Normal,0.9592591524124146
7014,Normal,0.9606054425239563
7015,Normal,0.9603959321975708
7016,Normal,0.9606900215148926
7017,Normal,0.9604523181915283
7018,Normal,0.9601163864135742
7019,Normal,0.9608381390571594
7020,Normal,0.9591655731201172
7021,Normal,0.9603922963142395
7022,Normal,0.9590808153152466
7023,Normal,0.9600916504859924
7024,Normal,0.9603950381278992
7025,Normal,0.9609267711639404
7026,Normal,0.9615810513496399
7027,Normal,0.9619303345680237
7028,Normal,0.9616187214851379
7029,Normal,0.9608317613601685
7030,Normal,0.9615685939788818
7031,Normal,0.9596616625785828
7032,Normal,0.9606841802597046
7033,Normal,0.9605956673622131
7034,Normal,0.9606972932815552
7035,Normal,0.9607230424880981
7036,Normal,0.9604573845863342
7037,Normal,0.9606385231018066
7038,Normal,0.9593343138694763
7039,Normal,0.9601153135299683
7040,Normal,0.9587963223457336
7041,Normal,0.9600586891174316
7042,Normal,0.9600116610527039
7043,Normal,0.965485155582428
7044,Normal,0.9608302116394043
7045,Normal,0.9611130356788635
7046,Normal,0.9612162113189697
7047,Normal,0.9609057307243347
7048,Normal,0.9626312255859375
7049,Normal,0.9617692232131958
7050,Normal,0.960722029209137
7051,Normal,0.9603829383850098
7052,Normal,0.9594324827194214
7053,Normal,0.9604784250259399
7054,Normal,0.9608966708183289
7055,Normal,0.9606677293777466
7056,Normal,0.9607078433036804
7057,Normal,0.9603604078292847
7058,Normal,0.9608997702598572
7059,Normal,0.9592839479446411
7060,Normal,0.9606040120124817
7061,Normal,0.9590830206871033
7062,Normal,0.9602950215339661
7063,Normal,0.9602062702178955
7064,Normal,0.9611247181892395
7065,Normal,0.9612902402877808
7066,Normal,0.9618254899978638
7067,Normal,0.9610249400138855
7068,Normal,0.960218608379364
7069,Normal,0.9590591192245483
7070,Normal,0.9612330794334412
7071,Normal,0.9606098532676697
7072,Normal,0.9606953263282776
7073,Normal,0.9607478976249695
7074,Normal,0.9607451558113098
7075,Normal,0.9603018164634705
7076,Normal,0.9610623717308044
7077,Normal,0.9592909812927246
7078,Normal,0.960500955581665
7079,Normal,0.9587138295173645
7080,Normal,0.9602592587471008
7081,Normal,0.9613305926322937
7082,Normal,0.9607580304145813
7083,Normal,0.9603028893470764
7084,Normal,0.9610950946807861
7085,Normal,0.9602701663970947
7086,Normal,0.9611977338790894
7087,Normal,0.9607729911804199
7088,Normal,0.9607383608818054
7089,Normal,0.961593747138977
7090,Normal,0.9599037170410156
7091,Normal,0.9607053399085999
7092,Normal,0.9605428576469421
7093,Normal,0.9607489109039307
7094,Normal,0.9605229496955872
7095,Normal,0.960048258304596
7096,Normal,0.9610479474067688
7097,Normal,0.9591914415359497
7098,Normal,0.960329532623291
7099,Normal,0.95912766456604
7100,Normal,0.9602425694465637
7101,Normal,0.9611994624137878
7102,Normal,0.9612977504730225
7103,Normal,0.9610050320625305
7104,Normal,0.9620962738990784
7105,Normal,0.9609574675559998
7106,Normal,0.9616419076919556
7107,Normal,0.9594268798828125
7108,Normal,0.9610893726348877
7109,Normal,0.9609889388084412
7110,Normal,0.9608442187309265
7111,Normal,0.9610525965690613
7112,Normal,0.9609512686729431
7113,Normal,0.9601007103919983
7114,Normal,0.9607670307159424
7115,Normal,0.9594041705131531
7116,Normal,0.960212230682373
7117,Normal,0.9589095711708069
7118,Normal,0.959905207157135
7119,Normal,0.9608947038650513
7120,Normal,0.9610787034034729
7121,Normal,0.9628449082374573
7122,Normal,0.9612668752670288
7123,Normal,0.9610493779182434
7124,Normal,0.9609912633895874
7125,Normal,0.9632692337036133
7126,Normal,0.9615464210510254
7127,Normal,0.9611066579818726
7128,Normal,0.9607182145118713
7129,Normal,0.9600340723991394
7130,Normal,0.9607179760932922
7131,Normal,0.9610557556152344
7132,Normal,0.9609588980674744
7133,Normal,0.9609607458114624
7134,Normal,0.9604496955871582
7135,Normal,0.9611451625823975
7136,Normal,0.9594458937644958
7137,Normal,0.9606470465660095
7138,Normal,0.9590260982513428
7139,Normal,0.9599201679229736
7140,Normal,0.9612172245979309
7141,Normal,0.966877818107605
7142,Normal,0.9612059593200684
7143,Normal,0.9616015553474426
7144,Normal,0.9625036120414734
7145,Normal,0.9610061049461365
7146,Normal,0.9610692262649536
7147,Normal,0.9592480659484863
7148,Normal,0.9613884091377258
7149,Normal,0.9609587788581848
7150,Normal,0.9617547988891602
7151,Normal,0.9611959457397461
7152,Normal,0.9618391394615173
7153,Normal,0.961042582988739
7154,Normal,0.9606578946113586
7155,Normal,0.9605473875999451
7156,Normal,0.9612347483634949
7157,Normal,0.9591825604438782
7158,Normal,0.9622349143028259
7159,Normal,0.9589780569076538
7160,Normal,0.9606444835662842
7161,Normal,0.9623667001724243
7162,Normal,0.9626026749610901
7163,Normal,0.9607395529747009
7164,Normal,0.9610155820846558
7165,Normal,0.9600620269775391
7166,Normal,0.9625536799430847
7167,Normal,0.9599705934524536
7168,Normal,0.9615502953529358
7169,Normal,0.9601299166679382
7170,Normal,0.96002596616745
7171,Normal,0.9605772495269775
7172,Normal,0.9610483050346375
7173,Normal,0.9611088633537292
7174,Normal,0.9607105255126953
7175,Normal,0.9611462950706482
7176,Normal,0.9611529111862183
7177,Normal,0.9593409895896912
7178,Normal,0.9604970812797546
7179,Normal,0.9590059518814087
7180,Normal,0.9601516723632812
7181,Normal,0.9620378017425537
7182,Normal,0.9621996879577637
7183,Normal,0.9617058038711548
7184,Normal,0.9598873257637024
7185,Normal,0.9629916548728943
7186,Normal,0.9608877897262573
7187,Normal,0.961031436920166
7188,Normal,0.9603853821754456
7189,Normal,0.9610626101493835
7190,Normal,0.9609280824661255
7191,Normal,0.9609118700027466
7192,Normal,0.960762083530426
7193,Normal,0.9604637622833252
7194,Normal,0.960911214351654
7195,Normal,0.9594016671180725
7196,Normal,0.9600030183792114
7197,Normal,0.9588472247123718
7198,Normal,0.9600338935852051
7199,Normal,0.9617713093757629
7200,Normal,0.961214542388916
7201,Normal,0.9611848592758179
7202,Normal,0.9614284038543701
7203,Normal,0.9608747959136963
7204,Normal,0.963349461555481
7205,Normal,0.9606035947799683
7206,Normal,0.9610347151756287
7207,Normal,0.9609583616256714
7208,Normal,0.9601383805274963
7209,Normal,0.9610293507575989
7210,Normal,0.9609760642051697
7211,Normal,0.9609912633895874
7212,Normal,0.960588812828064
7213,Normal,0.9605786800384521
7214,Normal,0.9609039425849915
7215,Normal,0.959324300289154
7216,Normal,0.9602130055427551
7217,Normal,0.9589166641235352
7218,Normal,0.9600015878677368
7219,Normal,0.9619455933570862
7220,Normal,0.9619010090827942
7221,Normal,0.9598729610443115
7222,Normal,0.9619399309158325
7223,Normal,0.9608486890792847
7224,Normal,0.9617226123809814
7225,Normal,0.9601492285728455
7226,Normal,0.9611538052558899
7227,Normal,0.9610465168952942
7228,Normal,0.9605044722557068
7229,Normal,0.96103835105896
7230,Normal,0.9604268074035645
7231,Normal,0.9607905149459839
7232,Normal,0.9610717296600342
7233,Normal,0.959266722202301
7234,Normal,0.9600235223770142
7235,Normal,0.9587357640266418
7236,Normal,0.9599200487136841
7237,Normal,0.9631054401397705
7238,Normal,0.9652829170227051
7239,Normal,0.9607892632484436
7240,Normal,0.9608932733535767
7241,Normal,0.9613565802574158
7242,Normal,0.9603036642074585
7243,Normal,0.9622130393981934
7244,Normal,0.9594659805297852
7245,Normal,0.9608347415924072
7246,Normal,0.9609569311141968
7247,Normal,0.9590573310852051
7248,Normal,0.9609841108322144
7249,Normal,0.9607747793197632
7250,Normal,0.9610123038291931
7251,Normal,0.9604678153991699
7252,Normal,0.9608268141746521
7253,Normal,0.961087703704834
7254,Normal,0.9592282176017761
7255,Normal,0.9602823853492737
7256,Normal,0.9590549468994141
7257,Normal,0.9599699378013611
7258,Normal,0.9635953307151794
7259,Normal,0.961776852607727
7260,Normal,0.959679365158081
7261,Normal,0.9625747799873352
7262,Normal,0.9612075090408325
7263,Normal,0.960399866104126
7264,Normal,0.9587726593017578
7265,Normal,0.9610863924026489
7266,Normal,0.9609012007713318
7267,Normal,0.9610246419906616
7268,Normal,0.9610459804534912
7269,Normal,0.9608327746391296
7270,Normal,0.9602562189102173
7271,Normal,0.9606052041053772
7272,Normal,0.9594460725784302
7273,Normal,0.9597954154014587
7274,Normal,0.9589341282844543
7275,Normal,0.960042417049408
7276,Normal,0.9636610746383667
7277,Normal,0.9616582989692688
7278,Normal,0.9612510204315186
7279,Normal,0.961445689201355
7280,Normal,0.9608055949211121
7281,Normal,0.9631696939468384
7282,Normal,0.959448516368866
7283,Normal,0.9611150026321411
7284,Normal,0.9606780409812927
7285,Normal,0.9599646329879761
7286,Normal,0.9609938859939575
7287,Normal,0.9609830975532532
7288,Normal,0.9610267281532288
7289,Normal,0.9606032371520996
7290,Normal,0.9596556425094604
7291,Normal,0.9608618021011353
7292,Normal,0.9593691825866699
7293,Normal,0.9601937532424927
7294,Normal,0.959013044834137
7295,Normal,0.9600222110748291
7296,Normal,0.9638188481330872
7297,Normal,0.9620664715766907
7298,Normal,0.959385335445404
7299,Normal,0.9618946313858032
7300,Normal,0.9613435864448547
7301,Normal,0.9606749415397644
7302,Normal,0.9594138264656067
7303,Normal,0.9611437320709229
7304,Normal,0.961039125919342
7305,Normal,0.960372269153595
7306,Normal,0.961076557636261
7307,Normal,0.9606454968452454
7308,Normal,0.9611676335334778
7309,Normal,0.961329996585846
7310,Normal,0.9594060182571411
7311,Normal,0.9602080583572388
7312,Normal,0.9588928818702698
7313,Normal,0.9604387283325195
7314,Normal,0.9611077308654785
7315,Normal,0.9617608785629272
7316,Normal,0.9631981253623962
7317,Normal,0.960701048374176
7318,Normal,0.9615748524665833
7319,Normal,0.960211992263794
7320,Normal,0.9625061750411987
7321,Normal,0.960675060749054
7322,Normal,0.9613741636276245
7323,Normal,0.9610664248466492
7324,Normal,0.9591178894042969
7325,Normal,0.9608784317970276
7326,Normal,0.9607792496681213
7327,Normal,0.9610360860824585
7328,Normal,0.9607073068618774
7329,Normal,0.9605261087417603
7330,Normal,0.9612476229667664
7331,Normal,0.9593509435653687
7332,Normal,0.9603900909423828
7333,Normal,0.9591706395149231
7334,Normal,0.9604265093803406
7335,Normal,0.961150586605072
7336,Normal,0.9670363664627075
7337,Normal,0.9612252712249756
7338,Normal,0.9611165523529053
7339,Normal,0.9621890783309937
7340,Normal,0.9607504606246948
7341,Normal,0.961188554763794
7342,Normal,0.9593501091003418
7343,Normal,0.9613547921180725
7344,Normal,0.9609109163284302
7345,Normal,0.9615887403488159
7346,Normal,0.9613093137741089
7347,Normal,0.9622188806533813
7348,Normal,0.9609847664833069
7349,Normal,0.9609875082969666
7350,Normal,0.9602975249290466
7351,Normal,0.9611753821372986
7352,Normal,0.9593130946159363
7353,Normal,0.9605574607849121
7354,Normal,0.9590880274772644
7355,Normal,0.960845947265625
7356,Normal,0.9607346057891846
7357,Normal,0.962742805480957
7358,Normal,0.9612559676170349
7359,Normal,0.961409866809845
7360,Normal,0.9606553912162781
7361,Normal,0.9635554552078247
7362,Normal,0.9605486989021301
7363,Normal,0.9611761569976807
7364,Normal,0.9613838791847229
7365,Normal,0.9600684642791748
7366,Normal,0.9606561660766602
7367,Normal,0.961199164390564
7368,Normal,0.9609824419021606
7369,Normal,0.960862934589386
7370,Normal,0.9603869915008545
7371,Normal,0.9612082839012146
7372,Normal,0.9593578577041626
7373,Normal,0.9600508809089661
7374,Normal,0.9589657783508301
7375,Normal,0.9602678418159485
7376,Normal,0.9605414271354675
7377,Normal,0.9620612263679504
7378,Normal,0.9603110551834106
7379,Normal,0.9618335366249084
7380,Normal,0.9609659314155579
7381,Normal,0.9607874155044556
7382,Normal,0.959004819393158
7383,Normal,0.9611555337905884
7384,Normal,0.9608346223831177
7385,Normal,0.9604426622390747
7386,Normal,0.9608861207962036
7387,Normal,0.9605626463890076
7388,Normal,0.9608906507492065
7389,Normal,0.9611586332321167
7390,Normal,0.9592923521995544
7391,Normal,0.9599165320396423
7392,Normal,0.9587876796722412
7393,Normal,0.9601914286613464
7394,Normal,0.9614412784576416
7395,Normal,0.9620232582092285
7396,Normal,0.9604504704475403
7397,Normal,0.9615134596824646
7398,Normal,0.9601773619651794
7399,Normal,0.9619214534759521
7400,Normal,0.9608928561210632
7401,Normal,0.9605315327644348
7402,Normal,0.9608204364776611
7403,Normal,0.9590057134628296
7404,Normal,0.9607710242271423
7405,Normal,0.9606719017028809
7406,Normal,0.960832953453064
7407,Normal,0.9604417681694031
7408,Normal,0.960494339466095
7409,Normal,0.9609000086784363
7410,Normal,0.9591971635818481
7411,Normal,0.9600903391838074
7412,Normal,0.9590681791305542
7413,Normal,0.9601122140884399
7414,Normal,0.9613011479377747
7415,Normal,0.9619261622428894
7416,Normal,0.9608784317970276
7417,Normal,0.9620946645736694
7418,Normal,0.961036741733551
7419,Normal,0.9609971046447754
7420,Normal,0.959253191947937
7421,Normal,0.9610405564308167
7422,Normal,0.9608243703842163
7423,Normal,0.960948646068573
7424,Normal,0.9608225226402283
7425,Normal,0.9607321619987488
7426,Normal,0.9598848223686218
7427,Normal,0.9603455662727356
7428,Normal,0.9593583345413208
7429,Normal,0.959678590297699
7430,Normal,0.9588457942008972
7431,Normal,0.9600136876106262
7432,Normal,0.9607589244842529
7433,Normal,0.9659146070480347
7434,Normal,0.9607864022254944
7435,Normal,0.961104691028595
7436,Normal,0.9612563252449036
7437,Normal,0.960654079914093
7438,Normal,0.9626210331916809
7439,Normal,0.9596899747848511
7440,Normal,0.9613376259803772
7441,Normal,0.9605777263641357
7442,Normal,0.9594705700874329
7443,Normal,0.9604393839836121
7444,Normal,0.9608612656593323
7445,Normal,0.9607362747192383
7446,Normal,0.9606013894081116
7447,Normal,0.9608121514320374
7448,Normal,0.9607971906661987
7449,Normal,0.9593801498413086
7450,Normal,0.9599471688270569
7451,Normal,0.9590198397636414
7452,Normal,0.9601796865463257
7453,Normal,0.960883617401123
7454,Normal,0.9613630771636963
7455,Normal,0.959388256072998
7456,Normal,0.9617842435836792
7457,Normal,0.9608483910560608
7458,Normal,0.9602571725845337
7459,Normal,0.9592632055282593
7460,Normal,0.9610573053359985
7461,Normal,0.960695207118988
7462,Normal,0.9607889652252197
7463,Normal,0.9608740210533142
7464,Normal,0.9606494307518005
7465,Normal,0.9603031277656555
7466,Normal,0.9606602191925049
7467,Normal,0.9592834115028381
7468,Normal,0.9596987962722778
7469,Normal,0.9587640166282654
7470,Normal,0.9600335359573364
7471,Normal,0.961754560470581
7472,Normal,0.9608429074287415
7473,Normal,0.9605857729911804
7474,Normal,0.9615479707717896
7475,Normal,0.9602211117744446
7476,Normal,0.9613967537879944
7477,Normal,0.961539626121521
7478,Normal,0.9606620669364929
7479,Normal,0.9603791236877441
7480,Normal,0.9599741101264954
7481,Normal,0.9606218338012695
7482,Normal,0.960716962814331
7483,Normal,0.9607642889022827
7484,Normal,0.960424542427063
7485,Normal,0.9607198238372803
7486,Normal,0.9607051014900208
7487,Normal,0.9591550827026367
7488,Normal,0.9599214792251587
7489,Normal,0.9590175747871399
7490,Normal,0.9600066542625427
7491,Normal,0.9615468978881836
7492,Normal,0.961481511592865
7493,Normal,0.9607218503952026
7494,Normal,0.9620323777198792
7495,Normal,0.9606227278709412
7496,Normal,0.9597994685173035
7497,Normal,0.9591227173805237
7498,Normal,0.9610960483551025
7499,Normal,0.9606971740722656
7500,Normal,0.9607591032981873
7501,Normal,0.9607067704200745
7502,Normal,0.9606032371520996
7503,Normal,0.9604313373565674
7504,Normal,0.960695207118988
7505,Normal,0.9593167304992676
7506,Normal,0.9596466422080994
7507,Normal,0.9587415456771851
7508,Normal,0.9599363207817078
7509,Normal,0.9614779949188232
7510,Normal,0.9653763771057129
7511,Normal,0.9625208377838135
7512,Normal,0.9612298607826233
7513,Normal,0.9614015221595764
7514,Normal,0.9606923460960388
7515,Normal,0.9633269906044006
7516,Normal,0.9612955451011658
7517,Normal,0.9605385661125183
7518,Normal,0.9609749913215637
7519,Normal,0.9597217440605164
7520,Normal,0.9604582786560059
7521,Normal,0.9609158635139465
7522,Normal,0.9606584310531616
7523,Normal,0.9605190753936768
7524,Normal,0.9608005285263062
7525,Normal,0.9607100486755371
7526,Normal,0.9592633247375488
7527,Normal,0.9598130583763123
7528,Normal,0.9588931202888489
7529,Normal,0.9600071907043457
7530,Normal,0.9617437720298767
7531,Normal,0.9618480801582336
7532,Normal,0.9612779021263123
7533,Normal,0.961480975151062
7534,Normal,0.9614599347114563
7535,Normal,0.9609118700027466
7536,Normal,0.9606665968894958
7537,Normal,0.95909583568573
7538,Normal,0.9611554145812988
7539,Normal,0.9606011509895325
7540,Normal,0.9609588980674744
7541,Normal,0.9607713222503662
7542,Normal,0.9614125490188599
7543,Normal,0.9607430696487427
7544,Normal,0.9603328108787537
7545,Normal,0.9606819152832031
7546,Normal,0.9607668519020081
7547,Normal,0.9590224623680115
7548,Normal,0.9601173996925354
7549,Normal,0.9589554071426392
7550,Normal,0.9605886936187744
7551,Normal,0.9628682136535645
7552,Normal,0.9608149528503418
7553,Normal,0.9606161117553711
7554,Normal,0.9611544609069824
7555,Normal,0.9599244594573975
7556,Normal,0.9611143469810486
7557,Normal,0.9601348638534546
7558,Normal,0.9607875347137451
7559,Normal,0.9612292051315308
7560,Normal,0.9598316550254822
7561,Normal,0.9603813290596008
7562,Normal,0.9605153799057007
7563,Normal,0.9607371091842651
7564,Normal,0.9602975249290466
7565,Normal,0.9601414799690247
7566,Normal,0.9607310891151428
7567,Normal,0.9591185450553894
7568,Normal,0.9599862098693848
7569,Normal,0.9589164853096008
7570,Normal,0.9599838852882385
7571,Normal,0.9623274207115173
7572,Normal,0.9611579775810242
7573,Normal,0.9604151844978333
7574,Normal,0.9618752002716064
7575,Normal,0.9606772661209106
7576,Normal,0.9604296684265137
7577,Normal,0.9589341282844543
7578,Normal,0.960943341255188
7579,Normal,0.960560142993927
7580,Normal,0.9603294134140015
7581,Normal,0.9605584740638733
7582,Normal,0.9603010416030884
7583,Normal,0.9605348110198975
7584,Normal,0.9603270888328552
7585,Normal,0.9592223763465881
7586,Normal,0.9596235752105713
7587,Normal,0.9587461352348328
7588,Normal,0.9598692059516907
7589,Normal,0.9620789885520935
7590,Normal,0.9643549919128418
7591,Normal,0.9609686732292175
7592,Normal,0.9610362648963928
7593,Normal,0.9605280160903931
7594,Normal,0.9625110030174255
7595,Normal,0.9603301882743835
7596,Normal,0.960968554019928
7597,Normal,0.9601505994796753
7598,Normal,0.9591923356056213
7599,Normal,0.9605576992034912
7600,Normal,0.9606884121894836
7601,Normal,0.9606329202651978
7602,Normal,0.9603255391120911
7603,Normal,0.9603891372680664
7604,Normal,0.9602576494216919
7605,Normal,0.9592617750167847
7606,Normal,0.9598615169525146
7607,Normal,0.9589256644248962
7608,Normal,0.9599339962005615
7609,Normal,0.9624404907226562
7610,Normal,0.9610590934753418
7611,Normal,0.9600654244422913
7612,Normal,0.9616398811340332
7613,Normal,0.9605123996734619
7614,Normal,0.959186851978302
7615,Normal,0.9599746465682983
7616,Normal,0.9610129594802856
7617,Normal,0.9606209397315979
7618,Normal,0.96038419008255
7619,Normal,0.9607006907463074
7620,Normal,0.9603829383850098
7621,Normal,0.960720956325531
7622,Normal,0.9604392647743225
7623,Normal,0.9592416882514954
7624,Normal,0.9595623016357422
7625,Normal,0.9587205052375793
7626,Normal,0.9598768949508667
7627,Normal,0.9601960778236389
7628,Normal,0.9603605270385742
7629,Normal,0.9607498049736023
7630,Normal,0.9606284499168396
7631,Normal,0.9611980319023132
7632,Normal,0.9600288271903992
7633,Normal,0.9612517952919006
7634,Normal,0.9593612551689148
7635,Normal,0.960567831993103
7636,Normal,0.9610500335693359
7637,Normal,0.9594476222991943
7638,Normal,0.9603926539421082
7639,Normal,0.9604158401489258
7640,Normal,0.960546612739563
7641,Normal,0.9601609110832214
7642,Normal,0.9600837826728821
7643,Normal,0.960196852684021
7644,Normal,0.9590784907341003
7645,Normal,0.9599605798721313
7646,Normal,0.9590003490447998
7647,Normal,0.9600557684898376
7648,Normal,0.9601956605911255
7649,Normal,0.960817813873291
7650,Normal,0.9592536687850952
7651,Normal,0.9616002440452576
7652,Normal,0.9605851769447327
7653,Normal,0.9606997966766357
7654,Normal,0.9588047862052917
7655,Normal,0.9609158635139465
7656,Normal,0.9603873491287231
7657,Normal,0.9604975581169128
7658,Normal,0.9604448676109314
7659,Normal,0.9604007601737976
7660,Normal,0.9604136347770691
7661,Normal,0.9602029919624329
7662,Normal,0.9592331647872925
7663,Normal,0.9597152471542358
7664,Normal,0.9587545990943909
7665,Normal,0.9599157571792603
7666,Normal,0.9596813321113586
7667,Normal,0.9639051556587219
7668,Normal,0.9609629511833191
7669,Normal,0.961137056350708
7670,Normal,0.9604371786117554
7671,Normal,0.9620847105979919
7672,Normal,0.9593157172203064
7673,Normal,0.9607719779014587
7674,Normal,0.960085391998291
7675,Normal,0.9593420624732971
7676,Normal,0.9605153799057007
7677,Normal,0.9608204364776611
7678,Normal,0.9605549573898315
7679,Normal,0.960432767868042
7680,Normal,0.9603881239891052
7681,Normal,0.9602285027503967
7682,Normal,0.9592863321304321
7683,Normal,0.9597896933555603
7684,Normal,0.9589550495147705
7685,Normal,0.9600081443786621
7686,Normal,0.9598263502120972
7687,Normal,0.9611942172050476
7688,Normal,0.9591187834739685
7689,Normal,0.9615547060966492
7690,Normal,0.9607830047607422
7691,Normal,0.960787832736969
7692,Normal,0.9587514996528625
7693,Normal,0.9610605239868164
7694,Normal,0.9606177806854248
7695,Normal,0.9605820178985596
7696,Normal,0.9607082009315491
7697,Normal,0.9605425000190735
7698,Normal,0.9600031971931458
7699,Normal,0.9601632952690125
7700,Normal,0.9592812061309814
7701,Normal,0.959739089012146
7702,Normal,0.9587593078613281
7703,Normal,0.959955096244812
7704,Normal,0.9610109925270081
7705,Normal,0.96070796251297
7706,Normal,0.9630045294761658
7707,Normal,0.9607183337211609
7708,Normal,0.9614550471305847
7709,Normal,0.960182785987854
7710,Normal,0.9614477753639221
7711,Normal,0.9594096541404724
7712,Normal,0.9607091546058655
7713,Normal,0.9611047506332397
7714,Normal,0.959761917591095
7715,Normal,0.9604593515396118
7716,Normal,0.9608702659606934
7717,Normal,0.9606388807296753
7718,Normal,0.960529088973999
7719,Normal,0.9604055881500244
7720,Normal,0.9603326916694641
7721,Normal,0.9592394828796387
7722,Normal,0.9600973725318909
7723,Normal,0.9591075778007507
7724,Normal,0.9601939916610718
7725,Normal,0.9609031677246094
7726,Normal,0.9616332054138184
7727,Normal,0.9613921642303467
7728,Normal,0.9606707692146301
7729,Normal,0.9613116979598999
7730,Normal,0.9607364535331726
7731,Normal,0.9611782431602478
7732,Normal,0.9593431949615479
7733,Normal,0.9612725377082825
7734,Normal,0.9604240655899048
7735,Normal,0.9612963199615479
7736,Normal,0.9610285758972168
7737,Normal,0.9620611071586609
7738,Normal,0.9605284333229065
7739,Normal,0.9607070684432983
7740,Normal,0.9606156945228577
7741,Normal,0.9606842994689941
7742,Normal,0.959257960319519
7743,Normal,0.960018515586853
7744,Normal,0.9591009020805359
7745,Normal,0.9601445198059082
7746,Normal,0.9611421227455139
7747,Normal,0.9652422070503235
7748,Normal,0.9612352848052979
7749,Normal,0.9612870216369629
7750,Normal,0.9607234001159668
7751,Normal,0.9629256725311279
7752,Normal,0.9603158831596375
7753,Normal,0.9609569907188416
7754,Normal,0.9612780213356018
7755,Normal,0.9594820737838745
7756,Normal,0.960330069065094
7757,Normal,0.9610267281532288
7758,Normal,0.9606988430023193
7759,Normal,0.9607547521591187
7760,Normal,0.9608655571937561
7761,Normal,0.9606372117996216
7762,Normal,0.9593214392662048
7763,Normal,0.9598637223243713
7764,Normal,0.9589293003082275
7765,Normal,0.959575355052948
7766,Normal,0.9610021710395813
7767,Normal,0.9619188904762268
7768,Normal,0.9602921605110168
7769,Normal,0.9616556763648987
7770,Normal,0.960728108882904
7771,Normal,0.9603691101074219
7772,Normal,0.9588078260421753
7773,Normal,0.9609497785568237
7774,Normal,0.9605867266654968
7775,Normal,0.9603287577629089
7776,Normal,0.9606855511665344
7777,Normal,0.9604525566101074
7778,Normal,0.9608860015869141
7779,Normal,0.9605455994606018
7780,Normal,0.9592039585113525
7781,Normal,0.9596355557441711
7782,Normal,0.9587406516075134
7783,Normal,0.95967036485672
7784,Normal,0.9617369174957275
7785,Normal,0.9612982869148254
7786,Normal,0.9607309699058533
7787,Normal,0.9614138603210449
7788,Normal,0.9603473544120789
7789,Normal,0.9617441892623901
7790,Normal,0.9601312279701233
7791,Normal,0.9611696600914001
7792,Normal,0.9604783058166504
7793,Normal,0.9600343108177185
7794,Normal,0.9604837894439697
7795,Normal,0.960675060749054
7796,Normal,0.960601270198822
7797,Normal,0.9603191018104553
7798,Normal,0.959917426109314
7799,Normal,0.9600578546524048
7800,Normal,0.9591177701950073
7801,Normal,0.9599218368530273
7802,Normal,0.9590495824813843
7803,Normal,0.9596115946769714
7804,Normal,0.9615572094917297
7805,Normal,0.9616048336029053
7806,Normal,0.959518313407898
7807,Normal,0.9621506929397583
7808,Normal,0.9605585932731628
7809,Normal,0.9599911570549011
7810,Normal,0.9595730900764465
7811,Normal,0.9608436226844788
7812,Normal,0.9604601263999939
7813,Normal,0.9605608582496643
7814,Normal,0.9605019092559814
7815,Normal,0.9604702591896057
7816,Normal,0.9599155783653259
7817,Normal,0.9600991606712341
7818,Normal,0.9592625498771667
7819,Normal,0.9595205187797546
7820,Normal,0.9587504267692566
7821,Normal,0.9596100449562073
7822,Normal,0.9613633155822754
7823,Normal,0.963616132736206
7824,Normal,0.9606744050979614
7825,Normal,0.9610203504562378
7826,Normal,0.9611005783081055
7827,Normal,0.9606075286865234
7828,Normal,0.9627708792686462
7829,Normal,0.959836483001709
7830,Normal,0.9606499671936035
7831,Normal,0.9607136845588684
7832,Normal,0.9595420360565186
7833,Normal,0.9607516527175903
7834,Normal,0.9608427882194519
7835,Normal,0.9609407186508179
7836,Normal,0.9604488015174866
7837,Normal,0.9606426358222961
7838,Normal,0.960468053817749
7839,Normal,0.9591650366783142
7840,Normal,0.9598621726036072
7841,Normal,0.9589462876319885
7842,Normal,0.9596655368804932
7843,Normal,0.9617030620574951
7844,Normal,0.9615950584411621
7845,Normal,0.9595627784729004
7846,Normal,0.961864173412323
7847,Normal,0.960623025894165
7848,Normal,0.9606413245201111
7849,Normal,0.9593894481658936
7850,Normal,0.9609778523445129
7851,Normal,0.9610878229141235
7852,Normal,0.9605897068977356
7853,Normal,0.9611185193061829
7854,Normal,0.9604496955871582
7855,Normal,0.9602407217025757
7856,Normal,0.9602521061897278
7857,Normal,0.9591120481491089
7858,Normal,0.9596233367919922
7859,Normal,0.9587028622627258
7860,Normal,0.9596773386001587
7861,Normal,0.9628275632858276
7862,Normal,0.9610224962234497
7863,Normal,0.9607404470443726
7864,Normal,0.9611773490905762
7865,Normal,0.9603065252304077
7866,Normal,0.961811900138855
7867,Normal,0.9591845273971558
7868,Normal,0.9608284831047058
7869,Normal,0.9609447717666626
7870,Normal,0.9592484831809998
7871,Normal,0.9608758687973022
7872,Normal,0.9605445265769958
7873,Normal,0.9609988331794739
7874,Normal,0.9601408839225769
7875,Normal,0.960974395275116
7876,Normal,0.9618031978607178
7877,Normal,0.9605886340141296
7878,Normal,0.9606643915176392
7879,Normal,0.9591514468193054
7880,Normal,0.9601650834083557
7881,Normal,0.9591096639633179
7882,Normal,0.9599460959434509
7883,Normal,0.9629116654396057
7884,Normal,0.9618318676948547
7885,Normal,0.9590699672698975
7886,Normal,0.9614970684051514
7887,Normal,0.9608667492866516
7888,Normal,0.9614294767379761
7889,Normal,0.9595581293106079
7890,Normal,0.9611053466796875
7891,Normal,0.960600733757019
7892,Normal,0.9606426358222961
7893,Normal,0.960890531539917
7894,Normal,0.960543155670166
7895,Normal,0.9606900215148926
7896,Normal,0.9603251218795776
7897,Normal,0.9591559171676636
7898,Normal,0.9597524404525757
7899,Normal,0.9589843153953552
7900,Normal,0.960161030292511
7901,Normal,0.9626317620277405
7902,Normal,0.9647505283355713
7903,Normal,0.9626091122627258
7904,Normal,0.9612566232681274
7905,Normal,0.9612464308738708
7906,Normal,0.9606262445449829
7907,Normal,0.9634338617324829
7908,Normal,0.9594400525093079
7909,Normal,0.9608728289604187
7910,Normal,0.9608060121536255
7911,Normal,0.9605854153633118
7912,Normal,0.9607452750205994
7913,Normal,0.9607948064804077
7914,Normal,0.960960865020752
7915,Normal,0.9604626893997192
7916,Normal,0.9606196284294128
7917,Normal,0.9602876305580139
7918,Normal,0.9592198729515076
7919,Normal,0.9596512317657471
7920,Normal,0.9589323401451111
7921,Normal,0.959776759147644
7922,Normal,0.9628050923347473
7923,Normal,0.9615498781204224
7924,Normal,0.9611868262290955
7925,Normal,0.9610791206359863
7926,Normal,0.9616000056266785
7927,Normal,0.960826575756073
7928,Normal,0.9613165855407715
7929,Normal,0.9596633315086365
7930,Normal,0.9610697627067566
7931,Normal,0.9607062935829163
7932,Normal,0.9609817862510681
7933,Normal,0.9605467915534973
7934,Normal,0.9613823294639587
7935,Normal,0.9610455632209778
7936,Normal,0.9602735638618469
7937,Normal,0.9606114625930786
7938,Normal,0.9605442881584167
7939,Normal,0.9590392708778381
7940,Normal,0.9597329497337341
7941,Normal,0.958936333656311
7942,Normal,0.9601367115974426
7943,Normal,0.9605063199996948
7944,Normal,0.9605761766433716
7945,Normal,0.9605734348297119
7946,Normal,0.9610720872879028
7947,Normal,0.9598712921142578
7948,Normal,0.9609701037406921
7949,Normal,0.9594272375106812
7950,Normal,0.9606519937515259
7951,Normal,0.960383951663971
7952,Normal,0.9592224955558777
7953,Normal,0.9606516361236572
7954,Normal,0.9606456756591797
7955,Normal,0.9610527753829956
7956,Normal,0.9603411555290222
7957,Normal,0.9602788686752319
7958,Normal,0.9602392911911011
7959,Normal,0.9591172337532043
7960,Normal,0.9596148133277893
7961,Normal,0.9589677453041077
7962,Normal,0.9596974849700928
7963,Normal,0.9602137804031372
7964,Normal,0.9609085917472839
7965,Normal,0.9593796133995056
7966,Normal,0.9618378281593323
7967,Normal,0.9604288339614868
7968,Normal,0.96071457862854
7969,Normal,0.958798885345459
7970,Normal,0.9607481360435486
7971,Normal,0.960467517375946
7972,Normal,0.9604513645172119
7973,Normal,0.9607142210006714
7974,Normal,0.9603509306907654
7975,Normal,0.9598422050476074
7976,Normal,0.9600037932395935
7977,Normal,0.9592533111572266
7978,Normal,0.9592555165290833
7979,Normal,0.9587940573692322
7980,Normal,0.9596613645553589
7981,Normal,0.9598410725593567
7982,Normal,0.9638897180557251
7983,Normal,0.9609925746917725
7984,Normal,0.9608311057090759
7985,Normal,0.9603740572929382
7986,Normal,0.9620833992958069
7987,Normal,0.9598512053489685
7988,Normal,0.9604227542877197
7989,Normal,0.9599409103393555
7990,Normal,0.9593013525009155
7991,Normal,0.9604317545890808
7992,Normal,0.9606810212135315
7993,Normal,0.9607834219932556
7994,Normal,0.9602578282356262
7995,Normal,0.9601626396179199
7996,Normal,0.9600913524627686
7997,Normal,0.9591903686523438
7998,Normal,0.9595687985420227
7999,Normal,0.9589003324508667
8000,Normal,0.9595162272453308
8001,Normal,0.9598482251167297
8002,Normal,0.9612890481948853
8003,Normal,0.9595779180526733
8004,Normal,0.9614887833595276
8005,Normal,0.9605451822280884
8006,Normal,0.9596997499465942
8007,Normal,0.9592264294624329
8008,Normal,0.9607498049736023
8009,Normal,0.9605324268341064
8010,Normal,0.9604243040084839
8011,Normal,0.9608853459358215
8012,Normal,0.9603108167648315
8013,Normal,0.9609844088554382
8014,Normal,0.9603461027145386
8015,Normal,0.9591678977012634
8016,Normal,0.9594846963882446
8017,Normal,0.9587085843086243
8018,Normal,0.959672212600708
8019,Normal,0.9609459042549133
8020,Normal,0.9610627293586731
8021,Normal,0.9607526659965515
8022,Normal,0.9607537388801575
8023,Normal,0.9611760377883911
8024,Normal,0.9601549506187439
8025,Normal,0.961437463760376
8026,Normal,0.9591629505157471
8027,Normal,0.960650622844696
8028,Normal,0.9611653685569763
8029,Normal,0.9592853784561157
8030,Normal,0.9606348872184753
8031,Normal,0.9607767462730408
8032,Normal,0.9609061479568481
8033,Normal,0.9603402018547058
8034,Normal,0.9600872993469238
8035,Normal,0.9604153633117676
8036,Normal,0.9591809511184692
8037,Normal,0.9598804116249084
8038,Normal,0.959119975566864
8039,Normal,0.9599746465682983
8040,Normal,0.96107017993927
8041,Normal,0.9612661004066467
8042,Normal,0.9595016241073608
8043,Normal,0.9617889523506165
8044,Normal,0.9608404636383057
8045,Normal,0.9605043530464172
8046,Normal,0.9600296020507812
8047,Normal,0.9610974788665771
8048,Normal,0.9606898427009583
8049,Normal,0.9609063863754272
8050,Normal,0.9610327482223511
8051,Normal,0.9612265825271606
8052,Normal,0.9605591297149658
8053,Normal,0.9602190256118774
8054,Normal,0.9592762589454651
8055,Normal,0.9595980048179626
8056,Normal,0.9589262008666992
8057,Normal,0.9600328803062439
8058,Normal,0.9605203866958618
8059,Normal,0.9646773934364319
8060,Normal,0.9612649083137512
8061,Normal,0.9613324403762817
8062,Normal,0.9608043432235718
8063,Normal,0.962795615196228
8064,Normal,0.9594692587852478
8065,Normal,0.9607919454574585
8066,Normal,0.9612557888031006
8067,Normal,0.9593146443367004
8068,Normal,0.9607546329498291
8069,Normal,0.9611303210258484
8070,Normal,0.9609541296958923
8071,Normal,0.9606276750564575
8072,Normal,0.9597358703613281
8073,Normal,0.9602090716362
8074,Normal,0.9592134952545166
8075,Normal,0.9598150849342346
8076,Normal,0.9589834213256836
8077,Normal,0.9600524306297302
8078,Normal,0.9608660936355591
8079,Normal,0.9620540142059326
8080,Normal,0.9590502381324768
8081,Normal,0.9613872170448303
8082,Normal,0.9608533382415771
8083,Normal,0.9597182273864746
8084,Normal,0.9597446918487549
8085,Normal,0.9610843062400818
8086,Normal,0.9607254862785339
8087,Normal,0.960693895816803
8088,Normal,0.9611021280288696
8089,Normal,0.9607433080673218
8090,Normal,0.9603655934333801
8091,Normal,0.9605234861373901
8092,Normal,0.9592416882514954
8093,Normal,0.9597839713096619
8094,Normal,0.9588157534599304
8095,Normal,0.9601340889930725
8096,Normal,0.9619116187095642
8097,Normal,0.9626410603523254
8098,Normal,0.963070273399353
8099,Normal,0.9606591463088989
8100,Normal,0.961482048034668
8101,Normal,0.9601331949234009
8102,Normal,0.961858868598938
8103,Normal,0.9619417190551758
8104,Normal,0.9611409902572632
8105,Normal,0.9608364701271057
8106,Normal,0.9604328870773315
8107,Normal,0.9606374502182007
8108,Normal,0.9610396027565002
8109,Normal,0.9609349966049194
8110,Normal,0.9606512784957886
8111,Normal,0.9602876305580139
8112,Normal,0.9604589343070984
8113,Normal,0.9591833353042603
8114,Normal,0.9600639939308167
8115,Normal,0.9591518640518188
8116,Normal,0.9601601362228394
8117,Normal,0.9616147875785828
8118,Normal,0.9619238376617432
8119,Normal,0.9613977670669556
8120,Normal,0.9613171219825745
8121,Normal,0.9613973498344421
8122,Normal,0.9608360528945923
8123,Normal,0.9603585600852966
8124,Normal,0.9599794745445251
8125,Normal,0.9611905813217163
8126,Normal,0.9613336324691772
8127,Normal,0.9606927633285522
8128,Normal,0.960383415222168
8129,Normal,0.9613798260688782
8130,Normal,0.9608477354049683
8131,Normal,0.9606314897537231
8132,Normal,0.9601553082466125
8133,Normal,0.9611538648605347
8134,Normal,0.9604835510253906
8135,Normal,0.9592680335044861
8136,Normal,0.960012674331665
8137,Normal,0.9591086506843567
8138,Normal,0.9606783986091614
8139,Normal,0.9634777903556824
8140,Normal,0.9610695242881775
8141,Normal,0.9612600803375244
8142,Normal,0.9600179195404053
8143,Normal,0.9623933434486389
8144,Normal,0.9598833918571472
8145,Normal,0.9608896374702454
8146,Normal,0.9606584310531616
8147,Normal,0.9594529271125793
8148,Normal,0.9604787230491638
8149,Normal,0.9608239531517029
8150,Normal,0.9609286189079285
8151,Normal,0.9604819416999817
8152,Normal,0.9611899256706238
8153,Normal,0.9607362747192383
8154,Normal,0.9591934680938721
8155,Normal,0.9598939418792725
8156,Normal,0.9588761329650879
8157,Normal,0.9600778222084045
8158,Normal,0.9616870880126953
8159,Normal,0.9618281126022339
8160,Normal,0.959820568561554
8161,Normal,0.9609812498092651
8162,Normal,0.9608515501022339
8163,Normal,0.9607506394386292
8164,Normal,0.958605170249939
8165,Normal,0.9609496593475342
8166,Normal,0.9607071876525879
8167,Normal,0.9603398442268372
8168,Normal,0.9610291123390198
8169,Normal,0.9602357745170593
8170,Normal,0.9608055949211121
8171,Normal,0.9607031345367432
8172,Normal,0.9590286016464233
8173,Normal,0.9595471620559692
8174,Normal,0.958732008934021
8175,Normal,0.9599260091781616
8176,Normal,0.9629946351051331
8177,Normal,0.9610706567764282
8178,Normal,0.9606611132621765
8179,Normal,0.9616075158119202
8180,Normal,0.9596229195594788
8181,Normal,0.9607161283493042
8182,Normal,0.9590654373168945
8183,Normal,0.9608434438705444
8184,Normal,0.960668683052063
8185,Normal,0.9590786099433899
8186,Normal,0.9607366919517517
8187,Normal,0.9603458046913147
8188,Normal,0.9608942866325378
8189,Normal,0.9599214792251587
8190,Normal,0.9600639939308167
8191,Normal,0.9603158831596375
8192,Normal,0.9589791893959045
8193,Normal,0.9599640965461731
8194,Normal,0.9589769840240479
8195,Normal,0.9600681662559509
8196,Normal,0.9631487131118774
8197,Normal,0.9614719152450562
8198,Normal,0.961708128452301
8199,Normal,0.9595325589179993
8200,Normal,0.9614282846450806
8201,Normal,0.9609768390655518
8202,Normal,0.9600797891616821
8203,Normal,0.9591608643531799
8204,Normal,0.9606155753135681
8205,Normal,0.9603310823440552
8206,Normal,0.9609543681144714
8207,Normal,0.9601972699165344
8208,Normal,0.9598013162612915
8209,Normal,0.9603354334831238
8210,Normal,0.9591031670570374
8211,Normal,0.9597340226173401
8212,Normal,0.9588476419448853
8213,Normal,0.9600887298583984
8214,Normal,0.9628587365150452
8215,Normal,0.9610662460327148
8216,Normal,0.9611346125602722
8217,Normal,0.9611499309539795
8218,Normal,0.9617911577224731
8219,Normal,0.9597877264022827
8220,Normal,0.9615902900695801
8221,Normal,0.9593433737754822
8222,Normal,0.9607603549957275
8223,Normal,0.9595367312431335
8224,Normal,0.9604568481445312
8225,Normal,0.9607789516448975
8226,Normal,0.9607598781585693
8227,Normal,0.9612772464752197
8228,Normal,0.9601520895957947
8229,Normal,0.9598594307899475
8230,Normal,0.960493266582489
8231,Normal,0.9590759873390198
8232,Normal,0.9600064158439636
8233,Normal,0.959055483341217
8234,Normal,0.9605182409286499
8235,Normal,0.9633293151855469
8236,Normal,0.964491605758667
8237,Normal,0.959037184715271
8238,Normal,0.9616367220878601
8239,Normal,0.9611598253250122
8240,Normal,0.961060643196106
8241,Normal,0.9591370820999146
8242,Normal,0.9615087509155273
8243,Normal,0.9607146978378296
8244,Normal,0.9602407813072205
8245,Normal,0.9614840745925903
8246,Normal,0.9601942896842957
8247,Normal,0.9611292481422424
8248,Normal,0.9610399007797241
8249,Normal,0.9590736031532288
8250,Normal,0.9600166082382202
8251,Normal,0.958833634853363
8252,Normal,0.9603153467178345
8253,Normal,0.9607362747192383
8254,Normal,0.9621049165725708
8255,Normal,0.9602243304252625
8256,Normal,0.9619084000587463
8257,Normal,0.9597370028495789
8258,Normal,0.9606826901435852
8259,Normal,0.9604227542877197
8260,Normal,0.9609509706497192
8261,Normal,0.9609963297843933
8262,Normal,0.9592223763465881
8263,Normal,0.9607527256011963
8264,Normal,0.9600239992141724
8265,Normal,0.9614747762680054
8266,Normal,0.9597981572151184
8267,Normal,0.961371898651123
8268,Normal,0.9609739780426025
8269,Normal,0.9590333104133606
8270,Normal,0.9602240920066833
8271,Normal,0.9590409994125366
8272,Normal,0.960393488407135
8273,Normal,0.9609242081642151
8274,Normal,0.9613006114959717
8275,Normal,0.9603696465492249
8276,Normal,0.9612817764282227
8277,Normal,0.9607711434364319
8278,Normal,0.9598948955535889
8279,Normal,0.9603743553161621
8280,Normal,0.9612029194831848
8281,Normal,0.9607664942741394
8282,Normal,0.9605453610420227
8283,Normal,0.9612501263618469
8284,Normal,0.9601498246192932
8285,Normal,0.9610570669174194
8286,Normal,0.9607161283493042
8287,Normal,0.9591677784919739
8288,Normal,0.9598401188850403
8289,Normal,0.9588445425033569
8290,Normal,0.9603027105331421
8291,Normal,0.9599522352218628
8292,Normal,0.9609370827674866
8293,Normal,0.9629411697387695
8294,Normal,0.9610944390296936
8295,Normal,0.9614812731742859
8296,Normal,0.9598151445388794
8297,Normal,0.9619527459144592
8298,Normal,0.9600380659103394
8299,Normal,0.9611843824386597
8300,Normal,0.9595886468887329
8301,Normal,0.9603575468063354
8302,Normal,0.9606205224990845
8303,Normal,0.9607505202293396
8304,Normal,0.9609237909317017
8305,Normal,0.9610404968261719
8306,Normal,0.9602952003479004
8307,Normal,0.9605237245559692
8308,Normal,0.9591431021690369
8309,Normal,0.9600637555122375
8310,Normal,0.9590058326721191
8311,Normal,0.9603972434997559
8312,Normal,0.9601798057556152
8313,Normal,0.964135468006134
8314,Normal,0.961048424243927
8315,Normal,0.9605242609977722
8316,Normal,0.9607939124107361
8317,Normal,0.9613022804260254
8318,Normal,0.9618492722511292
8319,Normal,0.9592562913894653
8320,Normal,0.9613663554191589
8321,Normal,0.9614349007606506
8322,Normal,0.9609056115150452
8323,Normal,0.9606910347938538
8324,Normal,0.9608995318412781
8325,Normal,0.961044430732727
8326,Normal,0.961420476436615
8327,Normal,0.9601566195487976
8328,Normal,0.9608238339424133
8329,Normal,0.9590827822685242
8330,Normal,0.960070788860321
8331,Normal,0.9590113162994385
8332,Normal,0.9606723189353943
8333,Normal,0.9613339900970459
8334,Normal,0.9610728621482849
8335,Normal,0.9605738520622253
8336,Normal,0.9616877436637878
8337,Normal,0.959480345249176
8338,Normal,0.9602112174034119
8339,Normal,0.9603036642074585
8340,Normal,0.9614344835281372
8341,Normal,0.9618682861328125
8342,Normal,0.960466206073761
8343,Normal,0.9607014656066895
8344,Normal,0.960590124130249
8345,Normal,0.9608807563781738
8346,Normal,0.9613655805587769
8347,Normal,0.9600387215614319
8348,Normal,0.9609048366546631
8349,Normal,0.9590928554534912
8350,Normal,0.9601945281028748
8351,Normal,0.9589316248893738
8352,Normal,0.960407555103302
8353,Normal,0.9612200856208801
8354,Normal,0.961330235004425
8355,Normal,0.9607475996017456
8356,Normal,0.9611100554466248
8357,Normal,0.9611871242523193
8358,Normal,0.9598094820976257
8359,Normal,0.9590676426887512
8360,Normal,0.9611822962760925
8361,Normal,0.9608006477355957
8362,Normal,0.9603807330131531
8363,Normal,0.9609006643295288
8364,Normal,0.9611266851425171
8365,Normal,0.9600589275360107
8366,Normal,0.9605430960655212
8367,Normal,0.9591599702835083
8368,Normal,0.959926187992096
8369,Normal,0.9588714241981506
8370,Normal,0.9600448608398438
8371,Normal,0.961287260055542
8372,Normal,0.9612565636634827
8373,Normal,0.960865318775177
8374,Normal,0.9616603255271912
8375,Normal,0.9597638845443726
8376,Normal,0.9613247513771057
8377,Normal,0.9608433246612549
8378,Normal,0.9608381390571594
8379,Normal,0.9611729383468628
8380,Normal,0.9590997695922852
8381,Normal,0.9607468247413635
8382,Normal,0.9603551626205444
8383,Normal,0.9606698155403137
8384,Normal,0.9611917734146118
8385,Normal,0.9604350924491882
8386,Normal,0.9606703519821167
8387,Normal,0.9591042995452881
8388,Normal,0.9602181911468506
8389,Normal,0.9590442180633545
8390,Normal,0.9599277377128601
8391,Normal,0.9613274931907654
8392,Normal,0.9647458791732788
8393,Normal,0.9609740972518921
8394,Normal,0.9612802267074585
8395,Normal,0.9612546563148499
8396,Normal,0.960216760635376
8397,Normal,0.960161030292511
8398,Normal,0.9611817598342896
8399,Normal,0.9607172012329102
8400,Normal,0.9601840972900391
8401,Normal,0.9607599973678589
8402,Normal,0.9613389372825623
8403,Normal,0.9603856205940247
8404,Normal,0.9608392715454102
8405,Normal,0.9590983390808105
8406,Normal,0.9599481821060181
8407,Normal,0.9587721228599548
8408,Normal,0.9602386355400085
8409,Normal,0.9622424244880676
8410,Normal,0.9618213772773743
8411,Normal,0.9611520171165466
8412,Normal,0.9607519507408142
8413,Normal,0.961763858795166
8414,Normal,0.9597036242485046
8415,Normal,0.9609163999557495
8416,Normal,0.9603014588356018
8417,Normal,0.9608721733093262
8418,Normal,0.9603880047798157
8419,Normal,0.9597963094711304
8420,Normal,0.9606356620788574
8421,Normal,0.9602647423744202
8422,Normal,0.9606308341026306
8423,Normal,0.9613368511199951
8424,Normal,0.9599716663360596
8425,Normal,0.9607109427452087
8426,Normal,0.9590370655059814
8427,Normal,0.9601955413818359
8428,Normal,0.9590284824371338
8429,Normal,0.9601808786392212
8430,Normal,0.9622548818588257
8431,Normal,0.9622385501861572
8432,Normal,0.9597232341766357
8433,Normal,0.9617387056350708
8434,Normal,0.9609783887863159
8435,Normal,0.9607892632484436
8436,Normal,0.9593880772590637
8437,Normal,0.9614399671554565
8438,Normal,0.9604818224906921
8439,Normal,0.9605640769004822
8440,Normal,0.961073637008667
8441,Normal,0.961175262928009
8442,Normal,0.9601141810417175
8443,Normal,0.9604750871658325
8444,Normal,0.9592086672782898
8445,Normal,0.9597879648208618
8446,Normal,0.9588077664375305
8447,Normal,0.9598248600959778
8448,Normal,0.9619429111480713
8449,Normal,0.961647629737854
8450,Normal,0.9609805941581726
8451,Normal,0.9615808129310608
8452,Normal,0.9598346948623657
8453,Normal,0.9619078636169434
8454,Normal,0.9599834680557251
8455,Normal,0.9608230590820312
8456,Normal,0.9600585103034973
8457,Normal,0.9600393772125244
8458,Normal,0.9606694579124451
8459,Normal,0.9603323936462402
8460,Normal,0.9612720608711243
8461,Normal,0.9596956968307495
8462,Normal,0.9598324298858643
8463,Normal,0.9603809714317322
8464,Normal,0.9590566754341125
8465,Normal,0.960019588470459
8466,Normal,0.9589685201644897
8467,Normal,0.959717869758606
8468,Normal,0.9620542526245117
8469,Normal,0.9647591710090637
8470,Normal,0.9599087238311768
8471,Normal,0.9616910815238953
8472,Normal,0.9608857035636902
8473,Normal,0.9599063396453857
8474,Normal,0.9598002433776855
8475,Normal,0.960980236530304
8476,Normal,0.9605973958969116
8477,Normal,0.9600167274475098
8478,Normal,0.9613631963729858
8479,Normal,0.9597452282905579
8480,Normal,0.9599409103393555
8481,Normal,0.960489809513092
8482,Normal,0.9590802788734436
8483,Normal,0.9597788453102112
8484,Normal,0.9587159156799316
8485,Normal,0.959696888923645
8486,Normal,0.963341236114502
8487,Normal,0.9611877799034119
8488,Normal,0.9630971550941467
8489,Normal,0.9608092904090881
8490,Normal,0.9615190029144287
8491,Normal,0.9597042798995972
8492,Normal,0.9617704749107361
8493,Normal,0.9596964716911316
8494,Normal,0.9607779383659363
8495,Normal,0.9610270261764526
8496,Normal,0.9593310952186584
8497,Normal,0.9606029987335205
8498,Normal,0.960062563419342
8499,Normal,0.9613161087036133
8500,Normal,0.9597125053405762
8501,Normal,0.9598168134689331
8502,Normal,0.9604002237319946
8503,Normal,0.9590140581130981
8504,Normal,0.9602656364440918
8505,Normal,0.9590257406234741
8506,Normal,0.9598440527915955
8507,Normal,0.9636273980140686
8508,Normal,0.9619349837303162
8509,Normal,0.9615215063095093
8510,Normal,0.9602634310722351
8511,Normal,0.961601972579956
8512,Normal,0.9606461524963379
8513,Normal,0.9618714451789856
8514,Normal,0.9596840739250183
8515,Normal,0.9613679051399231
8516,Normal,0.961304783821106
8517,Normal,0.9606507420539856
8518,Normal,0.9605309963226318
8519,Normal,0.9610132575035095
8520,Normal,0.9610697627067566
8521,Normal,0.9600734114646912
8522,Normal,0.9599313735961914
8523,Normal,0.9604678153991699
8524,Normal,0.9592301845550537
8525,Normal,0.9600224494934082
8526,Normal,0.9591211676597595
8527,Normal,0.9602012634277344
8528,Normal,0.963513970375061
8529,Normal,0.9616442918777466
8530,Normal,0.9612240195274353
8531,Normal,0.9615705609321594
8532,Normal,0.9597334861755371
8533,Normal,0.9623024463653564
8534,Normal,0.9597682952880859
8535,Normal,0.9610224366188049
8536,Normal,0.9615913033485413
8537,Normal,0.9603564739227295
8538,Normal,0.9605658650398254
8539,Normal,0.960603654384613
8540,Normal,0.9611294269561768
8541,Normal,0.9600598216056824
8542,Normal,0.9598597884178162
8543,Normal,0.9604817032814026
8544,Normal,0.9591697454452515
8545,Normal,0.9599918127059937
8546,Normal,0.9589210748672485
8547,Normal,0.9598583579063416
8548,Normal,0.9633413553237915
8549,Normal,0.9646375775337219
8550,Normal,0.9596390724182129
8551,Normal,0.9618082642555237
8552,Normal,0.9610220789909363
8553,Normal,0.9617359042167664
8554,Normal,0.9604029655456543
8555,Normal,0.9612703919410706
8556,Normal,0.9605385661125183
8557,Normal,0.9599940776824951
8558,Normal,0.9606727361679077
8559,Normal,0.9612908959388733
8560,Normal,0.9613586664199829
8561,Normal,0.9608398079872131
8562,Normal,0.9591429829597473
8563,Normal,0.9598469138145447
8564,Normal,0.9587938189506531
8565,Normal,0.9602386951446533
8566,Normal,0.9608896374702454
8567,Normal,0.9611865878105164
8568,Normal,0.9605951905250549
8569,Normal,0.9616761803627014
8570,Normal,0.9596477150917053
8571,Normal,0.9611431956291199
8572,Normal,0.9608780145645142
8573,Normal,0.9609048366546631
8574,Normal,0.9616857767105103
8575,Normal,0.9596003890037537
8576,Normal,0.9607478976249695
8577,Normal,0.9601843953132629
8578,Normal,0.9605346918106079
8579,Normal,0.9613068699836731
8580,Normal,0.9608497023582458
8581,Normal,0.9605002999305725
8582,Normal,0.9590594172477722
8583,Normal,0.9600356221199036
8584,Normal,0.9590778350830078
8585,Normal,0.9600816965103149
8586,Normal,0.9607823491096497
8587,Normal,0.9614753723144531
8588,Normal,0.9610534906387329
8589,Normal,0.9616600871086121
8590,Normal,0.9608624577522278
8591,Normal,0.9612650275230408
8592,Normal,0.9587668776512146
8593,Normal,0.9611017107963562
8594,Normal,0.9605957269668579
8595,Normal,0.960460364818573
8596,Normal,0.9608383774757385
8597,Normal,0.9610397219657898
8598,Normal,0.9598835110664368
8599,Normal,0.9603465795516968
8600,Normal,0.9591933488845825
8601,Normal,0.9595186114311218
8602,Normal,0.9588295817375183
8603,Normal,0.9599846601486206
8604,Normal,0.9601408839225769
8605,Normal,0.9609839916229248
8606,Normal,0.9610310196876526
8607,Normal,0.9610213041305542
8608,Normal,0.9614328145980835
8609,Normal,0.959779679775238
8610,Normal,0.9616675972938538
8611,Normal,0.9604153633117676
8612,Normal,0.960411548614502
8613,Normal,0.9610557556152344
8614,Normal,0.9593853950500488
8615,Normal,0.9604876637458801
8616,Normal,0.9605445265769958
8617,Normal,0.9607088565826416
8618,Normal,0.9610170125961304
8619,Normal,0.9599574208259583
8620,Normal,0.960412859916687
8621,Normal,0.9592001438140869
8622,Normal,0.9598850011825562
8623,Normal,0.9590750932693481
8624,Normal,0.9598654508590698
8625,Normal,0.9604253768920898
8626,Normal,0.9641039967536926
8627,Normal,0.9605740904808044
8628,Normal,0.9611967206001282
8629,Normal,0.9611903429031372
8630,Normal,0.960740864276886
8631,Normal,0.9591948390007019
8632,Normal,0.9612980484962463
8633,Normal,0.9606085419654846
8634,Normal,0.9604713320732117
8635,Normal,0.9608978033065796
8636,Normal,0.9612070918083191
8637,Normal,0.9609528183937073
8638,Normal,0.9605587720870972
8639,Normal,0.9591513276100159
8640,Normal,0.9597654342651367
8641,Normal,0.958803117275238
8642,Normal,0.9600318074226379
8643,Normal,0.9613468647003174
8644,Normal,0.9617051482200623
8645,Normal,0.9605578184127808
8646,Normal,0.9615108370780945
8647,Normal,0.9597648978233337
8648,Normal,0.9609408378601074
8649,Normal,0.9597957134246826
8650,Normal,0.9612804651260376
8651,Normal,0.9615296721458435
8652,Normal,0.9596585035324097
8653,Normal,0.9607647657394409
8654,Normal,0.9604659676551819
8655,Normal,0.9607055187225342
8656,Normal,0.9612566232681274
8657,Normal,0.960401177406311
8658,Normal,0.9603704214096069
8659,Normal,0.9591509699821472
8660,Normal,0.9601566195487976
8661,Normal,0.959064781665802
8662,Normal,0.9602358341217041
8663,Normal,0.9613707661628723
8664,Normal,0.9619393944740295
8665,Normal,0.9602190256118774
8666,Normal,0.9615530371665955
8667,Normal,0.9605790376663208
8668,Normal,0.9610347151756287
8669,Normal,0.9604054689407349
8670,Normal,0.9611731767654419
8671,Normal,0.9606289863586426
8672,Normal,0.9603851437568665
8673,Normal,0.9608786702156067
8674,Normal,0.9610924124717712
8675,Normal,0.9603346586227417
8676,Normal,0.9604219794273376
8677,Normal,0.9591842293739319
8678,Normal,0.9597197771072388
8679,Normal,0.958885669708252
8680,Normal,0.9602882862091064
8681,Normal,0.9609160423278809
8682,Normal,0.9610123038291931
8683,Normal,0.9628097414970398
8684,Normal,0.9611440896987915
8685,Normal,0.9615439176559448
8686,Normal,0.9598137736320496
8687,Normal,0.9619492292404175
8688,Normal,0.9603898525238037
8689,Normal,0.9607478976249695
8690,Normal,0.9603756070137024
8691,Normal,0.9598335027694702
8692,Normal,0.9604836702346802
8693,Normal,0.9603778719902039
8694,Normal,0.9606362581253052
8695,Normal,0.9610063433647156
8696,Normal,0.9601245522499084
8697,Normal,0.9603054523468018
8698,Normal,0.9590836763381958
8699,Normal,0.9596211314201355
8700,Normal,0.9589858651161194
8701,Normal,0.9600879549980164
8702,Normal,0.9608832597732544
8703,Normal,0.9645209908485413
8704,Normal,0.9611856937408447
8705,Normal,0.9604581594467163
8706,Normal,0.9613171219825745
8707,Normal,0.9609498381614685
8708,Normal,0.9602190256118774
8709,Normal,0.9594488143920898
8710,Normal,0.9610815644264221
8711,Normal,0.9613885283470154
8712,Normal,0.9605445861816406
8713,Normal,0.9605592489242554
8714,Normal,0.9604982137680054
8715,Normal,0.9606596827507019
8716,Normal,0.9612034559249878
8717,Normal,0.9599664211273193
8718,Normal,0.960287868976593
8719,Normal,0.9590182304382324
8720,Normal,0.9599195122718811
8721,Normal,0.9589464068412781
8722,Normal,0.9605379104614258
8723,Normal,0.9616847634315491
8724,Normal,0.96090167760849
8725,Normal,0.9606330394744873
8726,Normal,0.9616169929504395
8727,Normal,0.9595141410827637
8728,Normal,0.9605891704559326
8729,Normal,0.9597765207290649
8730,Normal,0.9610480666160583
8731,Normal,0.9601501226425171
8732,Normal,0.9601315855979919
8733,Normal,0.9604927897453308
8734,Normal,0.9605187773704529
8735,Normal,0.9607449173927307
8736,Normal,0.9612448811531067
8737,Normal,0.9601349830627441
8738,Normal,0.9604416489601135
8739,Normal,0.9591331481933594
8740,Normal,0.9598107933998108
8741,Normal,0.9589899182319641
8742,Normal,0.9601447582244873
8743,Normal,0.9616590738296509
8744,Normal,0.9617670178413391
8745,Normal,0.9608407020568848
8746,Normal,0.9616101384162903
8747,Normal,0.9605815410614014
8748,Normal,0.9603226184844971
8749,Normal,0.9598809480667114
8750,Normal,0.9610809683799744
8751,Normal,0.9605048894882202
8752,Normal,0.9602853059768677
8753,Normal,0.9607707858085632
8754,Normal,0.9609880447387695
8755,Normal,0.9598076939582825
8756,Normal,0.9601933360099792
8757,Normal,0.9591473937034607
8758,Normal,0.9595907330513
8759,Normal,0.9587857127189636
8760,Normal,0.9599555730819702
8761,Normal,0.9614114165306091
8762,Normal,0.9606636166572571
8763,Normal,0.9608625769615173
8764,Normal,0.9615893363952637
8765,Normal,0.9597464203834534
8766,Normal,0.9614681005477905
8767,Normal,0.9607294201850891
8768,Normal,0.9605980515480042
8769,Normal,0.9593302011489868
8770,Normal,0.9598417282104492
8771,Normal,0.9605718851089478
8772,Normal,0.9603718519210815
8773,Normal,0.9606316089630127
8774,Normal,0.9609740972518921
8775,Normal,0.9598716497421265
8776,Normal,0.9601514339447021
8777,Normal,0.9590941071510315
8778,Normal,0.9596976637840271
8779,Normal,0.9589524269104004
8780,Normal,0.9600744247436523
8781,Normal,0.9615622758865356
8782,Normal,0.9609897136688232
8783,Normal,0.9599975943565369
8784,Normal,0.9611839652061462
8785,Normal,0.9606671333312988
8786,Normal,0.9591382741928101
8787,Normal,0.9595411419868469
8788,Normal,0.9610873460769653
8789,Normal,0.9606174230575562
8790,Normal,0.9602628946304321
8791,Normal,0.9607205390930176
8792,Normal,0.9611415266990662
8793,Normal,0.9601294994354248
8794,Normal,0.9604519009590149
8795,Normal,0.9590899348258972
8796,Normal,0.9598016738891602
8797,Normal,0.9587181210517883
8798,Normal,0.9603389501571655
8799,Normal,0.9632239937782288
8800,Normal,0.9639720320701599
8801,Normal,0.9609302878379822
8802,Normal,0.9608663320541382
8803,Normal,0.9616711139678955
8804,Normal,0.959755539894104
8805,Normal,0.9612060785293579
8806,Normal,0.960555911064148
8807,Normal,0.9607642889022827
8808,Normal,0.9614390730857849
8809,Normal,0.9603851437568665
8810,Normal,0.9607354998588562
8811,Normal,0.9599341154098511
8812,Normal,0.9611351490020752
8813,Normal,0.9612351655960083
8814,Normal,0.9602070450782776
8815,Normal,0.9606226086616516
8816,Normal,0.9591093063354492
8817,Normal,0.9601333141326904
8818,Normal,0.9590901136398315
8819,Normal,0.9608094096183777
8820,Normal,0.9639943242073059
8821,Normal,0.962057888507843
8822,Normal,0.9608058929443359
8823,Normal,0.9621067643165588
8824,Normal,0.9610388278961182
8825,Normal,0.9599543213844299
8826,Normal,0.9588993787765503
8827,Normal,0.9613534808158875
8828,Normal,0.9606711268424988
8829,Normal,0.9600280523300171
8830,Normal,0.961577296257019
8831,Normal,0.9611538648605347
8832,Normal,0.9606841802597046
8833,Normal,0.9605660438537598
8834,Normal,0.9591893553733826
8835,Normal,0.9598476886749268
8836,Normal,0.9589154720306396
8837,Normal,0.9603369832038879
8838,Normal,0.9633432626724243
8839,Normal,0.9611909985542297
8840,Normal,0.961068332195282
8841,Normal,0.9618260264396667
8842,Normal,0.9598392248153687
8843,Normal,0.9619280695915222
8844,Normal,0.9605264663696289
8845,Normal,0.9612686634063721
8846,Normal,0.9607377052307129
8847,Normal,0.9597977995872498
8848,Normal,0.9606736302375793
8849,Normal,0.9604716897010803
8850,Normal,0.9607582688331604
8851,Normal,0.9611720442771912
8852,Normal,0.9601236581802368
8853,Normal,0.9604756236076355
8854,Normal,0.9590988159179688
8855,Normal,0.960027813911438
8856,Normal,0.9589940905570984
8857,Normal,0.9603052139282227
8858,Normal,0.9636625051498413
8859,Normal,0.9613737463951111
8860,Normal,0.9604755640029907
8861,Normal,0.9613925814628601
8862,Normal,0.9610565304756165
8863,Normal,0.9611960649490356
8864,Normal,0.9594624638557434
8865,Normal,0.9611561894416809
8866,Normal,0.9606865048408508
8867,Normal,0.9600914716720581
8868,Normal,0.9606388807296753
8869,Normal,0.9612816572189331
8870,Normal,0.9602980613708496
8871,Normal,0.9604153633117676
8872,Normal,0.9590615034103394
8873,Normal,0.9597612619400024
8874,Normal,0.9587835073471069
8875,Normal,0.9601122140884399
8876,Normal,0.960528552532196
8877,Normal,0.9636692404747009
8878,Normal,0.962817907333374
8879,Normal,0.9608590602874756
8880,Normal,0.9616752862930298
8881,Normal,0.9596679210662842
8882,Normal,0.9614743590354919
8883,Normal,0.9613257050514221
8884,Normal,0.9607884287834167
8885,Normal,0.9612244963645935
8886,Normal,0.9596761465072632
8887,Normal,0.9606253504753113
8888,Normal,0.9602603912353516
8889,Normal,0.9605082869529724
8890,Normal,0.9611189961433411
8891,Normal,0.9601386189460754
8892,Normal,0.9591733813285828
8893,Normal,0.9600111246109009
8894,Normal,0.9589987993240356
8895,Normal,0.9598525166511536
8896,Normal,0.9606991410255432
8897,Normal,0.9606705904006958
8898,Normal,0.961523711681366
8899,Normal,0.9613673686981201
8900,Normal,0.9625067114830017
8901,Normal,0.9612907767295837
8902,Normal,0.9609192609786987
8903,Normal,0.9615024328231812
8904,Normal,0.9599743485450745
8905,Normal,0.961287796497345
8906,Normal,0.9612776637077332
8907,Normal,0.9603861570358276
8908,Normal,0.9605286717414856
8909,Normal,0.9605428576469421
8910,Normal,0.9607199430465698
8911,Normal,0.9611791968345642
8912,Normal,0.9601573944091797
8913,Normal,0.9604156017303467
8914,Normal,0.9591261148452759
8915,Normal,0.9600284695625305
8916,Normal,0.9590898156166077
8917,Normal,0.9605798125267029
8918,Normal,0.9601371884346008
8919,Normal,0.9608952403068542
8920,Normal,0.9608213901519775
8921,Normal,0.9614732265472412
8922,Normal,0.9595608115196228
8923,Normal,0.961536705493927
8924,Normal,0.9614076018333435
8925,Normal,0.9607217311859131
8926,Normal,0.961334228515625
8927,Normal,0.9599390625953674
8928,Normal,0.9604520201683044
8929,Normal,0.9603618383407593
8930,Normal,0.9607012271881104
8931,Normal,0.9611092805862427
8932,Normal,0.959837794303894
8933,Normal,0.9604455232620239
8934,Normal,0.9592269062995911
8935,Normal,0.9599880576133728
8936,Normal,0.9589552879333496
8937,Normal,0.9601611495018005
8938,Normal,0.9600629806518555
8939,Normal,0.960877537727356
8940,Normal,0.9611964225769043
8941,Normal,0.9614278674125671
8942,Normal,0.960949182510376
8943,Normal,0.961319088935852
8944,Normal,0.9591214060783386
8945,Normal,0.9611242413520813
8946,Normal,0.9606647491455078
8947,Normal,0.9602354168891907
8948,Normal,0.9606220722198486
8949,Normal,0.9610915780067444
8950,Normal,0.9597046971321106
8951,Normal,0.9609887003898621
8952,Normal,0.9602713584899902
8953,Normal,0.9591054916381836
8954,Normal,0.9599193930625916
8955,Normal,0.9588537812232971
8956,Normal,0.9602769613265991
8957,Normal,0.9616272449493408
8958,Normal,0.9606388807296753
8959,Normal,0.9616225957870483
8960,Normal,0.9596707820892334
8961,Normal,0.9608877897262573
8962,Normal,0.9604446291923523
8963,Normal,0.9607163071632385
8964,Normal,0.9613696932792664
8965,Normal,0.959386944770813
8966,Normal,0.9607416391372681
8967,Normal,0.9597355723381042
8968,Normal,0.9609172940254211
8969,Normal,0.961139440536499
8970,Normal,0.959800660610199
8971,Normal,0.9592001438140869
8972,Normal,0.9600805640220642
8973,Normal,0.9590107202529907
8974,Normal,0.9597674012184143
8975,Normal,0.9606766104698181
8976,Normal,0.9613485336303711
8977,Normal,0.961611270904541
8978,Normal,0.9608727097511292
8979,Normal,0.9615722298622131
8980,Normal,0.9609676003456116
8981,Normal,0.961468517780304
8982,Normal,0.959201455116272
8983,Normal,0.9612229466438293
8984,Normal,0.9606340527534485
8985,Normal,0.9596512317657471
8986,Normal,0.9613821506500244
8987,Normal,0.9611840844154358
8988,Normal,0.9599064588546753
8989,Normal,0.9602770805358887
8990,Normal,0.9592058062553406
8991,Normal,0.9598125219345093
8992,Normal,0.9588463306427002
8993,Normal,0.9599275588989258
8994,Normal,0.9609872698783875
8995,Normal,0.961545467376709
8996,Normal,0.9611882567405701
8997,Normal,0.9610697627067566
8998,Normal,0.9616258144378662
8999,Normal,0.9597558975219727
9000,Normal,0.961748480796814
9001,Normal,0.9610288143157959
9002,Normal,0.9609768390655518
9003,Normal,0.9595059156417847
9004,Normal,0.9597699046134949
9005,Normal,0.9605993628501892
9006,Normal,0.9599193930625916
9007,Normal,0.9612112641334534
9008,Normal,0.96112060546875
9009,Normal,0.9608572125434875
9010,Normal,0.9605644345283508
9011,Normal,0.9592770338058472
9012,Normal,0.9601314663887024
9013,Normal,0.9591151475906372
9014,Normal,0.959924042224884
9015,Normal,0.9613018035888672
9016,Normal,0.9617429971694946
9017,Normal,0.9610917568206787
9018,Normal,0.9612493515014648
9019,Normal,0.9606589078903198
9020,Normal,0.961643636226654
9021,Normal,0.959172248840332
9022,Normal,0.9613596796989441
9023,Normal,0.9605093002319336
9024,Normal,0.9598671197891235
9025,Normal,0.961317241191864
9026,Normal,0.9612324237823486
9027,Normal,0.9609854221343994
9028,Normal,0.9604857563972473
9029,Normal,0.9591649174690247
9030,Normal,0.9598096609115601
9031,Normal,0.9588044285774231
9032,Normal,0.9599390625953674
9033,Normal,0.9619729518890381
9034,Normal,0.9618112444877625
9035,Normal,0.9607888460159302
9036,Normal,0.9617635011672974
9037,Normal,0.959755539894104
9038,Normal,0.9612780213356018
9039,Normal,0.9603388905525208
9040,Normal,0.9613029956817627
9041,Normal,0.961156964302063
9042,Normal,0.9592748284339905
9043,Normal,0.9606907963752747
9044,Normal,0.9599201679229736
9045,Normal,0.9611241817474365
9046,Normal,0.9611473083496094
9047,Normal,0.9605507850646973
9048,Normal,0.9591370820999146
9049,Normal,0.9599891304969788
9050,Normal,0.9590612053871155
9051,Normal,0.9607560634613037
9052,Normal,0.9609500765800476
9053,Normal,0.9624930024147034
9054,Normal,0.9652352929115295
9055,Normal,0.9600381851196289
9056,Normal,0.9625117778778076
9057,Normal,0.9613214135169983
9058,Normal,0.9619839787483215
9059,Normal,0.9592629671096802
9060,Normal,0.9613320827484131
9061,Normal,0.9605408906936646
9062,Normal,0.960029125213623
9063,Normal,0.9616582989692688
9064,Normal,0.9611544609069824
9065,Normal,0.9610689878463745
9066,Normal,0.9604794979095459
9067,Normal,0.9593402147293091
9068,Normal,0.9598807692527771
9069,Normal,0.9590030908584595
9070,Normal,0.9603001475334167
9071,Normal,0.9622715711593628
9072,Normal,0.962684690952301
9073,Normal,0.9630274772644043
9074,Normal,0.9613207578659058
9075,Normal,0.9616885185241699
9076,Normal,0.9598867893218994
9077,Normal,0.9626550674438477
9078,Normal,0.9602925777435303
9079,Normal,0.961231529712677
9080,Normal,0.9610598683357239
9081,Normal,0.9598335027694702
9082,Normal,0.9606646299362183
9083,Normal,0.95997554063797
9084,Normal,0.9613125920295715
9085,Normal,0.9610779285430908
9086,Normal,0.9604352712631226
9087,Normal,0.960396945476532
9088,Normal,0.9592569470405579
9089,Normal,0.9600811004638672
9090,Normal,0.9590164422988892
9091,Normal,0.9598410725593567
9092,Normal,0.9622038006782532
9093,Normal,0.9621671438217163
9094,Normal,0.9614295959472656
9095,Normal,0.9600902199745178
9096,Normal,0.9615313410758972
9097,Normal,0.961201012134552
9098,Normal,0.9612634778022766
9099,Normal,0.9600365161895752
9100,Normal,0.961245059967041
9101,Normal,0.9614124298095703
9102,Normal,0.9606300592422485
9103,Normal,0.9605751037597656
9104,Normal,0.9600459337234497
9105,Normal,0.9613329768180847
9106,Normal,0.961304783821106
9107,Normal,0.9605163335800171
9108,Normal,0.9592400789260864
9109,Normal,0.96004718542099
9110,Normal,0.9590011239051819
9111,Normal,0.959949254989624
9112,Normal,0.9610094428062439
9113,Normal,0.9647905826568604
9114,Normal,0.962297260761261
9115,Normal,0.9609398245811462
9116,Normal,0.9618238210678101
9117,Normal,0.9597007632255554
9118,Normal,0.9611928462982178
9119,Normal,0.9594040513038635
9120,Normal,0.9610576629638672
9121,Normal,0.9606715440750122
9122,Normal,0.9596295952796936
9123,Normal,0.9606499671936035
9124,Normal,0.9600935578346252
9125,Normal,0.9614403247833252
9126,Normal,0.9613438844680786
9127,Normal,0.9609876275062561
9128,Normal,0.9592057466506958
9129,Normal,0.9603074193000793
9130,Normal,0.9589994549751282
9131,Normal,0.9600697159767151
9132,Normal,0.9609026312828064
9133,Normal,0.9654079079627991
9134,Normal,0.965414822101593
9135,Normal,0.9596829414367676
9136,Normal,0.9629071354866028
9137,Normal,0.9617432951927185
9138,Normal,0.9609360098838806
9139,Normal,0.9604180455207825
9140,Normal,0.9614459276199341
9141,Normal,0.9604809284210205
9142,Normal,0.9598780870437622
9143,Normal,0.9614812135696411
9144,Normal,0.9612759351730347
9145,Normal,0.9608364105224609
9146,Normal,0.9592886567115784
9147,Normal,0.9599708318710327
9148,Normal,0.9590057134628296
9149,Normal,0.9594645500183105
9150,Normal,0.9612632393836975
9151,Normal,0.9655234813690186
9152,Normal,0.963577151298523
9153,Normal,0.9611572027206421
9154,Normal,0.9617898464202881
9155,Normal,0.9599988460540771
9156,Normal,0.9622875452041626
9157,Normal,0.9595019817352295
9158,Normal,0.9614827036857605
9159,Normal,0.9613466262817383
9160,Normal,0.9594294428825378
9161,Normal,0.9608426690101624
9162,Normal,0.9600770473480225
9163,Normal,0.9611917734146118
9164,Normal,0.9613614082336426
9165,Normal,0.9605550765991211
9166,Normal,0.9607019424438477
9167,Normal,0.9591461420059204
9168,Normal,0.9602027535438538
9169,Normal,0.9590466022491455
9170,Normal,0.9605002999305725
9171,Normal,0.965155303478241
9172,Normal,0.9634518027305603
9173,Normal,0.959434986114502
9174,Normal,0.9614347815513611
9175,Normal,0.9619835615158081
9176,Normal,0.9621614813804626
9177,Normal,0.9604304432868958
9178,Normal,0.9616210460662842
9179,Normal,0.9605288505554199
9180,Normal,0.95967036485672
9181,Normal,0.9609725475311279
9182,Normal,0.9613853096961975
9183,Normal,0.9610775709152222
9184,Normal,0.9591743350028992
9185,Normal,0.9602140784263611
9186,Normal,0.958939254283905
9187,Normal,0.9598041772842407
9188,Normal,0.9614076614379883
9189,Normal,0.9617003202438354
9190,Normal,0.9629784226417542
9191,Normal,0.9612762331962585
9192,Normal,0.9609600901603699
9193,Normal,0.9618973731994629
9194,Normal,0.9598885178565979
9195,Normal,0.9615308046340942
9196,Normal,0.9604107737541199
9197,Normal,0.9612807631492615
9198,Normal,0.9619247317314148
9199,Normal,0.9594590663909912
9200,Normal,0.9607115983963013
9201,Normal,0.9598845839500427
9202,Normal,0.9611947536468506
9203,Normal,0.9612876176834106
9204,Normal,0.9609982967376709
9205,Normal,0.9591459631919861
9206,Normal,0.960330069065094
9207,Normal,0.9591516256332397
9208,Normal,0.9604301452636719
9209,Normal,0.9614655375480652
9210,Normal,0.9616138935089111
9211,Normal,0.9625344276428223
9212,Normal,0.9606595635414124
9213,Normal,0.961480975151062
9214,Normal,0.9611966013908386
9215,Normal,0.9618388414382935
9216,Normal,0.9601114392280579
9217,Normal,0.9615038633346558
9218,Normal,0.960694432258606
9219,Normal,0.9602152109146118
9220,Normal,0.9617052674293518
9221,Normal,0.9612563252449036
9222,Normal,0.9611785411834717
9223,Normal,0.9593344926834106
9224,Normal,0.9599666595458984
9225,Normal,0.9590074419975281
9226,Normal,0.9596603512763977
9227,Normal,0.9613276124000549
9228,Normal,0.9612011313438416
9229,Normal,0.9646545648574829
9230,Normal,0.9612759351730347
9231,Normal,0.9617635011672974
9232,Normal,0.9599786996841431
9233,Normal,0.9628352522850037
9234,Normal,0.9598870873451233
9235,Normal,0.961584210395813
9236,Normal,0.9603628516197205
9237,Normal,0.9591924548149109
9238,Normal,0.9606772661209106
9239,Normal,0.9601189494132996
9240,Normal,0.9612526893615723
9241,Normal,0.9612941145896912
9242,Normal,0.9600146412849426
9243,Normal,0.9592149257659912
9244,Normal,0.9599874019622803
9245,Normal,0.9590585827827454
9246,Normal,0.9602054953575134
9247,Normal,0.961170494556427
9248,Normal,0.9613663554191589
9249,Normal,0.9634782075881958
9250,Normal,0.9599006175994873
9251,Normal,0.9613924622535706
9252,Normal,0.9620879292488098
9253,Normal,0.961094319820404
9254,Normal,0.959402859210968
9255,Normal,0.9613972306251526
9256,Normal,0.9608016014099121
9257,Normal,0.9597073197364807
9258,Normal,0.9609600901603699
9259,Normal,0.961510956287384
9260,Normal,0.9611409902572632
9261,Normal,0.9591560363769531
9262,Normal,0.9601359367370605
9263,Normal,0.9588744044303894
9264,Normal,0.9592537879943848
9265,Normal,0.9612184166908264
9266,Normal,0.9621543288230896
9267,Normal,0.9629310965538025
9268,Normal,0.9631609320640564
9269,Normal,0.9607328176498413
9270,Normal,0.9620004296302795
9271,Normal,0.9598607420921326
9272,Normal,0.9616329669952393
9273,Normal,0.9595433473587036
9274,Normal,0.9616522789001465
9275,Normal,0.960310697555542
9276,Normal,0.959330141544342
9277,Normal,0.9607083797454834
9278,Normal,0.9598169326782227
9279,Normal,0.9610331058502197
9280,Normal,0.9613563418388367
9281,Normal,0.9610544443130493
9282,Normal,0.9590559005737305
9283,Normal,0.9604361653327942
9284,Normal,0.9590517282485962
9285,Normal,0.9599257707595825
9286,Normal,0.9612396955490112
9287,Normal,0.9620770812034607
9288,Normal,0.9632641673088074
9289,Normal,0.9615111351013184
9290,Normal,0.9600275158882141
9291,Normal,0.9613436460494995
9292,Normal,0.9616674780845642
9293,Normal,0.9609754085540771
9294,Normal,0.960202693939209
9295,Normal,0.9613907337188721
9296,Normal,0.9619208574295044
9297,Normal,0.9609948992729187
9298,Normal,0.9606842994689941
9299,Normal,0.9603191614151001
9300,Normal,0.9616298675537109
9301,Normal,0.9613946676254272
9302,Normal,0.961031973361969
9303,Normal,0.9591484665870667
9304,Normal,0.9602492451667786
9305,Normal,0.9590849876403809
9306,Normal,0.9605182409286499
9307,Normal,0.9616650342941284
9308,Normal,0.9617511630058289
9309,Normal,0.9645904302597046
9310,Normal,0.9611238241195679
9311,Normal,0.9617928266525269
9312,Normal,0.9598831534385681
9313,Normal,0.9622893333435059
9314,Normal,0.9602463245391846
9315,Normal,0.9615905284881592
9316,Normal,0.961104691028595
9317,Normal,0.9591660499572754
9318,Normal,0.9606304168701172
9319,Normal,0.960120439529419
9320,Normal,0.9613924622535706
9321,Normal,0.961409866809845
9322,Normal,0.9605383276939392
9323,Normal,0.9592761397361755
9324,Normal,0.9601888060569763
9325,Normal,0.9589772820472717
9326,Normal,0.9598413109779358
9327,Normal,0.9611892104148865
9328,Normal,0.9618754386901855
9329,Normal,0.9631921648979187
9330,Normal,0.9599190950393677
9331,Normal,0.9608200788497925
9332,Normal,0.9613317847251892
9333,Normal,0.9612946510314941
9334,Normal,0.961642861366272
9335,Normal,0.960281491279602
9336,Normal,0.9608152508735657
9337,Normal,0.9596952795982361
9338,Normal,0.9607811570167542
9339,Normal,0.9611355066299438
9340,Normal,0.9610350728034973
9341,Normal,0.9590778350830078
9342,Normal,0.9601151943206787
9343,Normal,0.9588134288787842
9344,Normal,0.9599975347518921
9345,Normal,0.9613692164421082
9346,Normal,0.962649405002594
9347,Normal,0.9626810550689697
9348,Normal,0.96052086353302
9349,Normal,0.9621138572692871
9350,Normal,0.959934651851654
9351,Normal,0.9609974026679993
9352,Normal,0.9613040089607239
9353,Normal,0.9614650011062622
9354,Normal,0.9603075385093689
9355,Normal,0.9597169160842896
9356,Normal,0.9604301452636719
9357,Normal,0.9614395499229431
9358,Normal,0.9605224132537842
9359,Normal,0.960915744304657
9360,Normal,0.9607241153717041
9361,Normal,0.9591884016990662
9362,Normal,0.9592475295066833
9363,Normal,0.9603195190429688
9364,Normal,0.9602640867233276
9365,Normal,0.9612816572189331
9366,Normal,0.9623652696609497
9367,Normal,0.962548017501831
9368,Normal,0.9609259963035583
9369,Normal,0.9614768028259277
9370,Normal,0.9612829685211182
9371,Normal,0.9608511328697205
9372,Normal,0.9591742753982544
9373,Normal,0.9615491628646851
9374,Normal,0.9606898427009583
9375,Normal,0.9617416858673096
9376,Normal,0.9605274796485901
9377,Normal,0.9608234167098999
9378,Normal,0.9605368971824646
9379,Normal,0.9593977928161621
9380,Normal,0.9599266648292542
9381,Normal,0.9588954448699951
9382,Normal,0.9592629671096802
9383,Normal,0.9611361622810364
9384,Normal,0.96226966381073
9385,Normal,0.9643771648406982
9386,Normal,0.9611812829971313
9387,Normal,0.9610608220100403
9388,Normal,0.961880087852478
9389,Normal,0.9599888324737549
9390,Normal,0.9619855284690857
9391,Normal,0.9610808491706848
9392,Normal,0.9614906907081604
9393,Normal,0.9604379534721375
9394,Normal,0.959380030632019
9395,Normal,0.9605886340141296
9396,Normal,0.9614217877388
9397,Normal,0.960573673248291
9398,Normal,0.960792601108551
9399,Normal,0.9606181979179382
9400,Normal,0.9592283368110657
9401,Normal,0.9601864814758301
9402,Normal,0.95909583568573
9403,Normal,0.9594829678535461
9404,Normal,0.9612098336219788
9405,Normal,0.9623973965644836
9406,Normal,0.963104248046875
9407,Normal,0.9610675573348999
9408,Normal,0.9607720971107483
9409,Normal,0.9609774947166443
9410,Normal,0.9611890316009521
9411,Normal,0.9595947861671448
9412,Normal,0.9616746306419373
9413,Normal,0.9601224660873413
9414,Normal,0.9611708521842957
9415,Normal,0.9606395363807678
9416,Normal,0.9609934687614441
9417,Normal,0.9609515070915222
9418,Normal,0.9591074585914612
9419,Normal,0.9599569439888
9420,Normal,0.9587488770484924
9421,Normal,0.9593054056167603
9422,Normal,0.9610787630081177
9423,Normal,0.9638658165931702
9424,Normal,0.9612832069396973
9425,Normal,0.9606795907020569
9426,Normal,0.9617863297462463
9427,Normal,0.9597387313842773
9428,Normal,0.9605516195297241
9429,Normal,0.9600210189819336
9430,Normal,0.9608381390571594
9431,Normal,0.961395263671875
9432,Normal,0.9602399468421936
9433,Normal,0.9601855278015137
9434,Normal,0.9611446261405945
9435,Normal,0.9605726599693298
9436,Normal,0.9611573219299316
9437,Normal,0.9605422019958496
9438,Normal,0.9590566754341125
9439,Normal,0.9602094888687134
9440,Normal,0.9589987993240356
9441,Normal,0.9596816301345825
9442,Normal,0.9609488844871521
9443,Normal,0.9640038013458252
9444,Normal,0.9618618488311768
9445,Normal,0.960465669631958
9446,Normal,0.9612308740615845
9447,Normal,0.9610636830329895
9448,Normal,0.9611325263977051
9449,Normal,0.9594602584838867
9450,Normal,0.961611270904541
9451,Normal,0.9600956439971924
9452,Normal,0.9612311124801636
9453,Normal,0.9606313109397888
9454,Normal,0.9611153602600098
9455,Normal,0.9606335163116455
9456,Normal,0.9592518210411072
9457,Normal,0.9599651098251343
9458,Normal,0.9588947892189026
9459,Normal,0.9594088792800903
9460,Normal,0.9608438611030579
9461,Normal,0.9636145830154419
9462,Normal,0.9643903970718384
9463,Normal,0.9628329277038574
9464,Normal,0.9612428545951843
9465,Normal,0.9619069695472717
9466,Normal,0.9599365592002869
9467,Normal,0.9623985290527344
9468,Normal,0.9602822661399841
9469,Normal,0.9611921310424805
9470,Normal,0.9617646932601929
9471,Normal,0.9601007699966431
9472,Normal,0.9606549143791199
9473,Normal,0.9614480137825012
9474,Normal,0.9604390263557434
9475,Normal,0.9610285758972168
9476,Normal,0.9605121612548828
9477,Normal,0.9591661095619202
9478,Normal,0.9600465297698975
9479,Normal,0.9590743184089661
9480,Normal,0.9594515562057495
9481,Normal,0.9608095288276672
9482,Normal,0.965124785900116
9483,Normal,0.9636234641075134
9484,Normal,0.9613807797431946
9485,Normal,0.9603421688079834
9486,Normal,0.9616535902023315
9487,Normal,0.9607641696929932
9488,Normal,0.9617413282394409
9489,Normal,0.9597012996673584
9490,Normal,0.9616715312004089
9491,Normal,0.9613938331604004
9492,Normal,0.9605885148048401
9493,Normal,0.9608620405197144
9494,Normal,0.9615193009376526
9495,Normal,0.960549533367157
9496,Normal,0.9613111615180969
9497,Normal,0.9607378840446472
9498,Normal,0.9590553641319275
9499,Normal,0.9600622057914734
9500,Normal,0.9590210318565369
9501,Normal,0.9594038724899292
9502,Normal,0.9609714150428772
9503,Normal,0.9610167741775513
9504,Normal,0.9620910882949829
9505,Normal,0.9605757594108582
9506,Normal,0.961765468120575
9507,Normal,0.9595630764961243
9508,Normal,0.960798978805542
9509,Normal,0.9594323635101318
9510,Normal,0.960888683795929
9511,Normal,0.9614518880844116
9512,Normal,0.9599299430847168
9513,Normal,0.9605835676193237
9514,Normal,0.9612308740615845
9515,Normal,0.960700273513794
9516,Normal,0.9611673355102539
9517,Normal,0.9604724645614624
9518,Normal,0.9592206478118896
9519,Normal,0.9601110219955444
9520,Normal,0.9590023159980774
9521,Normal,0.9594278931617737
9522,Normal,0.9606044292449951
9523,Normal,0.9604610204696655
9524,Normal,0.9614927768707275
9525,Normal,0.9606715440750122
9526,Normal,0.9610496163368225
9527,Normal,0.9607619047164917
9528,Normal,0.9610213041305542
9529,Normal,0.9587969183921814
9530,Normal,0.9615041017532349
9531,Normal,0.9603943824768066
9532,Normal,0.9613761901855469
9533,Normal,0.9604219794273376
9534,Normal,0.9609354734420776
9535,Normal,0.9603804349899292
9536,Normal,0.9593138694763184
9537,Normal,0.9598451256752014
9538,Normal,0.9589206576347351
9539,Normal,0.959549605846405
9540,Normal,0.9608319997787476
9541,Normal,0.9601575136184692
9542,Normal,0.9641099572181702
9543,Normal,0.9611872434616089
9544,Normal,0.9616292119026184
9545,Normal,0.959747850894928
9546,Normal,0.9615615606307983
9547,Normal,0.9608443379402161
9548,Normal,0.9609074592590332
9549,Normal,0.9613886475563049
9550,Normal,0.9592010974884033
9551,Normal,0.9606326222419739
9552,Normal,0.9615142345428467
9553,Normal,0.9604741334915161
9554,Normal,0.9609472155570984
9555,Normal,0.9602149724960327
9556,Normal,0.9592353105545044
9557,Normal,0.9598831534385681
9558,Normal,0.9590625166893005
9559,Normal,0.9593343138694763
9560,Normal,0.9607686996459961
9561,Normal,0.9600146412849426
9562,Normal,0.9616923928260803
9563,Normal,0.9608398079872131
9564,Normal,0.9608629941940308
9565,Normal,0.9609877467155457
9566,Normal,0.960942268371582
9567,Normal,0.9589665532112122
9568,Normal,0.9615260362625122
9569,Normal,0.9602892994880676
9570,Normal,0.9613585472106934
9571,Normal,0.9605886340141296
9572,Normal,0.9610723853111267
9573,Normal,0.9604001045227051
9574,Normal,0.9592064619064331
9575,Normal,0.9599685072898865
9576,Normal,0.9588083028793335
9577,Normal,0.9590290784835815
9578,Normal,0.9607740044593811
9579,Normal,0.9614408612251282
9580,Normal,0.9610294699668884
9581,Normal,0.9610959887504578
9582,Normal,0.9607962369918823
9583,Normal,0.9616330862045288
9584,Normal,0.9596774578094482
9585,Normal,0.9608157873153687
9586,Normal,0.9600168466567993
9587,Normal,0.9610949754714966
9588,Normal,0.9615268111228943
9589,Normal,0.9595103859901428
9590,Normal,0.9605053663253784
9591,Normal,0.9613003730773926
9592,Normal,0.9606555104255676
9593,Normal,0.9610203504562378
9594,Normal,0.9604359269142151
9595,Normal,0.9591416716575623
9596,Normal,0.9603034853935242
9597,Normal,0.9591207504272461
9598,Normal,0.9596644043922424
9599,Normal,0.9609211087226868
9600,Normal,0.9613435864448547
9601,Normal,0.9616397023200989
9602,Normal,0.96013343334198
9603,Normal,0.9609465599060059
9604,Normal,0.9612406492233276
9605,Normal,0.9607110619544983
9606,Normal,0.9595716595649719
9607,Normal,0.9615308046340942
9608,Normal,0.9605767130851746
9609,Normal,0.961554229259491
9610,Normal,0.9607636332511902
9611,Normal,0.9610505700111389
9612,Normal,0.96077960729599
9613,Normal,0.9592805504798889
9614,Normal,0.9599971771240234
9615,Normal,0.9589717388153076
9616,Normal,0.95954430103302
9617,Normal,0.9608205556869507
9618,Normal,0.9614245295524597
9619,Normal,0.9649346470832825
9620,Normal,0.9614038467407227
9621,Normal,0.9616129994392395
9622,Normal,0.9598953723907471
9623,Normal,0.9623134136199951
9624,Normal,0.9606063961982727
9625,Normal,0.9608820676803589
9626,Normal,0.9596170783042908
9627,Normal,0.9591007828712463
9628,Normal,0.9608597159385681
9629,Normal,0.9609577059745789
9630,Normal,0.9611820578575134
9631,Normal,0.9610667824745178
9632,Normal,0.9601947665214539
9633,Normal,0.9592934846878052
9634,Normal,0.9600211381912231
9635,Normal,0.9590675234794617
9636,Normal,0.960135281085968
9637,Normal,0.9607166647911072
9638,Normal,0.9615331888198853
9639,Normal,0.9635626673698425
9640,Normal,0.9608186483383179
9641,Normal,0.9614949822425842
9642,Normal,0.9612718224525452
9643,Normal,0.9609102606773376
9644,Normal,0.9589641690254211
9645,Normal,0.9615327715873718
9646,Normal,0.9603877663612366
9647,Normal,0.9615011215209961
9648,Normal,0.9605593681335449
9649,Normal,0.9612042307853699
9650,Normal,0.9605821967124939
9651,Normal,0.9592772126197815
9652,Normal,0.9600292444229126
9653,Normal,0.9588633179664612
9654,Normal,0.9597122669219971
9655,Normal,0.9608464241027832
9656,Normal,0.96242755651474
9657,Normal,0.9629596471786499
9658,Normal,0.9630777835845947
9659,Normal,0.9609819054603577
9660,Normal,0.9617462158203125
9661,Normal,0.9599217176437378
9662,Normal,0.9614375233650208
9663,Normal,0.9605634212493896
9664,Normal,0.9610912203788757
9665,Normal,0.9600332975387573
9666,Normal,0.9590880274772644
9667,Normal,0.9607248306274414
9668,Normal,0.9605130553245544
9669,Normal,0.9611023664474487
9670,Normal,0.9610969424247742
9671,Normal,0.9603502750396729
9672,Normal,0.9592270851135254
9673,Normal,0.9599533677101135
9674,Normal,0.9592582583427429
9675,Normal,0.9598318934440613
9676,Normal,0.960701584815979
9677,Normal,0.9623011350631714
9678,Normal,0.9634072184562683
9679,Normal,0.961463451385498
9680,Normal,0.9601461887359619
9681,Normal,0.9616799354553223
9682,Normal,0.9609763026237488
9683,Normal,0.9611676335334778
9684,Normal,0.9601624608039856
9685,Normal,0.9613364934921265
9686,Normal,0.9607845544815063
9687,Normal,0.9605885148048401
9688,Normal,0.9614008665084839
9689,Normal,0.9608538746833801
9690,Normal,0.9618850350379944
9691,Normal,0.9609801173210144
9692,Normal,0.960268497467041
9693,Normal,0.9592077136039734
9694,Normal,0.9601413607597351
9695,Normal,0.9590613842010498
9696,Normal,0.9594001173973083
9697,Normal,0.9609944224357605
9698,Normal,0.9620307683944702
9699,Normal,0.9645786881446838
9700,Normal,0.9611064195632935
9701,Normal,0.9615788459777832
9702,Normal,0.9598767757415771
9703,Normal,0.9622272849082947
9704,Normal,0.9598891139030457
9705,Normal,0.9609224796295166
9706,Normal,0.9600971937179565
9707,Normal,0.9602576494216919
9708,Normal,0.9609524011611938
9709,Normal,0.9608408808708191
9710,Normal,0.9611829519271851
9711,Normal,0.9612473845481873
9712,Normal,0.9604489207267761
9713,Normal,0.959290087223053
9714,Normal,0.9600646495819092
9715,Normal,0.9589793086051941
9716,Normal,0.9592154026031494
9717,Normal,0.9604029655456543
9718,Normal,0.9622277021408081
9719,Normal,0.9630113840103149
9720,Normal,0.9601522088050842
9721,Normal,0.9615746736526489
9722,Normal,0.9608184695243835
9723,Normal,0.9607565999031067
9724,Normal,0.9598772525787354
9725,Normal,0.9613966941833496
9726,Normal,0.9605332612991333
9727,Normal,0.9600362777709961
9728,Normal,0.9612207412719727
9729,Normal,0.9611652493476868
9730,Normal,0.9602760672569275
9731,Normal,0.9591566920280457
9732,Normal,0.9598923921585083
9733,Normal,0.9588008522987366
9734,Normal,0.9591401219367981
9735,Normal,0.9606555700302124
9736,Normal,0.9636105895042419
9737,Normal,0.9614170789718628
9738,Normal,0.9609222412109375
9739,Normal,0.9617967009544373
9740,Normal,0.9598761200904846
9741,Normal,0.9612055420875549
9742,Normal,0.9602968692779541
9743,Normal,0.9611839652061462
9744,Normal,0.959486722946167
9745,Normal,0.9595326781272888
9746,Normal,0.9604763984680176
9747,Normal,0.9614058136940002
9748,Normal,0.9604277014732361
9749,Normal,0.9610763788223267
9750,Normal,0.9602556228637695
9751,Normal,0.9591015577316284
9752,Normal,0.9600112438201904
9753,Normal,0.9589998722076416
9754,Normal,0.9594584703445435
9755,Normal,0.9606863856315613
9756,Normal,0.9640911221504211
9757,Normal,0.9622467160224915
9758,Normal,0.9608768820762634
9759,Normal,0.9614799618721008
9760,Normal,0.9613349437713623
9761,Normal,0.9598535895347595
9762,Normal,0.9595767259597778
9763,Normal,0.9615140557289124
9764,Normal,0.9603510499000549
9765,Normal,0.9614764451980591
9766,Normal,0.9604029655456543
9767,Normal,0.961057186126709
9768,Normal,0.9603149890899658
9769,Normal,0.95924973487854
9770,Normal,0.9598215222358704
9771,Normal,0.9589306116104126
9772,Normal,0.9603818655014038
9773,Normal,0.9611343741416931
9774,Normal,0.9638792276382446
9775,Normal,0.9645448327064514
9776,Normal,0.9611647725105286
9777,Normal,0.9611712694168091
9778,Normal,0.9617127776145935
9779,Normal,0.9598950147628784
9780,Normal,0.9621190428733826
9781,Normal,0.9611036777496338
9782,Normal,0.9612475037574768
9783,Normal,0.9617017507553101
9784,Normal,0.9603606462478638
9785,Normal,0.9606503248214722
9786,Normal,0.9605526328086853
9787,Normal,0.9606671333312988
9788,Normal,0.9610653519630432
9789,Normal,0.9603700637817383
9790,Normal,0.9591490030288696
9791,Normal,0.9601948857307434
9792,Normal,0.959012508392334
9793,Normal,0.9596070051193237
9794,Normal,0.9610316753387451
9795,Normal,0.9641628265380859
9796,Normal,0.9626631140708923
9797,Normal,0.9608326554298401
9798,Normal,0.961269736289978
9799,Normal,0.961000382900238
9800,Normal,0.9615513682365417
9801,Normal,0.9592291712760925
9802,Normal,0.9615368247032166
9803,Normal,0.9601958394050598
9804,Normal,0.9607359170913696
9805,Normal,0.9607124924659729
9806,Normal,0.9612461924552917
9807,Normal,0.9606226086616516
9808,Normal,0.9591527581214905
9809,Normal,0.9599148035049438
9810,Normal,0.9588017463684082
9811,Normal,0.9592457413673401
9812,Normal,0.9609065055847168
9813,Normal,0.9612494707107544
9814,Normal,0.9610950946807861
9815,Normal,0.960831880569458
9816,Normal,0.9614934325218201
9817,Normal,0.9597265720367432
9818,Normal,0.9612138867378235
9819,Normal,0.959589421749115
9820,Normal,0.9612019062042236
9821,Normal,0.9595623016357422
9822,Normal,0.9591531753540039
9823,Normal,0.9603772163391113
9824,Normal,0.9613144993782043
9825,Normal,0.9603365659713745
9826,Normal,0.9610263705253601
9827,Normal,0.9605050086975098
9828,Normal,0.9610632658004761
9829,Normal,0.9608585238456726
9830,Normal,0.9592963457107544
9831,Normal,0.9603245854377747
9832,Normal,0.959138810634613
9833,Normal,0.9600147604942322
9834,Normal,0.9608283638954163
9835,Normal,0.9611905813217163
9836,Normal,0.961336076259613
9837,Normal,0.9594264626502991
9838,Normal,0.9610609412193298
9839,Normal,0.9612846374511719
9840,Normal,0.9596989750862122
9841,Normal,0.9596154689788818
9842,Normal,0.9613116383552551
9843,Normal,0.9604859948158264
9844,Normal,0.9605268836021423
9845,Normal,0.960762083530426
9846,Normal,0.9611598253250122
9847,Normal,0.9602612257003784
9848,Normal,0.9591473937034607
9849,Normal,0.9599758386611938
9850,Normal,0.9590312242507935
9851,Normal,0.9597079753875732
9852,Normal,0.9609133005142212
9853,Normal,0.960378885269165
9854,Normal,0.964309573173523
9855,Normal,0.9627462029457092
9856,Normal,0.9610846042633057
9857,Normal,0.9617848992347717
9858,Normal,0.9601317644119263
9859,Normal,0.9625217318534851
9860,Normal,0.9598613977432251
9861,Normal,0.960812509059906
9862,Normal,0.962225079536438
9863,Normal,0.959324300289154
9864,Normal,0.9607176780700684
9865,Normal,0.9605436325073242
9866,Normal,0.9608924984931946
9867,Normal,0.9610917568206787
9868,Normal,0.9602654576301575
9869,Normal,0.9591505527496338
9870,Normal,0.9601114392280579
9871,Normal,0.9589946269989014
9872,Normal,0.9597736597061157
9873,Normal,0.9608013033866882
9874,Normal,0.9607990980148315
9875,Normal,0.9631844162940979
9876,Normal,0.9613132476806641
9877,Normal,0.9599356651306152
9878,Normal,0.9613122940063477
9879,Normal,0.960716962814331
9880,Normal,0.9611989259719849
9881,Normal,0.9597733616828918
9882,Normal,0.9614983797073364
9883,Normal,0.9614860415458679
9884,Normal,0.9606606364250183
9885,Normal,0.9609457850456238
9886,Normal,0.9607186317443848
9887,Normal,0.9609103202819824
9888,Normal,0.9612674713134766
9889,Normal,0.9605488777160645
9890,Normal,0.9590859413146973
9891,Normal,0.9602571725845337
9892,Normal,0.9589823484420776
9893,Normal,0.9595354199409485
9894,Normal,0.9611347317695618
9895,Normal,0.9616655111312866
9896,Normal,0.9617942571640015
9897,Normal,0.9606660604476929
9898,Normal,0.9620161652565002
9899,Normal,0.960246205329895
9900,Normal,0.9606584310531616
9901,Normal,0.9598140716552734
9902,Normal,0.9610662460327148
9903,Normal,0.9600087404251099
9904,Normal,0.9591822624206543
9905,Normal,0.9603298306465149
9906,Normal,0.9608837962150574
9907,Normal,0.9607382416725159
9908,Normal,0.9613059163093567
9909,Normal,0.9605827927589417
9910,Normal,0.9590970277786255
9911,Normal,0.9602870941162109
9912,Normal,0.958972692489624
9913,Normal,0.959276556968689
9914,Normal,0.960722804069519
9915,Normal,0.961571216583252
9916,Normal,0.9619121551513672
9917,Normal,0.9598073959350586
9918,Normal,0.961243212223053
9919,Normal,0.9610346555709839
9920,Normal,0.9603256583213806
9921,Normal,0.9593295454978943
9922,Normal,0.9614533185958862
9923,Normal,0.9604216814041138
9924,Normal,0.9608100652694702
9925,Normal,0.9607374668121338
9926,Normal,0.9612709879875183
9927,Normal,0.9596826434135437
9928,Normal,0.9601682424545288
9929,Normal,0.959162175655365
9930,Normal,0.9597445726394653
9931,Normal,0.9587841629981995
9932,Normal,0.9602258801460266
9933,Normal,0.9610124230384827
9934,Normal,0.9643738865852356
9935,Normal,0.9610537886619568
9936,Normal,0.9619174599647522
9937,Normal,0.9602606892585754
9938,Normal,0.9616015553474426
9939,Normal,0.9609665870666504
9940,Normal,0.961624026298523
9941,Normal,0.9601497054100037
9942,Normal,0.9589676856994629
9943,Normal,0.9605380892753601
9944,Normal,0.9609707593917847
9945,Normal,0.9607900381088257
9946,Normal,0.9611682891845703
9947,Normal,0.9603597521781921
9948,Normal,0.9591208100318909
9949,Normal,0.9599742293357849
9950,Normal,0.9589500427246094
9951,Normal,0.9596896767616272
9952,Normal,0.9611216187477112
9953,Normal,0.9616572260856628
9954,Normal,0.96319180727005
9955,Normal,0.9608936309814453
9956,Normal,0.960882306098938
9957,Normal,0.9615033268928528
9958,Normal,0.961157500743866
9959,Normal,0.9599085450172424
9960,Normal,0.9595292806625366
9961,Normal,0.9602989554405212
9962,Normal,0.9607535004615784
9963,Normal,0.9607324004173279
9964,Normal,0.9612970948219299
9965,Normal,0.9607465863227844
9966,Normal,0.9591577053070068
9967,Normal,0.9600814580917358
9968,Normal,0.958808183670044
9969,Normal,0.958989679813385
